
 /----------------------------------------------------------------------------\
 |  yosys -- Yosys Open SYnthesis Suite                                       |
 |  Copyright (C) 2012 - 2026  Claire Xenia Wolf <claire@yosyshq.com>         |
 |  Distributed under an ISC-like license, type "license" to see terms        |
 \----------------------------------------------------------------------------/
 Yosys 0.68+post (git sha1 c12172fbae8af5e20f6fb52e3d4e92d56ed587b6, Release, AppleClang clang++ 21.0.0.21000101)

-- Running command `
  read_verilog -sv src/tick_core.sv src/tt_um_larsnitschke_tick.sv
  hierarchy -check -top tt_um_larsnitschke_tick
  proc; opt; fsm; opt; memory; opt
  techmap; opt
  abc
  opt_clean
  stat
  write_verilog -noattr synth/tick_yosys.v
' --

1. Executing Verilog-2005 frontend: src/tick_core.sv
Parsing SystemVerilog input from `src/tick_core.sv' to AST representation.
Generating RTLIL representation for module `\tick_core'.
Warning: Replacing memory \rxfifo with list of registers. See src/tick_core.sv:335
Warning: Replacing memory \txfifo with list of registers. See src/tick_core.sv:113
Warning: Replacing memory \rf with list of registers. See src/tick_core.sv:99
Warning: Replacing memory \imem with list of registers. See src/tick_core.sv:98
Successfully finished Verilog frontend.

2. Executing Verilog-2005 frontend: src/tt_um_larsnitschke_tick.sv
Parsing SystemVerilog input from `src/tt_um_larsnitschke_tick.sv' to AST representation.
Generating RTLIL representation for module `\tt_um_larsnitschke_tick'.
Successfully finished Verilog frontend.

3. Executing HIERARCHY pass (managing design hierarchy).

3.1. Analyzing design hierarchy..
Top module:  \tt_um_larsnitschke_tick
Used module:     \tick_core

3.2. Analyzing design hierarchy..
Top module:  \tt_um_larsnitschke_tick
Used module:     \tick_core
Removed 0 unused modules.

4. Executing PROC pass (convert processes to netlists).

4.1. Executing PROC_CLEAN pass (remove empty switches from decision trees).
Cleaned up 0 empty switches.

4.2. Executing PROC_RMDEAD pass (remove dead branches from decision trees).
Marked 1 switch rules as full_case in process $proc$src/tt_um_larsnitschke_tick.sv:61$520 in module tt_um_larsnitschke_tick.
Removed 1 dead cases from process $proc$src/tick_core.sv:80$509 in module tick_core.
Marked 1 switch rules as full_case in process $proc$src/tick_core.sv:80$509 in module tick_core.
Removed 16 dead cases from process $proc$src/tick_core.sv:85$46 in module tick_core.
Marked 68 switch rules as full_case in process $proc$src/tick_core.sv:85$46 in module tick_core.
Removed a total of 17 dead cases.

4.3. Executing PROC_PRUNE pass (remove redundant assignments in processes).
Removed 4 redundant assignments.
Promoted 76 assignments to connections.

4.4. Executing PROC_INIT pass (extract init attributes).

4.5. Executing PROC_ARST pass (detect async resets in processes).
Found async reset \rst_n in `\tt_um_larsnitschke_tick.$proc$src/tt_um_larsnitschke_tick.sv:61$520'.
Found async reset \rst_n in `\tick_core.$proc$src/tick_core.sv:85$46'.

4.6. Executing PROC_ROM pass (convert switches to ROMs).
Converted 0 switches.
<suppressed ~85 debug messages>

4.7. Executing PROC_MUX pass (convert decision trees to multiplexers).
Creating decoders for process `\tt_um_larsnitschke_tick.$proc$src/tt_um_larsnitschke_tick.sv:61$520'.
     1/7: $0\host_word[9:0] [9:8]
     2/7: $0\host_word[9:0] [7:0]
     3/7: $0\load_word[15:0] [7:0]
     4/7: $0\prev_wr[0:0]
     5/7: $0\load_word[15:0] [15:8]
     6/7: $0\prev_imem[0:0]
     7/7: $0\load_addr[5:0]
Creating decoders for process `\tick_core.$proc$src/tick_core.sv:80$509'.
     1/1: $1$mem2reg_rd$\imem$src/tick_core.sv:80$5_DATA[15:0]$511
Creating decoders for process `\tick_core.$proc$src/tick_core.sv:85$46'.
     1/517: $12\main.issued[0:0]
     2/517: $6$mem2reg_wr$\rf$src/tick_core.sv:346$33_DATA[7:0]$506
     3/517: $6$mem2reg_wr$\rf$src/tick_core.sv:346$33_ADDR[1:0]$505
     4/517: $5$mem2reg_wr$\rf$src/tick_core.sv:346$33_DATA[7:0]$503
     5/517: $5$mem2reg_wr$\rf$src/tick_core.sv:346$33_ADDR[1:0]$502
     6/517: $11\main.issued[0:0]
     7/517: $6$mem2reg_rd$\rf$src/tick_core.sv:335$32_DATA[7:0]$499
     8/517: $10\main.issued[0:0]
     9/517: $5$mem2reg_wr$\rxfifo$src/tick_core.sv:335$31_ADDR[2:0]$495
    10/517: $5$mem2reg_wr$\rxfifo$src/tick_core.sv:335$31_DATA[9:0]$496
    11/517: $5$mem2reg_rd$\rf$src/tick_core.sv:335$32_DATA[7:0]$498
    12/517: $5$mem2reg_rd$\rf$src/tick_core.sv:335$32_ADDR[1:0]$497
    13/517: $8\main.stalled[0:0]
    14/517: $6$mem2reg_rd$\txfifo$src/tick_core.sv:327$30_DATA[9:0]$491
    15/517: $6$mem2reg_rd$\txfifo$src/tick_core.sv:326$29_DATA[9:0]$490
    16/517: $6$mem2reg_rd$\txfifo$src/tick_core.sv:324$27_DATA[9:0]$489
    17/517: $9\main.issued[0:0]
    18/517: $6$mem2reg_wr$\rf$src/tick_core.sv:313$26_ADDR[1:0]$487
    19/517: $6$mem2reg_wr$\rf$src/tick_core.sv:313$26_DATA[7:0]$488
    20/517: $5$mem2reg_wr$\rf$src/tick_core.sv:313$26_DATA[7:0]$478
    21/517: $5$mem2reg_wr$\rf$src/tick_core.sv:313$26_ADDR[1:0]$477
    22/517: $8\main.issued[0:0]
    23/517: $5$mem2reg_rd$\txfifo$src/tick_core.sv:327$30_DATA[9:0]$486
    24/517: $5$mem2reg_rd$\txfifo$src/tick_core.sv:327$30_ADDR[2:0]$485
    25/517: $5$mem2reg_rd$\txfifo$src/tick_core.sv:326$29_DATA[9:0]$484
    26/517: $5$mem2reg_rd$\txfifo$src/tick_core.sv:326$29_ADDR[2:0]$483
    27/517: $5$mem2reg_wr$\rf$src/tick_core.sv:325$28_DATA[7:0]$482
    28/517: $5$mem2reg_wr$\rf$src/tick_core.sv:325$28_ADDR[1:0]$481
    29/517: $5$mem2reg_rd$\txfifo$src/tick_core.sv:324$27_DATA[9:0]$480
    30/517: $5$mem2reg_rd$\txfifo$src/tick_core.sv:324$27_ADDR[2:0]$479
    31/517: $8\main.tmp[7:0]
    32/517: $7$mem2reg_rd$\rf$src/tick_core.sv:304$25_DATA[7:0]$476
    33/517: $7$mem2reg_rd$\rf$src/tick_core.sv:298$24_DATA[7:0]$475
    34/517: $13$lookahead\a_res$44[15:0]$474
    35/517: $6$mem2reg_rd$\rf$src/tick_core.sv:298$24_DATA[7:0]$471
    36/517: $6$mem2reg_rd$\rf$src/tick_core.sv:298$24_ADDR[1:0]$470
    37/517: $6$mem2reg_rd$\rf$src/tick_core.sv:304$25_DATA[7:0]$473
    38/517: $6$mem2reg_rd$\rf$src/tick_core.sv:304$25_ADDR[1:0]$472
    39/517: $7\main.stalled[0:0]
    40/517: $12$lookahead\a_res$44[15:0]$467
    41/517: $5$mem2reg_rd$\rf$src/tick_core.sv:304$25_DATA[7:0]$466
    42/517: $5$mem2reg_rd$\rf$src/tick_core.sv:304$25_ADDR[1:0]$465
    43/517: $5$mem2reg_rd$\rf$src/tick_core.sv:298$24_DATA[7:0]$464
    44/517: $5$mem2reg_rd$\rf$src/tick_core.sv:298$24_ADDR[1:0]$463
    45/517: $7\main.issued[0:0]
    46/517: $6$mem2reg_rd$\rf$src/tick_core.sv:280$22_DATA[7:0]$461
    47/517: $6$mem2reg_rd$\rf$src/tick_core.sv:279$21_DATA[7:0]$460
    48/517: $6$mem2reg_rd$\rf$src/tick_core.sv:273$19_DATA[7:0]$457
    49/517: $6$mem2reg_rd$\rf$src/tick_core.sv:273$18_DATA[7:0]$456
    50/517: $6$mem2reg_rd$\rf$src/tick_core.sv:270$17_DATA[7:0]$454
    51/517: $6$mem2reg_rd$\rf$src/tick_core.sv:269$16_DATA[7:0]$453
    52/517: $5$mem2reg_rd$\rf$src/tick_core.sv:270$17_DATA[7:0]$440
    53/517: $5$mem2reg_rd$\rf$src/tick_core.sv:270$17_ADDR[1:0]$439
    54/517: $5$mem2reg_wr$\rf$src/tick_core.sv:269$15_ADDR[1:0]$435
    55/517: $5$mem2reg_wr$\rf$src/tick_core.sv:269$15_DATA[7:0]$436
    56/517: $5$mem2reg_rd$\rf$src/tick_core.sv:269$16_DATA[7:0]$438
    57/517: $5$mem2reg_rd$\rf$src/tick_core.sv:269$16_ADDR[1:0]$437
    58/517: $5$mem2reg_wr$\rf$src/tick_core.sv:281$23_DATA[7:0]$452
    59/517: $5$mem2reg_wr$\rf$src/tick_core.sv:281$23_ADDR[1:0]$451
    60/517: $5$mem2reg_rd$\rf$src/tick_core.sv:280$22_DATA[7:0]$450
    61/517: $5$mem2reg_rd$\rf$src/tick_core.sv:280$22_ADDR[1:0]$449
    62/517: $5$mem2reg_rd$\rf$src/tick_core.sv:279$21_DATA[7:0]$448
    63/517: $5$mem2reg_rd$\rf$src/tick_core.sv:279$21_ADDR[1:0]$447
    64/517: $5$mem2reg_wr$\rf$src/tick_core.sv:274$20_DATA[7:0]$446
    65/517: $5$mem2reg_wr$\rf$src/tick_core.sv:274$20_ADDR[1:0]$445
    66/517: $5$mem2reg_rd$\rf$src/tick_core.sv:273$19_DATA[7:0]$444
    67/517: $5$mem2reg_rd$\rf$src/tick_core.sv:273$19_ADDR[1:0]$443
    68/517: $5$mem2reg_rd$\rf$src/tick_core.sv:273$18_DATA[7:0]$442
    69/517: $5$mem2reg_rd$\rf$src/tick_core.sv:273$18_ADDR[1:0]$441
    70/517: $5\main.sum[8:0]
    71/517: $7\main.tmp[7:0]
    72/517: $5\main.next_pc[5:0]
    73/517: $10\main.take[0:0]
    74/517: $6\main.stalled[0:0]
    75/517: $6\main.issued[0:0]
    76/517: $5\main.stalled[0:0]
    77/517: $5\main.issued[0:0]
    78/517: $4\main.stalled[0:0]
    79/517: $4\main.issued[0:0]
    80/517: $11$lookahead\a_res$44[15:0]$426
    81/517: $4$mem2reg_wr$\rf$src/tick_core.sv:346$33_DATA[7:0]$425
    82/517: $4$mem2reg_wr$\rf$src/tick_core.sv:346$33_ADDR[1:0]$424
    83/517: $4$mem2reg_rd$\rf$src/tick_core.sv:335$32_DATA[7:0]$423
    84/517: $4$mem2reg_rd$\rf$src/tick_core.sv:335$32_ADDR[1:0]$422
    85/517: $4$mem2reg_wr$\rxfifo$src/tick_core.sv:335$31_DATA[9:0]$421
    86/517: $4$mem2reg_wr$\rxfifo$src/tick_core.sv:335$31_ADDR[2:0]$420
    87/517: $4$mem2reg_rd$\txfifo$src/tick_core.sv:327$30_DATA[9:0]$419
    88/517: $4$mem2reg_rd$\txfifo$src/tick_core.sv:327$30_ADDR[2:0]$418
    89/517: $4$mem2reg_rd$\txfifo$src/tick_core.sv:326$29_DATA[9:0]$417
    90/517: $4$mem2reg_rd$\txfifo$src/tick_core.sv:326$29_ADDR[2:0]$416
    91/517: $4$mem2reg_wr$\rf$src/tick_core.sv:325$28_DATA[7:0]$415
    92/517: $4$mem2reg_wr$\rf$src/tick_core.sv:325$28_ADDR[1:0]$414
    93/517: $4$mem2reg_rd$\txfifo$src/tick_core.sv:324$27_DATA[9:0]$413
    94/517: $4$mem2reg_rd$\txfifo$src/tick_core.sv:324$27_ADDR[2:0]$412
    95/517: $4$mem2reg_wr$\rf$src/tick_core.sv:313$26_DATA[7:0]$411
    96/517: $4$mem2reg_wr$\rf$src/tick_core.sv:313$26_ADDR[1:0]$410
    97/517: $4$mem2reg_rd$\rf$src/tick_core.sv:304$25_DATA[7:0]$409
    98/517: $4$mem2reg_rd$\rf$src/tick_core.sv:304$25_ADDR[1:0]$408
    99/517: $4$mem2reg_rd$\rf$src/tick_core.sv:298$24_DATA[7:0]$407
   100/517: $4$mem2reg_rd$\rf$src/tick_core.sv:298$24_ADDR[1:0]$406
   101/517: $4$mem2reg_wr$\rf$src/tick_core.sv:281$23_DATA[7:0]$405
   102/517: $4$mem2reg_wr$\rf$src/tick_core.sv:281$23_ADDR[1:0]$404
   103/517: $4$mem2reg_rd$\rf$src/tick_core.sv:280$22_DATA[7:0]$403
   104/517: $4$mem2reg_rd$\rf$src/tick_core.sv:280$22_ADDR[1:0]$402
   105/517: $4$mem2reg_rd$\rf$src/tick_core.sv:279$21_DATA[7:0]$401
   106/517: $4$mem2reg_rd$\rf$src/tick_core.sv:279$21_ADDR[1:0]$400
   107/517: $4$mem2reg_wr$\rf$src/tick_core.sv:274$20_DATA[7:0]$399
   108/517: $4$mem2reg_wr$\rf$src/tick_core.sv:274$20_ADDR[1:0]$398
   109/517: $4$mem2reg_rd$\rf$src/tick_core.sv:273$19_DATA[7:0]$397
   110/517: $4$mem2reg_rd$\rf$src/tick_core.sv:273$19_ADDR[1:0]$396
   111/517: $4$mem2reg_rd$\rf$src/tick_core.sv:273$18_DATA[7:0]$395
   112/517: $4$mem2reg_rd$\rf$src/tick_core.sv:273$18_ADDR[1:0]$394
   113/517: $4$mem2reg_rd$\rf$src/tick_core.sv:270$17_DATA[7:0]$393
   114/517: $4$mem2reg_rd$\rf$src/tick_core.sv:270$17_ADDR[1:0]$392
   115/517: $4$mem2reg_rd$\rf$src/tick_core.sv:269$16_DATA[7:0]$391
   116/517: $4$mem2reg_rd$\rf$src/tick_core.sv:269$16_ADDR[1:0]$390
   117/517: $4$mem2reg_wr$\rf$src/tick_core.sv:269$15_DATA[7:0]$389
   118/517: $4$mem2reg_wr$\rf$src/tick_core.sv:269$15_ADDR[1:0]$388
   119/517: $4$mem2reg_wr$\rf$src/tick_core.sv:262$14_DATA[7:0]$387
   120/517: $4$mem2reg_wr$\rf$src/tick_core.sv:262$14_ADDR[1:0]$386
   121/517: $4\main.next_pc[5:0]
   122/517: $9\main.take[0:0]
   123/517: $4\main.sum[8:0]
   124/517: $6\main.tmp[7:0]
   125/517: $10$lookahead\a_res$44[15:0]$385
   126/517: $3$mem2reg_wr$\rf$src/tick_core.sv:346$33_DATA[7:0]$384
   127/517: $3$mem2reg_wr$\rf$src/tick_core.sv:346$33_ADDR[1:0]$383
   128/517: $3$mem2reg_rd$\rf$src/tick_core.sv:335$32_DATA[7:0]$382
   129/517: $3$mem2reg_rd$\rf$src/tick_core.sv:335$32_ADDR[1:0]$381
   130/517: $3$mem2reg_wr$\rxfifo$src/tick_core.sv:335$31_DATA[9:0]$380
   131/517: $3$mem2reg_wr$\rxfifo$src/tick_core.sv:335$31_ADDR[2:0]$379
   132/517: $3$mem2reg_rd$\txfifo$src/tick_core.sv:327$30_DATA[9:0]$378
   133/517: $3$mem2reg_rd$\txfifo$src/tick_core.sv:327$30_ADDR[2:0]$377
   134/517: $3$mem2reg_rd$\txfifo$src/tick_core.sv:326$29_DATA[9:0]$376
   135/517: $3$mem2reg_rd$\txfifo$src/tick_core.sv:326$29_ADDR[2:0]$375
   136/517: $3$mem2reg_wr$\rf$src/tick_core.sv:325$28_DATA[7:0]$374
   137/517: $3$mem2reg_wr$\rf$src/tick_core.sv:325$28_ADDR[1:0]$373
   138/517: $3$mem2reg_rd$\txfifo$src/tick_core.sv:324$27_DATA[9:0]$372
   139/517: $3$mem2reg_rd$\txfifo$src/tick_core.sv:324$27_ADDR[2:0]$371
   140/517: $3$mem2reg_wr$\rf$src/tick_core.sv:313$26_DATA[7:0]$370
   141/517: $3$mem2reg_wr$\rf$src/tick_core.sv:313$26_ADDR[1:0]$369
   142/517: $3$mem2reg_rd$\rf$src/tick_core.sv:304$25_DATA[7:0]$368
   143/517: $3$mem2reg_rd$\rf$src/tick_core.sv:304$25_ADDR[1:0]$367
   144/517: $3$mem2reg_rd$\rf$src/tick_core.sv:298$24_DATA[7:0]$366
   145/517: $3$mem2reg_rd$\rf$src/tick_core.sv:298$24_ADDR[1:0]$365
   146/517: $3$mem2reg_wr$\rf$src/tick_core.sv:281$23_DATA[7:0]$364
   147/517: $3$mem2reg_wr$\rf$src/tick_core.sv:281$23_ADDR[1:0]$363
   148/517: $3$mem2reg_rd$\rf$src/tick_core.sv:280$22_DATA[7:0]$362
   149/517: $3$mem2reg_rd$\rf$src/tick_core.sv:280$22_ADDR[1:0]$361
   150/517: $3$mem2reg_rd$\rf$src/tick_core.sv:279$21_DATA[7:0]$360
   151/517: $3$mem2reg_rd$\rf$src/tick_core.sv:279$21_ADDR[1:0]$359
   152/517: $3$mem2reg_wr$\rf$src/tick_core.sv:274$20_DATA[7:0]$358
   153/517: $3$mem2reg_wr$\rf$src/tick_core.sv:274$20_ADDR[1:0]$357
   154/517: $3$mem2reg_rd$\rf$src/tick_core.sv:273$19_DATA[7:0]$356
   155/517: $3$mem2reg_rd$\rf$src/tick_core.sv:273$19_ADDR[1:0]$355
   156/517: $3$mem2reg_rd$\rf$src/tick_core.sv:273$18_DATA[7:0]$354
   157/517: $3$mem2reg_rd$\rf$src/tick_core.sv:273$18_ADDR[1:0]$353
   158/517: $3$mem2reg_rd$\rf$src/tick_core.sv:270$17_DATA[7:0]$352
   159/517: $3$mem2reg_rd$\rf$src/tick_core.sv:270$17_ADDR[1:0]$351
   160/517: $3$mem2reg_rd$\rf$src/tick_core.sv:269$16_DATA[7:0]$350
   161/517: $3$mem2reg_rd$\rf$src/tick_core.sv:269$16_ADDR[1:0]$349
   162/517: $3$mem2reg_wr$\rf$src/tick_core.sv:269$15_DATA[7:0]$348
   163/517: $3$mem2reg_wr$\rf$src/tick_core.sv:269$15_ADDR[1:0]$347
   164/517: $3$mem2reg_wr$\rf$src/tick_core.sv:262$14_DATA[7:0]$346
   165/517: $3$mem2reg_wr$\rf$src/tick_core.sv:262$14_ADDR[1:0]$345
   166/517: $3\main.stalled[0:0]
   167/517: $3\main.next_pc[5:0]
   168/517: $3\main.issued[0:0]
   169/517: $8\main.take[0:0]
   170/517: $3\main.sum[8:0]
   171/517: $5\main.tmp[7:0]
   172/517: $7\main.take[0:0]
   173/517: $6\main.take[0:0]
   174/517: $5$mem2reg_wr$\rf$src/tick_core.sv:190$13_ADDR[1:0]$329
   175/517: $5$mem2reg_wr$\rf$src/tick_core.sv:190$13_DATA[7:0]$330
   176/517: $5\main.take[0:0]
   177/517: $5$mem2reg_rd$\txfifo$src/tick_core.sv:184$12_DATA[9:0]$325
   178/517: $5$mem2reg_rd$\txfifo$src/tick_core.sv:183$11_DATA[9:0]$324
   179/517: $5$mem2reg_rd$\txfifo$src/tick_core.sv:181$9_DATA[9:0]$323
   180/517: $4$mem2reg_rd$\txfifo$src/tick_core.sv:184$12_DATA[9:0]$320
   181/517: $4$mem2reg_rd$\txfifo$src/tick_core.sv:184$12_ADDR[2:0]$319
   182/517: $4$mem2reg_rd$\txfifo$src/tick_core.sv:183$11_DATA[9:0]$318
   183/517: $4$mem2reg_rd$\txfifo$src/tick_core.sv:183$11_ADDR[2:0]$317
   184/517: $4$mem2reg_wr$\rf$src/tick_core.sv:182$10_ADDR[1:0]$315
   185/517: $4$mem2reg_wr$\rf$src/tick_core.sv:182$10_DATA[7:0]$316
   186/517: $4\main.tmp[7:0]
   187/517: $4$mem2reg_rd$\txfifo$src/tick_core.sv:181$9_DATA[9:0]$314
   188/517: $4$mem2reg_rd$\txfifo$src/tick_core.sv:181$9_ADDR[2:0]$313
   189/517: $4$mem2reg_wr$\rf$src/tick_core.sv:190$13_DATA[7:0]$322
   190/517: $4$mem2reg_wr$\rf$src/tick_core.sv:190$13_ADDR[1:0]$321
   191/517: $4\main.take[0:0]
   192/517: $3$mem2reg_wr$\rf$src/tick_core.sv:190$13_DATA[7:0]$310
   193/517: $3$mem2reg_wr$\rf$src/tick_core.sv:190$13_ADDR[1:0]$309
   194/517: $3$mem2reg_rd$\txfifo$src/tick_core.sv:184$12_DATA[9:0]$308
   195/517: $3$mem2reg_rd$\txfifo$src/tick_core.sv:184$12_ADDR[2:0]$307
   196/517: $3$mem2reg_rd$\txfifo$src/tick_core.sv:183$11_DATA[9:0]$306
   197/517: $3$mem2reg_rd$\txfifo$src/tick_core.sv:183$11_ADDR[2:0]$305
   198/517: $3$mem2reg_wr$\rf$src/tick_core.sv:182$10_DATA[7:0]$304
   199/517: $3$mem2reg_wr$\rf$src/tick_core.sv:182$10_ADDR[1:0]$303
   200/517: $3$mem2reg_rd$\txfifo$src/tick_core.sv:181$9_DATA[9:0]$302
   201/517: $3$mem2reg_rd$\txfifo$src/tick_core.sv:181$9_ADDR[2:0]$301
   202/517: $3\main.take[0:0]
   203/517: $3\main.tmp[7:0]
   204/517: $9$lookahead\result$45[15:0]$292
   205/517: $9$bitselwrite$pos$src/tick_core.sv:167$4[3:0]$291
   206/517: $8$lookahead\result$45[15:0]$290
   207/517: $8$bitselwrite$pos$src/tick_core.sv:167$4[3:0]$289
   208/517: $9$lookahead\a_res$44[15:0]$286
   209/517: $7$lookahead\result$45[15:0]$287
   210/517: $7$bitselwrite$pos$src/tick_core.sv:167$4[3:0]$285
   211/517: $8$lookahead\a_res$44[15:0]$276
   212/517: $8$bitselwrite$pos$src/tick_core.sv:160$3[3:0]$275
   213/517: $7$lookahead\a_res$44[15:0]$274
   214/517: $7$bitselwrite$pos$src/tick_core.sv:160$3[3:0]$273
   215/517: $6$lookahead\result$45[15:0]$261
   216/517: $6$lookahead\a_res$44[15:0]$260
   217/517: $6$bitselwrite$pos$src/tick_core.sv:167$4[3:0]$259
   218/517: $6$bitselwrite$pos$src/tick_core.sv:160$3[3:0]$258
   219/517: $6\main.outb[0:0]
   220/517: $6\main.sh[3:0]
   221/517: $6\main.rem[3:0]
   222/517: $5$lookahead\a_res$44[15:0]$255
   223/517: $5$lookahead\result$45[15:0]$256
   224/517: $5$bitselwrite$pos$src/tick_core.sv:167$4[3:0]$254
   225/517: $5$bitselwrite$pos$src/tick_core.sv:160$3[3:0]$253
   226/517: $5\main.outb[0:0]
   227/517: $5\main.sh[3:0]
   228/517: $5\main.rem[3:0]
   229/517: $4$lookahead\result$45[15:0]$251
   230/517: $4$lookahead\a_res$44[15:0]$250
   231/517: $4$bitselwrite$pos$src/tick_core.sv:167$4[3:0]$249
   232/517: $4$bitselwrite$pos$src/tick_core.sv:160$3[3:0]$248
   233/517: $4\main.outb[0:0]
   234/517: $4\main.sh[3:0]
   235/517: $4\main.rem[3:0]
   236/517: $3$lookahead\result$45[15:0]$246
   237/517: $3$lookahead\a_res$44[15:0]$245
   238/517: $3$bitselwrite$pos$src/tick_core.sv:167$4[3:0]$244
   239/517: $3$bitselwrite$pos$src/tick_core.sv:160$3[3:0]$243
   240/517: $3\main.outb[0:0]
   241/517: $3\main.sh[3:0]
   242/517: $3\main.rem[3:0]
   243/517: $6\main.do_tick[0:0]
   244/517: $5\main.do_tick[0:0]
   245/517: $4\main.do_tick[0:0]
   246/517: $3\main.do_tick[0:0]
   247/517: $2$lookahead\a_res$44[15:0]$231
   248/517: $2$mem2reg_wr$\rf$src/tick_core.sv:346$33_DATA[7:0]$230
   249/517: $2$mem2reg_wr$\rf$src/tick_core.sv:346$33_ADDR[1:0]$229
   250/517: $2$mem2reg_rd$\rf$src/tick_core.sv:335$32_DATA[7:0]$228
   251/517: $2$mem2reg_rd$\rf$src/tick_core.sv:335$32_ADDR[1:0]$227
   252/517: $2$mem2reg_wr$\rxfifo$src/tick_core.sv:335$31_DATA[9:0]$226
   253/517: $2$mem2reg_wr$\rxfifo$src/tick_core.sv:335$31_ADDR[2:0]$225
   254/517: $2$mem2reg_rd$\txfifo$src/tick_core.sv:327$30_DATA[9:0]$224
   255/517: $2$mem2reg_rd$\txfifo$src/tick_core.sv:327$30_ADDR[2:0]$223
   256/517: $2$mem2reg_rd$\txfifo$src/tick_core.sv:326$29_DATA[9:0]$222
   257/517: $2$mem2reg_rd$\txfifo$src/tick_core.sv:326$29_ADDR[2:0]$221
   258/517: $2$mem2reg_wr$\rf$src/tick_core.sv:325$28_DATA[7:0]$220
   259/517: $2$mem2reg_wr$\rf$src/tick_core.sv:325$28_ADDR[1:0]$219
   260/517: $2$mem2reg_rd$\txfifo$src/tick_core.sv:324$27_DATA[9:0]$218
   261/517: $2$mem2reg_rd$\txfifo$src/tick_core.sv:324$27_ADDR[2:0]$217
   262/517: $2$mem2reg_wr$\rf$src/tick_core.sv:313$26_DATA[7:0]$216
   263/517: $2$mem2reg_wr$\rf$src/tick_core.sv:313$26_ADDR[1:0]$215
   264/517: $2$mem2reg_rd$\rf$src/tick_core.sv:304$25_DATA[7:0]$214
   265/517: $2$mem2reg_rd$\rf$src/tick_core.sv:304$25_ADDR[1:0]$213
   266/517: $2$mem2reg_rd$\rf$src/tick_core.sv:298$24_DATA[7:0]$212
   267/517: $2$mem2reg_rd$\rf$src/tick_core.sv:298$24_ADDR[1:0]$211
   268/517: $2$mem2reg_wr$\rf$src/tick_core.sv:281$23_DATA[7:0]$210
   269/517: $2$mem2reg_wr$\rf$src/tick_core.sv:281$23_ADDR[1:0]$209
   270/517: $2$mem2reg_rd$\rf$src/tick_core.sv:280$22_DATA[7:0]$208
   271/517: $2$mem2reg_rd$\rf$src/tick_core.sv:280$22_ADDR[1:0]$207
   272/517: $2$mem2reg_rd$\rf$src/tick_core.sv:279$21_DATA[7:0]$206
   273/517: $2$mem2reg_rd$\rf$src/tick_core.sv:279$21_ADDR[1:0]$205
   274/517: $2$mem2reg_wr$\rf$src/tick_core.sv:274$20_DATA[7:0]$204
   275/517: $2$mem2reg_wr$\rf$src/tick_core.sv:274$20_ADDR[1:0]$203
   276/517: $2$mem2reg_rd$\rf$src/tick_core.sv:273$19_DATA[7:0]$202
   277/517: $2$mem2reg_rd$\rf$src/tick_core.sv:273$19_ADDR[1:0]$201
   278/517: $2$mem2reg_rd$\rf$src/tick_core.sv:273$18_DATA[7:0]$200
   279/517: $2$mem2reg_rd$\rf$src/tick_core.sv:273$18_ADDR[1:0]$199
   280/517: $2$mem2reg_rd$\rf$src/tick_core.sv:270$17_DATA[7:0]$198
   281/517: $2$mem2reg_rd$\rf$src/tick_core.sv:270$17_ADDR[1:0]$197
   282/517: $2$mem2reg_rd$\rf$src/tick_core.sv:269$16_DATA[7:0]$196
   283/517: $2$mem2reg_rd$\rf$src/tick_core.sv:269$16_ADDR[1:0]$195
   284/517: $2$mem2reg_wr$\rf$src/tick_core.sv:269$15_DATA[7:0]$194
   285/517: $2$mem2reg_wr$\rf$src/tick_core.sv:269$15_ADDR[1:0]$193
   286/517: $2$mem2reg_wr$\rf$src/tick_core.sv:262$14_DATA[7:0]$192
   287/517: $2$mem2reg_wr$\rf$src/tick_core.sv:262$14_ADDR[1:0]$191
   288/517: $2\main.stalled[0:0]
   289/517: $2\main.next_pc[5:0]
   290/517: $2\main.issued[0:0]
   291/517: $2\main.take[0:0]
   292/517: $2\main.sum[8:0]
   293/517: $2\main.tmp[7:0]
   294/517: $2$mem2reg_wr$\rf$src/tick_core.sv:190$13_DATA[7:0]$190
   295/517: $2$mem2reg_wr$\rf$src/tick_core.sv:190$13_ADDR[1:0]$189
   296/517: $2$mem2reg_rd$\txfifo$src/tick_core.sv:184$12_DATA[9:0]$188
   297/517: $2$mem2reg_rd$\txfifo$src/tick_core.sv:184$12_ADDR[2:0]$187
   298/517: $2$mem2reg_rd$\txfifo$src/tick_core.sv:183$11_DATA[9:0]$186
   299/517: $2$mem2reg_rd$\txfifo$src/tick_core.sv:183$11_ADDR[2:0]$185
   300/517: $2$mem2reg_wr$\rf$src/tick_core.sv:182$10_DATA[7:0]$184
   301/517: $2$mem2reg_wr$\rf$src/tick_core.sv:182$10_ADDR[1:0]$183
   302/517: $2$mem2reg_rd$\txfifo$src/tick_core.sv:181$9_DATA[9:0]$182
   303/517: $2$mem2reg_rd$\txfifo$src/tick_core.sv:181$9_ADDR[2:0]$181
   304/517: $2$lookahead\result$45[15:0]$232
   305/517: $2$bitselwrite$pos$src/tick_core.sv:167$4[3:0]$180
   306/517: $2$bitselwrite$pos$src/tick_core.sv:160$3[3:0]$179
   307/517: $2\main.outb[0:0]
   308/517: $2\main.sh[3:0]
   309/517: $2\main.rem[3:0]
   310/517: $2\a_kind_before[1:0]
   311/517: $2\main.had_timed[0:0]
   312/517: $2\main.do_tick[0:0]
   313/517: $2$mem2reg_rd$\rxfifo$src/tick_core.sv:117$8_DATA[9:0]$178
   314/517: $2$mem2reg_wr$\txfifo$src/tick_core.sv:113$7_ADDR[2:0]$172
   315/517: $2$mem2reg_wr$\txfifo$src/tick_core.sv:113$7_DATA[9:0]$173
   316/517: $2$mem2reg_wr$\imem$src/tick_core.sv:111$6_ADDR[5:0]$168
   317/517: $2$mem2reg_wr$\imem$src/tick_core.sv:111$6_DATA[15:0]$169
   318/517: $1$lookahead\result$45[15:0]$167
   319/517: $1$lookahead\a_res$44[15:0]$166
   320/517: $1$mem2reg_wr$\rf$src/tick_core.sv:346$33_DATA[7:0]$165
   321/517: $1$mem2reg_wr$\rf$src/tick_core.sv:346$33_ADDR[1:0]$164
   322/517: $1$mem2reg_rd$\rf$src/tick_core.sv:335$32_DATA[7:0]$163
   323/517: $1$mem2reg_rd$\rf$src/tick_core.sv:335$32_ADDR[1:0]$162
   324/517: $1$mem2reg_wr$\rxfifo$src/tick_core.sv:335$31_DATA[9:0]$161
   325/517: $1$mem2reg_wr$\rxfifo$src/tick_core.sv:335$31_ADDR[2:0]$160
   326/517: $1$mem2reg_rd$\txfifo$src/tick_core.sv:327$30_DATA[9:0]$159
   327/517: $1$mem2reg_rd$\txfifo$src/tick_core.sv:327$30_ADDR[2:0]$158
   328/517: $1$mem2reg_rd$\txfifo$src/tick_core.sv:326$29_DATA[9:0]$157
   329/517: $1$mem2reg_rd$\txfifo$src/tick_core.sv:326$29_ADDR[2:0]$156
   330/517: $1$mem2reg_wr$\rf$src/tick_core.sv:325$28_DATA[7:0]$155
   331/517: $1$mem2reg_wr$\rf$src/tick_core.sv:325$28_ADDR[1:0]$154
   332/517: $1$mem2reg_rd$\txfifo$src/tick_core.sv:324$27_DATA[9:0]$153
   333/517: $1$mem2reg_rd$\txfifo$src/tick_core.sv:324$27_ADDR[2:0]$152
   334/517: $1$mem2reg_wr$\rf$src/tick_core.sv:313$26_DATA[7:0]$151
   335/517: $1$mem2reg_wr$\rf$src/tick_core.sv:313$26_ADDR[1:0]$150
   336/517: $1$mem2reg_rd$\rf$src/tick_core.sv:304$25_DATA[7:0]$149
   337/517: $1$mem2reg_rd$\rf$src/tick_core.sv:304$25_ADDR[1:0]$148
   338/517: $1$mem2reg_rd$\rf$src/tick_core.sv:298$24_DATA[7:0]$147
   339/517: $1$mem2reg_rd$\rf$src/tick_core.sv:298$24_ADDR[1:0]$146
   340/517: $1$mem2reg_wr$\rf$src/tick_core.sv:281$23_DATA[7:0]$145
   341/517: $1$mem2reg_wr$\rf$src/tick_core.sv:281$23_ADDR[1:0]$144
   342/517: $1$mem2reg_rd$\rf$src/tick_core.sv:280$22_DATA[7:0]$143
   343/517: $1$mem2reg_rd$\rf$src/tick_core.sv:280$22_ADDR[1:0]$142
   344/517: $1$mem2reg_rd$\rf$src/tick_core.sv:279$21_DATA[7:0]$141
   345/517: $1$mem2reg_rd$\rf$src/tick_core.sv:279$21_ADDR[1:0]$140
   346/517: $1$mem2reg_wr$\rf$src/tick_core.sv:274$20_DATA[7:0]$139
   347/517: $1$mem2reg_wr$\rf$src/tick_core.sv:274$20_ADDR[1:0]$138
   348/517: $1$mem2reg_rd$\rf$src/tick_core.sv:273$19_DATA[7:0]$137
   349/517: $1$mem2reg_rd$\rf$src/tick_core.sv:273$19_ADDR[1:0]$136
   350/517: $1$mem2reg_rd$\rf$src/tick_core.sv:273$18_DATA[7:0]$135
   351/517: $1$mem2reg_rd$\rf$src/tick_core.sv:273$18_ADDR[1:0]$134
   352/517: $1$mem2reg_rd$\rf$src/tick_core.sv:270$17_DATA[7:0]$133
   353/517: $1$mem2reg_rd$\rf$src/tick_core.sv:270$17_ADDR[1:0]$132
   354/517: $1$mem2reg_rd$\rf$src/tick_core.sv:269$16_DATA[7:0]$131
   355/517: $1$mem2reg_rd$\rf$src/tick_core.sv:269$16_ADDR[1:0]$130
   356/517: $1$mem2reg_wr$\rf$src/tick_core.sv:269$15_DATA[7:0]$129
   357/517: $1$mem2reg_wr$\rf$src/tick_core.sv:269$15_ADDR[1:0]$128
   358/517: $1$mem2reg_wr$\rf$src/tick_core.sv:262$14_DATA[7:0]$127
   359/517: $1$mem2reg_wr$\rf$src/tick_core.sv:262$14_ADDR[1:0]$126
   360/517: $1$mem2reg_wr$\rf$src/tick_core.sv:190$13_DATA[7:0]$125
   361/517: $1$mem2reg_wr$\rf$src/tick_core.sv:190$13_ADDR[1:0]$124
   362/517: $1$mem2reg_rd$\txfifo$src/tick_core.sv:184$12_DATA[9:0]$123
   363/517: $1$mem2reg_rd$\txfifo$src/tick_core.sv:184$12_ADDR[2:0]$122
   364/517: $1$mem2reg_rd$\txfifo$src/tick_core.sv:183$11_DATA[9:0]$121
   365/517: $1$mem2reg_rd$\txfifo$src/tick_core.sv:183$11_ADDR[2:0]$120
   366/517: $1$mem2reg_wr$\rf$src/tick_core.sv:182$10_DATA[7:0]$119
   367/517: $1$mem2reg_wr$\rf$src/tick_core.sv:182$10_ADDR[1:0]$118
   368/517: $1$mem2reg_rd$\txfifo$src/tick_core.sv:181$9_DATA[9:0]$117
   369/517: $1$mem2reg_rd$\txfifo$src/tick_core.sv:181$9_ADDR[2:0]$116
   370/517: $1$bitselwrite$pos$src/tick_core.sv:167$4[3:0]$109
   371/517: $1$bitselwrite$pos$src/tick_core.sv:160$3[3:0]$108
   372/517: $1\main.had_timed[0:0]
   373/517: $1\main.stalled[0:0]
   374/517: $1\main.next_pc[5:0]
   375/517: $1\main.issued[0:0]
   376/517: $1\main.take[0:0]
   377/517: $1\main.sum[8:0]
   378/517: $1\main.tmp[7:0]
   379/517: $1\main.outb[0:0]
   380/517: $1\main.sh[3:0]
   381/517: $1\main.rem[3:0]
   382/517: $1\main.do_tick[0:0]
   383/517: $1\a_kind_before[1:0]
   384/517: $0\host_rdata[9:0]
   385/517: $1$mem2reg_rd$\rxfifo$src/tick_core.sv:117$8_DATA[9:0]$115
   386/517: $1$mem2reg_rd$\rxfifo$src/tick_core.sv:117$8_ADDR[2:0]$114
   387/517: $1$mem2reg_wr$\txfifo$src/tick_core.sv:113$7_DATA[9:0]$113
   388/517: $1$mem2reg_wr$\txfifo$src/tick_core.sv:113$7_ADDR[2:0]$112
   389/517: $1$mem2reg_wr$\imem$src/tick_core.sv:111$6_DATA[15:0]$111
   390/517: $1$mem2reg_wr$\imem$src/tick_core.sv:111$6_ADDR[5:0]$110
   391/517: $0\tick[0:0]
   392/517: $1\ii[31:0]
   393/517: $0\rxfifo[7][9:0]
   394/517: $0\rxfifo[6][9:0]
   395/517: $0\rxfifo[5][9:0]
   396/517: $0\rxfifo[4][9:0]
   397/517: $0\rxfifo[3][9:0]
   398/517: $0\rxfifo[2][9:0]
   399/517: $0\rxfifo[1][9:0]
   400/517: $0\rxfifo[0][9:0]
   401/517: $0\txfifo[7][9:0]
   402/517: $0\txfifo[6][9:0]
   403/517: $0\txfifo[5][9:0]
   404/517: $0\txfifo[4][9:0]
   405/517: $0\txfifo[3][9:0]
   406/517: $0\txfifo[2][9:0]
   407/517: $0\txfifo[1][9:0]
   408/517: $0\txfifo[0][9:0]
   409/517: $0\rf[3][7:0]
   410/517: $0\rf[2][7:0]
   411/517: $0\rf[1][7:0]
   412/517: $0\rf[0][7:0]
   413/517: $0\imem[63][15:0]
   414/517: $0\imem[62][15:0]
   415/517: $0\imem[61][15:0]
   416/517: $0\imem[60][15:0]
   417/517: $0\imem[59][15:0]
   418/517: $0\imem[58][15:0]
   419/517: $0\imem[57][15:0]
   420/517: $0\imem[56][15:0]
   421/517: $0\imem[55][15:0]
   422/517: $0\imem[54][15:0]
   423/517: $0\imem[53][15:0]
   424/517: $0\imem[52][15:0]
   425/517: $0\imem[51][15:0]
   426/517: $0\imem[50][15:0]
   427/517: $0\imem[49][15:0]
   428/517: $0\imem[48][15:0]
   429/517: $0\imem[47][15:0]
   430/517: $0\imem[46][15:0]
   431/517: $0\imem[45][15:0]
   432/517: $0\imem[44][15:0]
   433/517: $0\imem[43][15:0]
   434/517: $0\imem[42][15:0]
   435/517: $0\imem[41][15:0]
   436/517: $0\imem[40][15:0]
   437/517: $0\imem[39][15:0]
   438/517: $0\imem[38][15:0]
   439/517: $0\imem[37][15:0]
   440/517: $0\imem[36][15:0]
   441/517: $0\imem[35][15:0]
   442/517: $0\imem[34][15:0]
   443/517: $0\imem[33][15:0]
   444/517: $0\imem[32][15:0]
   445/517: $0\imem[31][15:0]
   446/517: $0\imem[30][15:0]
   447/517: $0\imem[29][15:0]
   448/517: $0\imem[28][15:0]
   449/517: $0\imem[27][15:0]
   450/517: $0\imem[26][15:0]
   451/517: $0\imem[25][15:0]
   452/517: $0\imem[24][15:0]
   453/517: $0\imem[23][15:0]
   454/517: $0\imem[22][15:0]
   455/517: $0\imem[21][15:0]
   456/517: $0\imem[20][15:0]
   457/517: $0\imem[19][15:0]
   458/517: $0\imem[18][15:0]
   459/517: $0\imem[17][15:0]
   460/517: $0\imem[16][15:0]
   461/517: $0\imem[15][15:0]
   462/517: $0\imem[14][15:0]
   463/517: $0\imem[13][15:0]
   464/517: $0\imem[12][15:0]
   465/517: $0\imem[11][15:0]
   466/517: $0\imem[10][15:0]
   467/517: $0\imem[9][15:0]
   468/517: $0\imem[8][15:0]
   469/517: $0\imem[7][15:0]
   470/517: $0\imem[6][15:0]
   471/517: $0\imem[5][15:0]
   472/517: $0\imem[4][15:0]
   473/517: $0\imem[3][15:0]
   474/517: $0\imem[2][15:0]
   475/517: $0\imem[1][15:0]
   476/517: $0\imem[0][15:0]
   477/517: $0\res_valid[0:0]
   478/517: $0\p_msb[0:0]
   479/517: $0\a_msb[0:0]
   480/517: $0\a_done[3:0]
   481/517: $0\p_data[7:0]
   482/517: $0\a_data[7:0]
   483/517: $0\p_nm1[3:0]
   484/517: $0\a_nm1[3:0]
   485/517: $0\p_mode[1:0]
   486/517: $0\a_mode[1:0]
   487/517: $0\p_val[3:0]
   488/517: $0\a_val[3:0]
   489/517: $0\p_mask[3:0]
   490/517: $0\a_mask[3:0]
   491/517: $0\p_oe[0:0]
   492/517: $0\a_oe[0:0]
   493/517: $0\p_kind[1:0]
   494/517: $0\a_kind[1:0]
   495/517: $0\time_cnt[15:0]
   496/517: $0\phase_left[15:0]
   497/517: $0\accum[19:0]
   498/517: $0\timer_run[0:0]
   499/517: $0\mfs_rd[1:0]
   500/517: $0\mfs_block[0:0]
   501/517: $0\pull_rd[1:0]
   502/517: $0\pull_block[0:0]
   503/517: $0\wait_tc[1:0]
   504/517: $0\wait_mask[4:0]
   505/517: $0\waiting[0:0]
   506/517: $0\miss[0:0]
   507/517: $0\cmd_f[0:0]
   508/517: $0\last_f[0:0]
   509/517: $0\pc[5:0]
   510/517: $0\rx_r[2:0]
   511/517: $0\rx_w[2:0]
   512/517: $0\tx_r[2:0]
   513/517: $0\tx_w[2:0]
   514/517: $0\pin0_oe[0:0]
   515/517: $0\pin0_out[0:0]
   516/517: $0\z[0:0]
   517/517: $0\c[0:0]

4.8. Executing PROC_DLATCH pass (convert process syncs to latches).
No latch inferred for signal `\tick_core.$mem2reg_rd$\imem$src/tick_core.sv:80$5_DATA' from process `\tick_core.$proc$src/tick_core.sv:80$509'.

4.9. Executing PROC_DFF pass (convert process syncs to FFs).
Creating register for signal `\tt_um_larsnitschke_tick.\load_addr' using process `\tt_um_larsnitschke_tick.$proc$src/tt_um_larsnitschke_tick.sv:61$520'.
  created $adff cell `$procdff$7830' with positive edge clock and positive level reset.
Creating register for signal `\tt_um_larsnitschke_tick.\load_word' using process `\tt_um_larsnitschke_tick.$proc$src/tt_um_larsnitschke_tick.sv:61$520'.
  created $adff cell `$procdff$7835' with positive edge clock and positive level reset.
Creating register for signal `\tt_um_larsnitschke_tick.\host_word' using process `\tt_um_larsnitschke_tick.$proc$src/tt_um_larsnitschke_tick.sv:61$520'.
  created $adff cell `$procdff$7840' with positive edge clock and positive level reset.
Creating register for signal `\tt_um_larsnitschke_tick.\prev_wr' using process `\tt_um_larsnitschke_tick.$proc$src/tt_um_larsnitschke_tick.sv:61$520'.
  created $adff cell `$procdff$7845' with positive edge clock and positive level reset.
Creating register for signal `\tt_um_larsnitschke_tick.\prev_imem' using process `\tt_um_larsnitschke_tick.$proc$src/tt_um_larsnitschke_tick.sv:61$520'.
  created $adff cell `$procdff$7850' with positive edge clock and positive level reset.
Creating register for signal `\tick_core.\c' using process `\tick_core.$proc$src/tick_core.sv:85$46'.
  created $adff cell `$procdff$7855' with positive edge clock and positive level reset.
Creating register for signal `\tick_core.\z' using process `\tick_core.$proc$src/tick_core.sv:85$46'.
  created $adff cell `$procdff$7860' with positive edge clock and positive level reset.
Creating register for signal `\tick_core.\host_rdata' using process `\tick_core.$proc$src/tick_core.sv:85$46'.
  created $adff cell `$procdff$7865' with positive edge clock and positive level reset.
Creating register for signal `\tick_core.\pin0_out' using process `\tick_core.$proc$src/tick_core.sv:85$46'.
  created $adff cell `$procdff$7870' with positive edge clock and positive level reset.
Creating register for signal `\tick_core.\pin0_oe' using process `\tick_core.$proc$src/tick_core.sv:85$46'.
  created $adff cell `$procdff$7875' with positive edge clock and positive level reset.
Creating register for signal `\tick_core.\ii' using process `\tick_core.$proc$src/tick_core.sv:85$46'.
  created $adff cell `$procdff$7880' with positive edge clock and positive level reset.
Creating register for signal `\tick_core.\tx_w' using process `\tick_core.$proc$src/tick_core.sv:85$46'.
  created $adff cell `$procdff$7885' with positive edge clock and positive level reset.
Creating register for signal `\tick_core.\tx_r' using process `\tick_core.$proc$src/tick_core.sv:85$46'.
  created $adff cell `$procdff$7890' with positive edge clock and positive level reset.
Creating register for signal `\tick_core.\rx_w' using process `\tick_core.$proc$src/tick_core.sv:85$46'.
  created $adff cell `$procdff$7895' with positive edge clock and positive level reset.
Creating register for signal `\tick_core.\rx_r' using process `\tick_core.$proc$src/tick_core.sv:85$46'.
  created $adff cell `$procdff$7900' with positive edge clock and positive level reset.
Creating register for signal `\tick_core.\pc' using process `\tick_core.$proc$src/tick_core.sv:85$46'.
  created $adff cell `$procdff$7905' with positive edge clock and positive level reset.
Creating register for signal `\tick_core.\last_f' using process `\tick_core.$proc$src/tick_core.sv:85$46'.
  created $adff cell `$procdff$7910' with positive edge clock and positive level reset.
Creating register for signal `\tick_core.\cmd_f' using process `\tick_core.$proc$src/tick_core.sv:85$46'.
  created $adff cell `$procdff$7915' with positive edge clock and positive level reset.
Creating register for signal `\tick_core.\miss' using process `\tick_core.$proc$src/tick_core.sv:85$46'.
  created $adff cell `$procdff$7920' with positive edge clock and positive level reset.
Creating register for signal `\tick_core.\waiting' using process `\tick_core.$proc$src/tick_core.sv:85$46'.
  created $adff cell `$procdff$7925' with positive edge clock and positive level reset.
Creating register for signal `\tick_core.\wait_mask' using process `\tick_core.$proc$src/tick_core.sv:85$46'.
  created $adff cell `$procdff$7930' with positive edge clock and positive level reset.
Creating register for signal `\tick_core.\wait_tc' using process `\tick_core.$proc$src/tick_core.sv:85$46'.
  created $adff cell `$procdff$7935' with positive edge clock and positive level reset.
Creating register for signal `\tick_core.\pull_block' using process `\tick_core.$proc$src/tick_core.sv:85$46'.
  created $adff cell `$procdff$7940' with positive edge clock and positive level reset.
Creating register for signal `\tick_core.\pull_rd' using process `\tick_core.$proc$src/tick_core.sv:85$46'.
  created $dff cell `$procdff$7947' with positive edge clock.
Creating register for signal `\tick_core.\mfs_block' using process `\tick_core.$proc$src/tick_core.sv:85$46'.
  created $adff cell `$procdff$7952' with positive edge clock and positive level reset.
Creating register for signal `\tick_core.\mfs_rd' using process `\tick_core.$proc$src/tick_core.sv:85$46'.
  created $dff cell `$procdff$7959' with positive edge clock.
Creating register for signal `\tick_core.\timer_run' using process `\tick_core.$proc$src/tick_core.sv:85$46'.
  created $adff cell `$procdff$7964' with positive edge clock and positive level reset.
Creating register for signal `\tick_core.\accum' using process `\tick_core.$proc$src/tick_core.sv:85$46'.
  created $adff cell `$procdff$7969' with positive edge clock and positive level reset.
Creating register for signal `\tick_core.\phase_left' using process `\tick_core.$proc$src/tick_core.sv:85$46'.
  created $adff cell `$procdff$7974' with positive edge clock and positive level reset.
Creating register for signal `\tick_core.\time_cnt' using process `\tick_core.$proc$src/tick_core.sv:85$46'.
  created $adff cell `$procdff$7979' with positive edge clock and positive level reset.
Creating register for signal `\tick_core.\tick' using process `\tick_core.$proc$src/tick_core.sv:85$46'.
  created $adff cell `$procdff$7984' with positive edge clock and positive level reset.
Creating register for signal `\tick_core.\a_kind' using process `\tick_core.$proc$src/tick_core.sv:85$46'.
  created $adff cell `$procdff$7989' with positive edge clock and positive level reset.
Creating register for signal `\tick_core.\p_kind' using process `\tick_core.$proc$src/tick_core.sv:85$46'.
  created $adff cell `$procdff$7994' with positive edge clock and positive level reset.
Creating register for signal `\tick_core.\a_oe' using process `\tick_core.$proc$src/tick_core.sv:85$46'.
  created $dff cell `$procdff$8001' with positive edge clock.
Creating register for signal `\tick_core.\p_oe' using process `\tick_core.$proc$src/tick_core.sv:85$46'.
  created $dff cell `$procdff$8008' with positive edge clock.
Creating register for signal `\tick_core.\a_mask' using process `\tick_core.$proc$src/tick_core.sv:85$46'.
  created $dff cell `$procdff$8015' with positive edge clock.
Creating register for signal `\tick_core.\p_mask' using process `\tick_core.$proc$src/tick_core.sv:85$46'.
  created $dff cell `$procdff$8022' with positive edge clock.
Creating register for signal `\tick_core.\a_val' using process `\tick_core.$proc$src/tick_core.sv:85$46'.
  created $dff cell `$procdff$8029' with positive edge clock.
Creating register for signal `\tick_core.\p_val' using process `\tick_core.$proc$src/tick_core.sv:85$46'.
  created $dff cell `$procdff$8036' with positive edge clock.
Creating register for signal `\tick_core.\a_mode' using process `\tick_core.$proc$src/tick_core.sv:85$46'.
  created $dff cell `$procdff$8043' with positive edge clock.
Creating register for signal `\tick_core.\p_mode' using process `\tick_core.$proc$src/tick_core.sv:85$46'.
  created $dff cell `$procdff$8050' with positive edge clock.
Creating register for signal `\tick_core.\a_nm1' using process `\tick_core.$proc$src/tick_core.sv:85$46'.
  created $dff cell `$procdff$8057' with positive edge clock.
Creating register for signal `\tick_core.\p_nm1' using process `\tick_core.$proc$src/tick_core.sv:85$46'.
  created $dff cell `$procdff$8064' with positive edge clock.
Creating register for signal `\tick_core.\a_data' using process `\tick_core.$proc$src/tick_core.sv:85$46'.
  created $dff cell `$procdff$8071' with positive edge clock.
Creating register for signal `\tick_core.\p_data' using process `\tick_core.$proc$src/tick_core.sv:85$46'.
  created $dff cell `$procdff$8078' with positive edge clock.
Creating register for signal `\tick_core.\a_done' using process `\tick_core.$proc$src/tick_core.sv:85$46'.
  created $dff cell `$procdff$8085' with positive edge clock.
Creating register for signal `\tick_core.\a_res' using process `\tick_core.$proc$src/tick_core.sv:85$46'.
  created $dff cell `$procdff$8092' with positive edge clock.
Creating register for signal `\tick_core.\a_msb' using process `\tick_core.$proc$src/tick_core.sv:85$46'.
  created $dff cell `$procdff$8099' with positive edge clock.
Creating register for signal `\tick_core.\p_msb' using process `\tick_core.$proc$src/tick_core.sv:85$46'.
  created $dff cell `$procdff$8106' with positive edge clock.
Creating register for signal `\tick_core.\res_valid' using process `\tick_core.$proc$src/tick_core.sv:85$46'.
  created $adff cell `$procdff$8111' with positive edge clock and positive level reset.
Creating register for signal `\tick_core.\result' using process `\tick_core.$proc$src/tick_core.sv:85$46'.
  created $adff cell `$procdff$8116' with positive edge clock and positive level reset.
Creating register for signal `\tick_core.\a_kind_before' using process `\tick_core.$proc$src/tick_core.sv:85$46'.
  created $dff cell `$procdff$8123' with positive edge clock.
Creating register for signal `\tick_core.\main.do_tick' using process `\tick_core.$proc$src/tick_core.sv:85$46'.
  created $dff cell `$procdff$8130' with positive edge clock.
Creating register for signal `\tick_core.\main.rem' using process `\tick_core.$proc$src/tick_core.sv:85$46'.
  created $dff cell `$procdff$8137' with positive edge clock.
Creating register for signal `\tick_core.\main.sh' using process `\tick_core.$proc$src/tick_core.sv:85$46'.
  created $dff cell `$procdff$8144' with positive edge clock.
Creating register for signal `\tick_core.\main.outb' using process `\tick_core.$proc$src/tick_core.sv:85$46'.
  created $dff cell `$procdff$8151' with positive edge clock.
Creating register for signal `\tick_core.\main.tmp' using process `\tick_core.$proc$src/tick_core.sv:85$46'.
  created $dff cell `$procdff$8158' with positive edge clock.
Creating register for signal `\tick_core.\main.sum' using process `\tick_core.$proc$src/tick_core.sv:85$46'.
  created $dff cell `$procdff$8165' with positive edge clock.
Creating register for signal `\tick_core.\main.take' using process `\tick_core.$proc$src/tick_core.sv:85$46'.
  created $dff cell `$procdff$8172' with positive edge clock.
Creating register for signal `\tick_core.\main.issued' using process `\tick_core.$proc$src/tick_core.sv:85$46'.
  created $dff cell `$procdff$8179' with positive edge clock.
Creating register for signal `\tick_core.\main.next_pc' using process `\tick_core.$proc$src/tick_core.sv:85$46'.
  created $dff cell `$procdff$8186' with positive edge clock.
Creating register for signal `\tick_core.\main.stalled' using process `\tick_core.$proc$src/tick_core.sv:85$46'.
  created $dff cell `$procdff$8193' with positive edge clock.
Creating register for signal `\tick_core.\main.had_timed' using process `\tick_core.$proc$src/tick_core.sv:85$46'.
  created $dff cell `$procdff$8200' with positive edge clock.
Creating register for signal `\tick_core.$bitselwrite$pos$src/tick_core.sv:160$3' using process `\tick_core.$proc$src/tick_core.sv:85$46'.
  created $adff cell `$procdff$8205' with positive edge clock and positive level reset.
Creating register for signal `\tick_core.$bitselwrite$pos$src/tick_core.sv:167$4' using process `\tick_core.$proc$src/tick_core.sv:85$46'.
  created $adff cell `$procdff$8210' with positive edge clock and positive level reset.
Creating register for signal `\tick_core.\imem[0]' using process `\tick_core.$proc$src/tick_core.sv:85$46'.
  created $adff cell `$procdff$8215' with positive edge clock and positive level reset.
Creating register for signal `\tick_core.\imem[1]' using process `\tick_core.$proc$src/tick_core.sv:85$46'.
  created $adff cell `$procdff$8220' with positive edge clock and positive level reset.
Creating register for signal `\tick_core.\imem[2]' using process `\tick_core.$proc$src/tick_core.sv:85$46'.
  created $adff cell `$procdff$8225' with positive edge clock and positive level reset.
Creating register for signal `\tick_core.\imem[3]' using process `\tick_core.$proc$src/tick_core.sv:85$46'.
  created $adff cell `$procdff$8230' with positive edge clock and positive level reset.
Creating register for signal `\tick_core.\imem[4]' using process `\tick_core.$proc$src/tick_core.sv:85$46'.
  created $adff cell `$procdff$8235' with positive edge clock and positive level reset.
Creating register for signal `\tick_core.\imem[5]' using process `\tick_core.$proc$src/tick_core.sv:85$46'.
  created $adff cell `$procdff$8240' with positive edge clock and positive level reset.
Creating register for signal `\tick_core.\imem[6]' using process `\tick_core.$proc$src/tick_core.sv:85$46'.
  created $adff cell `$procdff$8245' with positive edge clock and positive level reset.
Creating register for signal `\tick_core.\imem[7]' using process `\tick_core.$proc$src/tick_core.sv:85$46'.
  created $adff cell `$procdff$8250' with positive edge clock and positive level reset.
Creating register for signal `\tick_core.\imem[8]' using process `\tick_core.$proc$src/tick_core.sv:85$46'.
  created $adff cell `$procdff$8255' with positive edge clock and positive level reset.
Creating register for signal `\tick_core.\imem[9]' using process `\tick_core.$proc$src/tick_core.sv:85$46'.
  created $adff cell `$procdff$8260' with positive edge clock and positive level reset.
Creating register for signal `\tick_core.\imem[10]' using process `\tick_core.$proc$src/tick_core.sv:85$46'.
  created $adff cell `$procdff$8265' with positive edge clock and positive level reset.
Creating register for signal `\tick_core.\imem[11]' using process `\tick_core.$proc$src/tick_core.sv:85$46'.
  created $adff cell `$procdff$8270' with positive edge clock and positive level reset.
Creating register for signal `\tick_core.\imem[12]' using process `\tick_core.$proc$src/tick_core.sv:85$46'.
  created $adff cell `$procdff$8275' with positive edge clock and positive level reset.
Creating register for signal `\tick_core.\imem[13]' using process `\tick_core.$proc$src/tick_core.sv:85$46'.
  created $adff cell `$procdff$8280' with positive edge clock and positive level reset.
Creating register for signal `\tick_core.\imem[14]' using process `\tick_core.$proc$src/tick_core.sv:85$46'.
  created $adff cell `$procdff$8285' with positive edge clock and positive level reset.
Creating register for signal `\tick_core.\imem[15]' using process `\tick_core.$proc$src/tick_core.sv:85$46'.
  created $adff cell `$procdff$8290' with positive edge clock and positive level reset.
Creating register for signal `\tick_core.\imem[16]' using process `\tick_core.$proc$src/tick_core.sv:85$46'.
  created $adff cell `$procdff$8295' with positive edge clock and positive level reset.
Creating register for signal `\tick_core.\imem[17]' using process `\tick_core.$proc$src/tick_core.sv:85$46'.
  created $adff cell `$procdff$8300' with positive edge clock and positive level reset.
Creating register for signal `\tick_core.\imem[18]' using process `\tick_core.$proc$src/tick_core.sv:85$46'.
  created $adff cell `$procdff$8305' with positive edge clock and positive level reset.
Creating register for signal `\tick_core.\imem[19]' using process `\tick_core.$proc$src/tick_core.sv:85$46'.
  created $adff cell `$procdff$8310' with positive edge clock and positive level reset.
Creating register for signal `\tick_core.\imem[20]' using process `\tick_core.$proc$src/tick_core.sv:85$46'.
  created $adff cell `$procdff$8315' with positive edge clock and positive level reset.
Creating register for signal `\tick_core.\imem[21]' using process `\tick_core.$proc$src/tick_core.sv:85$46'.
  created $adff cell `$procdff$8320' with positive edge clock and positive level reset.
Creating register for signal `\tick_core.\imem[22]' using process `\tick_core.$proc$src/tick_core.sv:85$46'.
  created $adff cell `$procdff$8325' with positive edge clock and positive level reset.
Creating register for signal `\tick_core.\imem[23]' using process `\tick_core.$proc$src/tick_core.sv:85$46'.
  created $adff cell `$procdff$8330' with positive edge clock and positive level reset.
Creating register for signal `\tick_core.\imem[24]' using process `\tick_core.$proc$src/tick_core.sv:85$46'.
  created $adff cell `$procdff$8335' with positive edge clock and positive level reset.
Creating register for signal `\tick_core.\imem[25]' using process `\tick_core.$proc$src/tick_core.sv:85$46'.
  created $adff cell `$procdff$8340' with positive edge clock and positive level reset.
Creating register for signal `\tick_core.\imem[26]' using process `\tick_core.$proc$src/tick_core.sv:85$46'.
  created $adff cell `$procdff$8345' with positive edge clock and positive level reset.
Creating register for signal `\tick_core.\imem[27]' using process `\tick_core.$proc$src/tick_core.sv:85$46'.
  created $adff cell `$procdff$8350' with positive edge clock and positive level reset.
Creating register for signal `\tick_core.\imem[28]' using process `\tick_core.$proc$src/tick_core.sv:85$46'.
  created $adff cell `$procdff$8355' with positive edge clock and positive level reset.
Creating register for signal `\tick_core.\imem[29]' using process `\tick_core.$proc$src/tick_core.sv:85$46'.
  created $adff cell `$procdff$8360' with positive edge clock and positive level reset.
Creating register for signal `\tick_core.\imem[30]' using process `\tick_core.$proc$src/tick_core.sv:85$46'.
  created $adff cell `$procdff$8365' with positive edge clock and positive level reset.
Creating register for signal `\tick_core.\imem[31]' using process `\tick_core.$proc$src/tick_core.sv:85$46'.
  created $adff cell `$procdff$8370' with positive edge clock and positive level reset.
Creating register for signal `\tick_core.\imem[32]' using process `\tick_core.$proc$src/tick_core.sv:85$46'.
  created $adff cell `$procdff$8375' with positive edge clock and positive level reset.
Creating register for signal `\tick_core.\imem[33]' using process `\tick_core.$proc$src/tick_core.sv:85$46'.
  created $adff cell `$procdff$8380' with positive edge clock and positive level reset.
Creating register for signal `\tick_core.\imem[34]' using process `\tick_core.$proc$src/tick_core.sv:85$46'.
  created $adff cell `$procdff$8385' with positive edge clock and positive level reset.
Creating register for signal `\tick_core.\imem[35]' using process `\tick_core.$proc$src/tick_core.sv:85$46'.
  created $adff cell `$procdff$8390' with positive edge clock and positive level reset.
Creating register for signal `\tick_core.\imem[36]' using process `\tick_core.$proc$src/tick_core.sv:85$46'.
  created $adff cell `$procdff$8395' with positive edge clock and positive level reset.
Creating register for signal `\tick_core.\imem[37]' using process `\tick_core.$proc$src/tick_core.sv:85$46'.
  created $adff cell `$procdff$8400' with positive edge clock and positive level reset.
Creating register for signal `\tick_core.\imem[38]' using process `\tick_core.$proc$src/tick_core.sv:85$46'.
  created $adff cell `$procdff$8405' with positive edge clock and positive level reset.
Creating register for signal `\tick_core.\imem[39]' using process `\tick_core.$proc$src/tick_core.sv:85$46'.
  created $adff cell `$procdff$8410' with positive edge clock and positive level reset.
Creating register for signal `\tick_core.\imem[40]' using process `\tick_core.$proc$src/tick_core.sv:85$46'.
  created $adff cell `$procdff$8415' with positive edge clock and positive level reset.
Creating register for signal `\tick_core.\imem[41]' using process `\tick_core.$proc$src/tick_core.sv:85$46'.
  created $adff cell `$procdff$8420' with positive edge clock and positive level reset.
Creating register for signal `\tick_core.\imem[42]' using process `\tick_core.$proc$src/tick_core.sv:85$46'.
  created $adff cell `$procdff$8425' with positive edge clock and positive level reset.
Creating register for signal `\tick_core.\imem[43]' using process `\tick_core.$proc$src/tick_core.sv:85$46'.
  created $adff cell `$procdff$8430' with positive edge clock and positive level reset.
Creating register for signal `\tick_core.\imem[44]' using process `\tick_core.$proc$src/tick_core.sv:85$46'.
  created $adff cell `$procdff$8435' with positive edge clock and positive level reset.
Creating register for signal `\tick_core.\imem[45]' using process `\tick_core.$proc$src/tick_core.sv:85$46'.
  created $adff cell `$procdff$8440' with positive edge clock and positive level reset.
Creating register for signal `\tick_core.\imem[46]' using process `\tick_core.$proc$src/tick_core.sv:85$46'.
  created $adff cell `$procdff$8445' with positive edge clock and positive level reset.
Creating register for signal `\tick_core.\imem[47]' using process `\tick_core.$proc$src/tick_core.sv:85$46'.
  created $adff cell `$procdff$8450' with positive edge clock and positive level reset.
Creating register for signal `\tick_core.\imem[48]' using process `\tick_core.$proc$src/tick_core.sv:85$46'.
  created $adff cell `$procdff$8455' with positive edge clock and positive level reset.
Creating register for signal `\tick_core.\imem[49]' using process `\tick_core.$proc$src/tick_core.sv:85$46'.
  created $adff cell `$procdff$8460' with positive edge clock and positive level reset.
Creating register for signal `\tick_core.\imem[50]' using process `\tick_core.$proc$src/tick_core.sv:85$46'.
  created $adff cell `$procdff$8465' with positive edge clock and positive level reset.
Creating register for signal `\tick_core.\imem[51]' using process `\tick_core.$proc$src/tick_core.sv:85$46'.
  created $adff cell `$procdff$8470' with positive edge clock and positive level reset.
Creating register for signal `\tick_core.\imem[52]' using process `\tick_core.$proc$src/tick_core.sv:85$46'.
  created $adff cell `$procdff$8475' with positive edge clock and positive level reset.
Creating register for signal `\tick_core.\imem[53]' using process `\tick_core.$proc$src/tick_core.sv:85$46'.
  created $adff cell `$procdff$8480' with positive edge clock and positive level reset.
Creating register for signal `\tick_core.\imem[54]' using process `\tick_core.$proc$src/tick_core.sv:85$46'.
  created $adff cell `$procdff$8485' with positive edge clock and positive level reset.
Creating register for signal `\tick_core.\imem[55]' using process `\tick_core.$proc$src/tick_core.sv:85$46'.
  created $adff cell `$procdff$8490' with positive edge clock and positive level reset.
Creating register for signal `\tick_core.\imem[56]' using process `\tick_core.$proc$src/tick_core.sv:85$46'.
  created $adff cell `$procdff$8495' with positive edge clock and positive level reset.
Creating register for signal `\tick_core.\imem[57]' using process `\tick_core.$proc$src/tick_core.sv:85$46'.
  created $adff cell `$procdff$8500' with positive edge clock and positive level reset.
Creating register for signal `\tick_core.\imem[58]' using process `\tick_core.$proc$src/tick_core.sv:85$46'.
  created $adff cell `$procdff$8505' with positive edge clock and positive level reset.
Creating register for signal `\tick_core.\imem[59]' using process `\tick_core.$proc$src/tick_core.sv:85$46'.
  created $adff cell `$procdff$8510' with positive edge clock and positive level reset.
Creating register for signal `\tick_core.\imem[60]' using process `\tick_core.$proc$src/tick_core.sv:85$46'.
  created $adff cell `$procdff$8515' with positive edge clock and positive level reset.
Creating register for signal `\tick_core.\imem[61]' using process `\tick_core.$proc$src/tick_core.sv:85$46'.
  created $adff cell `$procdff$8520' with positive edge clock and positive level reset.
Creating register for signal `\tick_core.\imem[62]' using process `\tick_core.$proc$src/tick_core.sv:85$46'.
  created $adff cell `$procdff$8525' with positive edge clock and positive level reset.
Creating register for signal `\tick_core.\imem[63]' using process `\tick_core.$proc$src/tick_core.sv:85$46'.
  created $adff cell `$procdff$8530' with positive edge clock and positive level reset.
Creating register for signal `\tick_core.\rf[0]' using process `\tick_core.$proc$src/tick_core.sv:85$46'.
  created $adff cell `$procdff$8535' with positive edge clock and positive level reset.
Creating register for signal `\tick_core.\rf[1]' using process `\tick_core.$proc$src/tick_core.sv:85$46'.
  created $adff cell `$procdff$8540' with positive edge clock and positive level reset.
Creating register for signal `\tick_core.\rf[2]' using process `\tick_core.$proc$src/tick_core.sv:85$46'.
  created $adff cell `$procdff$8545' with positive edge clock and positive level reset.
Creating register for signal `\tick_core.\rf[3]' using process `\tick_core.$proc$src/tick_core.sv:85$46'.
  created $adff cell `$procdff$8550' with positive edge clock and positive level reset.
Creating register for signal `\tick_core.\txfifo[0]' using process `\tick_core.$proc$src/tick_core.sv:85$46'.
  created $dff cell `$procdff$8557' with positive edge clock.
Creating register for signal `\tick_core.\txfifo[1]' using process `\tick_core.$proc$src/tick_core.sv:85$46'.
  created $dff cell `$procdff$8564' with positive edge clock.
Creating register for signal `\tick_core.\txfifo[2]' using process `\tick_core.$proc$src/tick_core.sv:85$46'.
  created $dff cell `$procdff$8571' with positive edge clock.
Creating register for signal `\tick_core.\txfifo[3]' using process `\tick_core.$proc$src/tick_core.sv:85$46'.
  created $dff cell `$procdff$8578' with positive edge clock.
Creating register for signal `\tick_core.\txfifo[4]' using process `\tick_core.$proc$src/tick_core.sv:85$46'.
  created $dff cell `$procdff$8585' with positive edge clock.
Creating register for signal `\tick_core.\txfifo[5]' using process `\tick_core.$proc$src/tick_core.sv:85$46'.
  created $dff cell `$procdff$8592' with positive edge clock.
Creating register for signal `\tick_core.\txfifo[6]' using process `\tick_core.$proc$src/tick_core.sv:85$46'.
  created $dff cell `$procdff$8599' with positive edge clock.
Creating register for signal `\tick_core.\txfifo[7]' using process `\tick_core.$proc$src/tick_core.sv:85$46'.
  created $dff cell `$procdff$8606' with positive edge clock.
Creating register for signal `\tick_core.\rxfifo[0]' using process `\tick_core.$proc$src/tick_core.sv:85$46'.
  created $dff cell `$procdff$8613' with positive edge clock.
Creating register for signal `\tick_core.\rxfifo[1]' using process `\tick_core.$proc$src/tick_core.sv:85$46'.
  created $dff cell `$procdff$8620' with positive edge clock.
Creating register for signal `\tick_core.\rxfifo[2]' using process `\tick_core.$proc$src/tick_core.sv:85$46'.
  created $dff cell `$procdff$8627' with positive edge clock.
Creating register for signal `\tick_core.\rxfifo[3]' using process `\tick_core.$proc$src/tick_core.sv:85$46'.
  created $dff cell `$procdff$8634' with positive edge clock.
Creating register for signal `\tick_core.\rxfifo[4]' using process `\tick_core.$proc$src/tick_core.sv:85$46'.
  created $dff cell `$procdff$8641' with positive edge clock.
Creating register for signal `\tick_core.\rxfifo[5]' using process `\tick_core.$proc$src/tick_core.sv:85$46'.
  created $dff cell `$procdff$8648' with positive edge clock.
Creating register for signal `\tick_core.\rxfifo[6]' using process `\tick_core.$proc$src/tick_core.sv:85$46'.
  created $dff cell `$procdff$8655' with positive edge clock.
Creating register for signal `\tick_core.\rxfifo[7]' using process `\tick_core.$proc$src/tick_core.sv:85$46'.
  created $dff cell `$procdff$8662' with positive edge clock.
Creating register for signal `\tick_core.$mem2reg_wr$\imem$src/tick_core.sv:111$6_ADDR' using process `\tick_core.$proc$src/tick_core.sv:85$46'.
  created $adff cell `$procdff$8667' with positive edge clock and positive level reset.
Creating register for signal `\tick_core.$mem2reg_wr$\imem$src/tick_core.sv:111$6_DATA' using process `\tick_core.$proc$src/tick_core.sv:85$46'.
  created $adff cell `$procdff$8672' with positive edge clock and positive level reset.
Creating register for signal `\tick_core.$mem2reg_wr$\txfifo$src/tick_core.sv:113$7_ADDR' using process `\tick_core.$proc$src/tick_core.sv:85$46'.
  created $adff cell `$procdff$8677' with positive edge clock and positive level reset.
Creating register for signal `\tick_core.$mem2reg_wr$\txfifo$src/tick_core.sv:113$7_DATA' using process `\tick_core.$proc$src/tick_core.sv:85$46'.
  created $adff cell `$procdff$8682' with positive edge clock and positive level reset.
Creating register for signal `\tick_core.$mem2reg_rd$\rxfifo$src/tick_core.sv:117$8_ADDR' using process `\tick_core.$proc$src/tick_core.sv:85$46'.
  created $adff cell `$procdff$8687' with positive edge clock and positive level reset.
Creating register for signal `\tick_core.$mem2reg_rd$\rxfifo$src/tick_core.sv:117$8_DATA' using process `\tick_core.$proc$src/tick_core.sv:85$46'.
  created $adff cell `$procdff$8692' with positive edge clock and positive level reset.
Creating register for signal `\tick_core.$mem2reg_rd$\txfifo$src/tick_core.sv:181$9_ADDR' using process `\tick_core.$proc$src/tick_core.sv:85$46'.
  created $adff cell `$procdff$8697' with positive edge clock and positive level reset.
Creating register for signal `\tick_core.$mem2reg_rd$\txfifo$src/tick_core.sv:181$9_DATA' using process `\tick_core.$proc$src/tick_core.sv:85$46'.
  created $adff cell `$procdff$8702' with positive edge clock and positive level reset.
Creating register for signal `\tick_core.$mem2reg_wr$\rf$src/tick_core.sv:182$10_ADDR' using process `\tick_core.$proc$src/tick_core.sv:85$46'.
  created $adff cell `$procdff$8707' with positive edge clock and positive level reset.
Creating register for signal `\tick_core.$mem2reg_wr$\rf$src/tick_core.sv:182$10_DATA' using process `\tick_core.$proc$src/tick_core.sv:85$46'.
  created $adff cell `$procdff$8712' with positive edge clock and positive level reset.
Creating register for signal `\tick_core.$mem2reg_rd$\txfifo$src/tick_core.sv:183$11_ADDR' using process `\tick_core.$proc$src/tick_core.sv:85$46'.
  created $adff cell `$procdff$8717' with positive edge clock and positive level reset.
Creating register for signal `\tick_core.$mem2reg_rd$\txfifo$src/tick_core.sv:183$11_DATA' using process `\tick_core.$proc$src/tick_core.sv:85$46'.
  created $adff cell `$procdff$8722' with positive edge clock and positive level reset.
Creating register for signal `\tick_core.$mem2reg_rd$\txfifo$src/tick_core.sv:184$12_ADDR' using process `\tick_core.$proc$src/tick_core.sv:85$46'.
  created $adff cell `$procdff$8727' with positive edge clock and positive level reset.
Creating register for signal `\tick_core.$mem2reg_rd$\txfifo$src/tick_core.sv:184$12_DATA' using process `\tick_core.$proc$src/tick_core.sv:85$46'.
  created $adff cell `$procdff$8732' with positive edge clock and positive level reset.
Creating register for signal `\tick_core.$mem2reg_wr$\rf$src/tick_core.sv:190$13_ADDR' using process `\tick_core.$proc$src/tick_core.sv:85$46'.
  created $adff cell `$procdff$8737' with positive edge clock and positive level reset.
Creating register for signal `\tick_core.$mem2reg_wr$\rf$src/tick_core.sv:190$13_DATA' using process `\tick_core.$proc$src/tick_core.sv:85$46'.
  created $adff cell `$procdff$8742' with positive edge clock and positive level reset.
Creating register for signal `\tick_core.$mem2reg_wr$\rf$src/tick_core.sv:262$14_ADDR' using process `\tick_core.$proc$src/tick_core.sv:85$46'.
  created $adff cell `$procdff$8747' with positive edge clock and positive level reset.
Creating register for signal `\tick_core.$mem2reg_wr$\rf$src/tick_core.sv:262$14_DATA' using process `\tick_core.$proc$src/tick_core.sv:85$46'.
  created $adff cell `$procdff$8752' with positive edge clock and positive level reset.
Creating register for signal `\tick_core.$mem2reg_wr$\rf$src/tick_core.sv:269$15_ADDR' using process `\tick_core.$proc$src/tick_core.sv:85$46'.
  created $adff cell `$procdff$8757' with positive edge clock and positive level reset.
Creating register for signal `\tick_core.$mem2reg_wr$\rf$src/tick_core.sv:269$15_DATA' using process `\tick_core.$proc$src/tick_core.sv:85$46'.
  created $adff cell `$procdff$8762' with positive edge clock and positive level reset.
Creating register for signal `\tick_core.$mem2reg_rd$\rf$src/tick_core.sv:269$16_ADDR' using process `\tick_core.$proc$src/tick_core.sv:85$46'.
  created $adff cell `$procdff$8767' with positive edge clock and positive level reset.
Creating register for signal `\tick_core.$mem2reg_rd$\rf$src/tick_core.sv:269$16_DATA' using process `\tick_core.$proc$src/tick_core.sv:85$46'.
  created $adff cell `$procdff$8772' with positive edge clock and positive level reset.
Creating register for signal `\tick_core.$mem2reg_rd$\rf$src/tick_core.sv:270$17_ADDR' using process `\tick_core.$proc$src/tick_core.sv:85$46'.
  created $adff cell `$procdff$8777' with positive edge clock and positive level reset.
Creating register for signal `\tick_core.$mem2reg_rd$\rf$src/tick_core.sv:270$17_DATA' using process `\tick_core.$proc$src/tick_core.sv:85$46'.
  created $adff cell `$procdff$8782' with positive edge clock and positive level reset.
Creating register for signal `\tick_core.$mem2reg_rd$\rf$src/tick_core.sv:273$18_ADDR' using process `\tick_core.$proc$src/tick_core.sv:85$46'.
  created $adff cell `$procdff$8787' with positive edge clock and positive level reset.
Creating register for signal `\tick_core.$mem2reg_rd$\rf$src/tick_core.sv:273$18_DATA' using process `\tick_core.$proc$src/tick_core.sv:85$46'.
  created $adff cell `$procdff$8792' with positive edge clock and positive level reset.
Creating register for signal `\tick_core.$mem2reg_rd$\rf$src/tick_core.sv:273$19_ADDR' using process `\tick_core.$proc$src/tick_core.sv:85$46'.
  created $adff cell `$procdff$8797' with positive edge clock and positive level reset.
Creating register for signal `\tick_core.$mem2reg_rd$\rf$src/tick_core.sv:273$19_DATA' using process `\tick_core.$proc$src/tick_core.sv:85$46'.
  created $adff cell `$procdff$8802' with positive edge clock and positive level reset.
Creating register for signal `\tick_core.$mem2reg_wr$\rf$src/tick_core.sv:274$20_ADDR' using process `\tick_core.$proc$src/tick_core.sv:85$46'.
  created $adff cell `$procdff$8807' with positive edge clock and positive level reset.
Creating register for signal `\tick_core.$mem2reg_wr$\rf$src/tick_core.sv:274$20_DATA' using process `\tick_core.$proc$src/tick_core.sv:85$46'.
  created $adff cell `$procdff$8812' with positive edge clock and positive level reset.
Creating register for signal `\tick_core.$mem2reg_rd$\rf$src/tick_core.sv:279$21_ADDR' using process `\tick_core.$proc$src/tick_core.sv:85$46'.
  created $adff cell `$procdff$8817' with positive edge clock and positive level reset.
Creating register for signal `\tick_core.$mem2reg_rd$\rf$src/tick_core.sv:279$21_DATA' using process `\tick_core.$proc$src/tick_core.sv:85$46'.
  created $adff cell `$procdff$8822' with positive edge clock and positive level reset.
Creating register for signal `\tick_core.$mem2reg_rd$\rf$src/tick_core.sv:280$22_ADDR' using process `\tick_core.$proc$src/tick_core.sv:85$46'.
  created $adff cell `$procdff$8827' with positive edge clock and positive level reset.
Creating register for signal `\tick_core.$mem2reg_rd$\rf$src/tick_core.sv:280$22_DATA' using process `\tick_core.$proc$src/tick_core.sv:85$46'.
  created $adff cell `$procdff$8832' with positive edge clock and positive level reset.
Creating register for signal `\tick_core.$mem2reg_wr$\rf$src/tick_core.sv:281$23_ADDR' using process `\tick_core.$proc$src/tick_core.sv:85$46'.
  created $adff cell `$procdff$8837' with positive edge clock and positive level reset.
Creating register for signal `\tick_core.$mem2reg_wr$\rf$src/tick_core.sv:281$23_DATA' using process `\tick_core.$proc$src/tick_core.sv:85$46'.
  created $adff cell `$procdff$8842' with positive edge clock and positive level reset.
Creating register for signal `\tick_core.$mem2reg_rd$\rf$src/tick_core.sv:298$24_ADDR' using process `\tick_core.$proc$src/tick_core.sv:85$46'.
  created $adff cell `$procdff$8847' with positive edge clock and positive level reset.
Creating register for signal `\tick_core.$mem2reg_rd$\rf$src/tick_core.sv:298$24_DATA' using process `\tick_core.$proc$src/tick_core.sv:85$46'.
  created $adff cell `$procdff$8852' with positive edge clock and positive level reset.
Creating register for signal `\tick_core.$mem2reg_rd$\rf$src/tick_core.sv:304$25_ADDR' using process `\tick_core.$proc$src/tick_core.sv:85$46'.
  created $adff cell `$procdff$8857' with positive edge clock and positive level reset.
Creating register for signal `\tick_core.$mem2reg_rd$\rf$src/tick_core.sv:304$25_DATA' using process `\tick_core.$proc$src/tick_core.sv:85$46'.
  created $adff cell `$procdff$8862' with positive edge clock and positive level reset.
Creating register for signal `\tick_core.$mem2reg_wr$\rf$src/tick_core.sv:313$26_ADDR' using process `\tick_core.$proc$src/tick_core.sv:85$46'.
  created $adff cell `$procdff$8867' with positive edge clock and positive level reset.
Creating register for signal `\tick_core.$mem2reg_wr$\rf$src/tick_core.sv:313$26_DATA' using process `\tick_core.$proc$src/tick_core.sv:85$46'.
  created $adff cell `$procdff$8872' with positive edge clock and positive level reset.
Creating register for signal `\tick_core.$mem2reg_rd$\txfifo$src/tick_core.sv:324$27_ADDR' using process `\tick_core.$proc$src/tick_core.sv:85$46'.
  created $adff cell `$procdff$8877' with positive edge clock and positive level reset.
Creating register for signal `\tick_core.$mem2reg_rd$\txfifo$src/tick_core.sv:324$27_DATA' using process `\tick_core.$proc$src/tick_core.sv:85$46'.
  created $adff cell `$procdff$8882' with positive edge clock and positive level reset.
Creating register for signal `\tick_core.$mem2reg_wr$\rf$src/tick_core.sv:325$28_ADDR' using process `\tick_core.$proc$src/tick_core.sv:85$46'.
  created $adff cell `$procdff$8887' with positive edge clock and positive level reset.
Creating register for signal `\tick_core.$mem2reg_wr$\rf$src/tick_core.sv:325$28_DATA' using process `\tick_core.$proc$src/tick_core.sv:85$46'.
  created $adff cell `$procdff$8892' with positive edge clock and positive level reset.
Creating register for signal `\tick_core.$mem2reg_rd$\txfifo$src/tick_core.sv:326$29_ADDR' using process `\tick_core.$proc$src/tick_core.sv:85$46'.
  created $adff cell `$procdff$8897' with positive edge clock and positive level reset.
Creating register for signal `\tick_core.$mem2reg_rd$\txfifo$src/tick_core.sv:326$29_DATA' using process `\tick_core.$proc$src/tick_core.sv:85$46'.
  created $adff cell `$procdff$8902' with positive edge clock and positive level reset.
Creating register for signal `\tick_core.$mem2reg_rd$\txfifo$src/tick_core.sv:327$30_ADDR' using process `\tick_core.$proc$src/tick_core.sv:85$46'.
  created $adff cell `$procdff$8907' with positive edge clock and positive level reset.
Creating register for signal `\tick_core.$mem2reg_rd$\txfifo$src/tick_core.sv:327$30_DATA' using process `\tick_core.$proc$src/tick_core.sv:85$46'.
  created $adff cell `$procdff$8912' with positive edge clock and positive level reset.
Creating register for signal `\tick_core.$mem2reg_wr$\rxfifo$src/tick_core.sv:335$31_ADDR' using process `\tick_core.$proc$src/tick_core.sv:85$46'.
  created $adff cell `$procdff$8917' with positive edge clock and positive level reset.
Creating register for signal `\tick_core.$mem2reg_wr$\rxfifo$src/tick_core.sv:335$31_DATA' using process `\tick_core.$proc$src/tick_core.sv:85$46'.
  created $adff cell `$procdff$8922' with positive edge clock and positive level reset.
Creating register for signal `\tick_core.$mem2reg_rd$\rf$src/tick_core.sv:335$32_ADDR' using process `\tick_core.$proc$src/tick_core.sv:85$46'.
  created $adff cell `$procdff$8927' with positive edge clock and positive level reset.
Creating register for signal `\tick_core.$mem2reg_rd$\rf$src/tick_core.sv:335$32_DATA' using process `\tick_core.$proc$src/tick_core.sv:85$46'.
  created $adff cell `$procdff$8932' with positive edge clock and positive level reset.
Creating register for signal `\tick_core.$mem2reg_wr$\rf$src/tick_core.sv:346$33_ADDR' using process `\tick_core.$proc$src/tick_core.sv:85$46'.
  created $adff cell `$procdff$8937' with positive edge clock and positive level reset.
Creating register for signal `\tick_core.$mem2reg_wr$\rf$src/tick_core.sv:346$33_DATA' using process `\tick_core.$proc$src/tick_core.sv:85$46'.
  created $adff cell `$procdff$8942' with positive edge clock and positive level reset.
Creating register for signal `\tick_core.$lookahead\a_res$44' using process `\tick_core.$proc$src/tick_core.sv:85$46'.
  created $adff cell `$procdff$8947' with positive edge clock and positive level reset.
Creating register for signal `\tick_core.$lookahead\result$45' using process `\tick_core.$proc$src/tick_core.sv:85$46'.
  created $adff cell `$procdff$8952' with positive edge clock and positive level reset.

4.10. Executing PROC_MEMWR pass (convert process memory writes to cells).

4.11. Executing PROC_CLEAN pass (remove empty switches from decision trees).
Found and cleaned up 5 empty switches in `\tt_um_larsnitschke_tick.$proc$src/tt_um_larsnitschke_tick.sv:61$520'.
Removing empty process `tt_um_larsnitschke_tick.$proc$src/tt_um_larsnitschke_tick.sv:61$520'.
Found and cleaned up 1 empty switch in `\tick_core.$proc$src/tick_core.sv:80$509'.
Removing empty process `tick_core.$proc$src/tick_core.sv:80$509'.
Found and cleaned up 79 empty switches in `\tick_core.$proc$src/tick_core.sv:85$46'.
Removing empty process `tick_core.$proc$src/tick_core.sv:85$46'.
Cleaned up 85 empty switches.

4.12. Executing OPT_EXPR pass (perform const folding).
Optimizing module tt_um_larsnitschke_tick.
<suppressed ~11 debug messages>
Optimizing module tick_core.
<suppressed ~741 debug messages>

5. Executing OPT pass (performing simple optimizations).

5.1. Executing OPT_EXPR pass (perform const folding).
Optimizing module tt_um_larsnitschke_tick.
Optimizing module tick_core.

5.2. Executing OPT_MERGE pass (detect identical cells).
Finding identical cells in module `\tt_um_larsnitschke_tick'.
Computing hashes of 40 cells of `\tt_um_larsnitschke_tick'.
Finding duplicate cells in `\tt_um_larsnitschke_tick'.
Computing hashes of 31 cells of `\tt_um_larsnitschke_tick'.
Finding duplicate cells in `\tt_um_larsnitschke_tick'.
<suppressed ~27 debug messages>
Finding identical cells in module `\tick_core'.
Computing hashes of 2603 cells of `\tick_core'.
Finding duplicate cells in `\tick_core'.
Computing hashes of 2003 cells of `\tick_core'.
Finding duplicate cells in `\tick_core'.
Computing hashes of 2001 cells of `\tick_core'.
Finding duplicate cells in `\tick_core'.
Computing hashes of 2000 cells of `\tick_core'.
Finding duplicate cells in `\tick_core'.
Computing hashes of 1999 cells of `\tick_core'.
Finding duplicate cells in `\tick_core'.
Computing hashes of 1998 cells of `\tick_core'.
Finding duplicate cells in `\tick_core'.
<suppressed ~1815 debug messages>
Removed a total of 614 cells.

5.3. Executing OPT_MUXTREE pass (detect dead branches in mux trees).
Running muxtree optimizer on module \tt_um_larsnitschke_tick..
  Creating internal representation of mux trees.
  Evaluating internal representation of mux trees.
  Analyzing evaluation results.
Running muxtree optimizer on module \tick_core..
  Creating internal representation of mux trees.
  Evaluating internal representation of mux trees.
      Replacing known input bits on port A of cell $procmux$7553: \waiting -> 1'0
      Replacing known input bits on port A of cell $procmux$7545: \waiting -> 1'1
  Analyzing evaluation results.
    dead port 1/2 on $mux $procmux$3839.
    dead port 2/2 on $mux $procmux$3839.
    dead port 1/2 on $mux $procmux$3836.
    dead port 2/2 on $mux $procmux$3836.
    dead port 1/2 on $mux $procmux$3833.
    dead port 2/2 on $mux $procmux$3833.
    dead port 1/2 on $mux $procmux$3830.
    dead port 2/2 on $mux $procmux$3830.
    dead port 1/2 on $mux $procmux$3800.
    dead port 2/2 on $mux $procmux$3800.
    dead port 1/2 on $mux $procmux$3797.
    dead port 2/2 on $mux $procmux$3797.
    dead port 1/2 on $mux $procmux$3791.
    dead port 2/2 on $mux $procmux$3791.
    dead port 1/2 on $mux $procmux$3788.
    dead port 2/2 on $mux $procmux$3788.
    dead port 1/2 on $mux $procmux$3785.
    dead port 2/2 on $mux $procmux$3785.
    dead port 1/2 on $mux $procmux$3782.
    dead port 2/2 on $mux $procmux$3782.
    dead port 1/2 on $mux $procmux$3779.
    dead port 2/2 on $mux $procmux$3779.
    dead port 1/2 on $mux $procmux$3776.
    dead port 2/2 on $mux $procmux$3776.
    dead port 1/2 on $mux $procmux$3773.
    dead port 2/2 on $mux $procmux$3773.
    dead port 1/2 on $mux $procmux$3770.
    dead port 2/2 on $mux $procmux$3770.
    dead port 1/2 on $mux $procmux$3767.
    dead port 2/2 on $mux $procmux$3767.
    dead port 1/2 on $mux $procmux$3764.
    dead port 2/2 on $mux $procmux$3764.
    dead port 1/2 on $mux $procmux$3743.
    dead port 2/2 on $mux $procmux$3743.
    dead port 1/2 on $mux $procmux$3740.
    dead port 2/2 on $mux $procmux$3740.
    dead port 1/2 on $mux $procmux$3737.
    dead port 2/2 on $mux $procmux$3737.
    dead port 1/2 on $mux $procmux$3734.
    dead port 2/2 on $mux $procmux$3734.
    dead port 1/2 on $mux $procmux$3731.
    dead port 2/2 on $mux $procmux$3731.
    dead port 1/2 on $mux $procmux$3728.
    dead port 2/2 on $mux $procmux$3728.
    dead port 1/2 on $mux $procmux$3725.
    dead port 2/2 on $mux $procmux$3725.
    dead port 1/2 on $mux $procmux$3722.
    dead port 2/2 on $mux $procmux$3722.
    dead port 1/2 on $mux $procmux$3719.
    dead port 2/2 on $mux $procmux$3719.
    dead port 1/2 on $mux $procmux$3716.
    dead port 2/2 on $mux $procmux$3716.
    dead port 1/2 on $mux $procmux$3713.
    dead port 2/2 on $mux $procmux$3713.
    dead port 1/2 on $mux $procmux$3710.
    dead port 2/2 on $mux $procmux$3710.
    dead port 1/2 on $mux $procmux$3707.
    dead port 2/2 on $mux $procmux$3707.
    dead port 1/2 on $mux $procmux$3704.
    dead port 2/2 on $mux $procmux$3704.
    dead port 1/2 on $mux $procmux$3701.
    dead port 2/2 on $mux $procmux$3701.
    dead port 1/2 on $mux $procmux$3698.
    dead port 2/2 on $mux $procmux$3698.
    dead port 1/2 on $mux $procmux$3695.
    dead port 2/2 on $mux $procmux$3695.
    dead port 1/2 on $mux $procmux$3692.
    dead port 2/2 on $mux $procmux$3692.
    dead port 1/2 on $mux $procmux$3689.
    dead port 2/2 on $mux $procmux$3689.
    dead port 1/2 on $mux $procmux$3686.
    dead port 2/2 on $mux $procmux$3686.
    dead port 1/2 on $mux $procmux$3683.
    dead port 2/2 on $mux $procmux$3683.
    dead port 1/2 on $mux $procmux$3680.
    dead port 2/2 on $mux $procmux$3680.
    dead port 1/2 on $mux $procmux$3677.
    dead port 2/2 on $mux $procmux$3677.
    dead port 1/2 on $mux $procmux$3674.
    dead port 2/2 on $mux $procmux$3674.
    dead port 1/2 on $mux $procmux$3671.
    dead port 2/2 on $mux $procmux$3671.
    dead port 1/2 on $mux $procmux$3668.
    dead port 2/2 on $mux $procmux$3668.
    dead port 1/2 on $mux $procmux$3665.
    dead port 2/2 on $mux $procmux$3665.
    dead port 1/2 on $mux $procmux$3662.
    dead port 2/2 on $mux $procmux$3662.
    dead port 1/2 on $mux $procmux$3659.
    dead port 2/2 on $mux $procmux$3659.
    dead port 1/2 on $mux $procmux$3656.
    dead port 2/2 on $mux $procmux$3656.
    dead port 1/2 on $mux $procmux$3653.
    dead port 2/2 on $mux $procmux$3653.
    dead port 1/2 on $mux $procmux$3650.
    dead port 2/2 on $mux $procmux$3650.
    dead port 1/2 on $mux $procmux$3647.
    dead port 2/2 on $mux $procmux$3647.
    dead port 1/2 on $mux $procmux$3644.
    dead port 2/2 on $mux $procmux$3644.
    dead port 1/2 on $mux $procmux$3641.
    dead port 2/2 on $mux $procmux$3641.
    dead port 1/2 on $mux $procmux$3638.
    dead port 2/2 on $mux $procmux$3638.
    dead port 1/2 on $mux $procmux$3635.
    dead port 2/2 on $mux $procmux$3635.
    dead port 1/2 on $mux $procmux$3632.
    dead port 2/2 on $mux $procmux$3632.
    dead port 1/2 on $mux $procmux$3629.
    dead port 2/2 on $mux $procmux$3629.
    dead port 1/2 on $mux $procmux$3626.
    dead port 2/2 on $mux $procmux$3626.
    dead port 2/2 on $mux $procmux$3614.
    dead port 2/2 on $mux $procmux$3612.
    dead port 2/2 on $mux $procmux$3605.
    dead port 2/2 on $mux $procmux$3603.
    dead port 2/2 on $mux $procmux$3601.
    dead port 2/2 on $mux $procmux$3593.
    dead port 2/2 on $mux $procmux$3591.
    dead port 1/2 on $mux $procmux$3589.
    dead port 2/2 on $mux $procmux$3581.
    dead port 2/2 on $mux $procmux$3575.
    dead port 2/2 on $mux $procmux$3569.
    dead port 1/2 on $mux $procmux$3563.
    dead port 2/2 on $mux $procmux$3563.
    dead port 1/2 on $mux $procmux$3561.
    dead port 2/2 on $mux $procmux$3561.
    dead port 1/2 on $mux $procmux$3557.
    dead port 2/2 on $mux $procmux$3557.
    dead port 1/2 on $mux $procmux$3555.
    dead port 2/2 on $mux $procmux$3555.
    dead port 2/2 on $mux $procmux$3551.
    dead port 2/2 on $mux $procmux$3545.
    dead port 2/2 on $mux $procmux$3539.
    dead port 2/2 on $mux $procmux$3537.
    dead port 2/2 on $mux $procmux$3530.
    dead port 2/2 on $mux $procmux$3528.
    dead port 2/2 on $mux $procmux$3521.
    dead port 2/2 on $mux $procmux$3519.
    dead port 1/2 on $mux $procmux$3512.
    dead port 2/2 on $mux $procmux$3512.
    dead port 1/2 on $mux $procmux$3510.
    dead port 2/2 on $mux $procmux$3510.
    dead port 1/2 on $mux $procmux$3508.
    dead port 2/2 on $mux $procmux$3508.
    dead port 1/2 on $mux $procmux$3503.
    dead port 2/2 on $mux $procmux$3503.
    dead port 1/2 on $mux $procmux$3501.
    dead port 2/2 on $mux $procmux$3501.
    dead port 1/2 on $mux $procmux$3499.
    dead port 2/2 on $mux $procmux$3499.
    dead port 2/2 on $mux $procmux$3494.
    dead port 2/2 on $mux $procmux$3492.
    dead port 2/2 on $mux $procmux$3485.
    dead port 2/2 on $mux $procmux$3483.
    dead port 2/2 on $mux $procmux$3476.
    dead port 2/2 on $mux $procmux$3474.
    dead port 1/2 on $mux $procmux$3472.
    dead port 2/2 on $mux $procmux$3464.
    dead port 2/2 on $mux $procmux$3462.
    dead port 1/2 on $mux $procmux$3460.
    dead port 2/2 on $mux $procmux$3452.
    dead port 2/2 on $mux $procmux$3450.
    dead port 1/2 on $mux $procmux$3448.
    dead port 1/2 on $mux $procmux$3440.
    dead port 2/2 on $mux $procmux$3440.
    dead port 1/2 on $mux $procmux$3438.
    dead port 2/2 on $mux $procmux$3438.
    dead port 1/2 on $mux $procmux$3436.
    dead port 2/2 on $mux $procmux$3436.
    dead port 1/2 on $mux $procmux$3433.
    dead port 2/2 on $mux $procmux$3433.
    dead port 1/2 on $mux $procmux$3428.
    dead port 2/2 on $mux $procmux$3428.
    dead port 1/2 on $mux $procmux$3426.
    dead port 2/2 on $mux $procmux$3426.
    dead port 1/2 on $mux $procmux$3424.
    dead port 2/2 on $mux $procmux$3424.
    dead port 1/2 on $mux $procmux$3421.
    dead port 2/2 on $mux $procmux$3421.
    dead port 2/2 on $mux $procmux$3416.
    dead port 2/2 on $mux $procmux$3414.
    dead port 1/2 on $mux $procmux$3412.
    dead port 2/2 on $mux $procmux$3404.
    dead port 2/2 on $mux $procmux$3402.
    dead port 1/2 on $mux $procmux$3400.
    dead port 2/2 on $mux $procmux$3392.
    dead port 2/2 on $mux $procmux$3390.
    dead port 1/2 on $mux $procmux$3388.
    dead port 1/2 on $mux $procmux$3385.
    dead port 2/2 on $mux $procmux$3377.
    dead port 2/2 on $mux $procmux$3375.
    dead port 1/2 on $mux $procmux$3373.
    dead port 1/2 on $mux $procmux$3370.
    dead port 2/2 on $mux $procmux$3362.
    dead port 2/2 on $mux $procmux$3360.
    dead port 1/2 on $mux $procmux$3358.
    dead port 1/2 on $mux $procmux$3355.
    dead port 1/2 on $mux $procmux$3347.
    dead port 2/2 on $mux $procmux$3347.
    dead port 1/2 on $mux $procmux$3345.
    dead port 2/2 on $mux $procmux$3345.
    dead port 1/2 on $mux $procmux$3343.
    dead port 2/2 on $mux $procmux$3343.
    dead port 1/2 on $mux $procmux$3340.
    dead port 2/2 on $mux $procmux$3340.
    dead port 1/2 on $mux $procmux$3337.
    dead port 2/2 on $mux $procmux$3337.
    dead port 1/2 on $mux $procmux$3332.
    dead port 2/2 on $mux $procmux$3332.
    dead port 1/2 on $mux $procmux$3330.
    dead port 2/2 on $mux $procmux$3330.
    dead port 1/2 on $mux $procmux$3328.
    dead port 2/2 on $mux $procmux$3328.
    dead port 1/2 on $mux $procmux$3325.
    dead port 2/2 on $mux $procmux$3325.
    dead port 1/2 on $mux $procmux$3322.
    dead port 2/2 on $mux $procmux$3322.
    dead port 2/2 on $mux $procmux$3317.
    dead port 2/2 on $mux $procmux$3315.
    dead port 1/2 on $mux $procmux$3313.
    dead port 1/2 on $mux $procmux$3310.
    dead port 2/2 on $mux $procmux$3302.
    dead port 2/2 on $mux $procmux$3300.
    dead port 1/2 on $mux $procmux$3298.
    dead port 1/2 on $mux $procmux$3295.
    dead port 1/2 on $mux $procmux$3287.
    dead port 2/2 on $mux $procmux$3287.
    dead port 1/2 on $mux $procmux$3285.
    dead port 2/2 on $mux $procmux$3285.
    dead port 1/2 on $mux $procmux$3283.
    dead port 2/2 on $mux $procmux$3283.
    dead port 1/2 on $mux $procmux$3280.
    dead port 2/2 on $mux $procmux$3280.
    dead port 1/2 on $mux $procmux$3277.
    dead port 2/2 on $mux $procmux$3277.
    dead port 1/2 on $mux $procmux$3275.
    dead port 2/2 on $mux $procmux$3275.
    dead port 2/2 on $mux $procmux$3269.
    dead port 2/2 on $mux $procmux$3267.
    dead port 1/2 on $mux $procmux$3265.
    dead port 1/2 on $mux $procmux$3262.
    dead port 2/2 on $mux $procmux$3259.
    dead port 1/2 on $mux $procmux$3251.
    dead port 2/2 on $mux $procmux$3251.
    dead port 1/2 on $mux $procmux$3249.
    dead port 2/2 on $mux $procmux$3249.
    dead port 1/2 on $mux $procmux$3247.
    dead port 2/2 on $mux $procmux$3247.
    dead port 1/2 on $mux $procmux$3244.
    dead port 2/2 on $mux $procmux$3244.
    dead port 1/2 on $mux $procmux$3241.
    dead port 2/2 on $mux $procmux$3241.
    dead port 1/2 on $mux $procmux$3239.
    dead port 2/2 on $mux $procmux$3239.
    dead port 1/2 on $mux $procmux$3237.
    dead port 2/2 on $mux $procmux$3237.
    dead port 2/2 on $mux $procmux$3230.
    dead port 2/2 on $mux $procmux$3228.
    dead port 1/2 on $mux $procmux$3226.
    dead port 1/2 on $mux $procmux$3223.
    dead port 2/2 on $mux $procmux$3220.
    dead port 2/2 on $mux $procmux$3218.
    dead port 1/2 on $mux $procmux$3209.
    dead port 2/2 on $mux $procmux$3209.
    dead port 1/2 on $mux $procmux$3207.
    dead port 2/2 on $mux $procmux$3207.
    dead port 1/2 on $mux $procmux$3205.
    dead port 2/2 on $mux $procmux$3205.
    dead port 1/2 on $mux $procmux$3202.
    dead port 2/2 on $mux $procmux$3202.
    dead port 1/2 on $mux $procmux$3199.
    dead port 2/2 on $mux $procmux$3199.
    dead port 1/2 on $mux $procmux$3197.
    dead port 2/2 on $mux $procmux$3197.
    dead port 2/2 on $mux $procmux$3191.
    dead port 2/2 on $mux $procmux$3189.
    dead port 1/2 on $mux $procmux$3187.
    dead port 1/2 on $mux $procmux$3184.
    dead port 2/2 on $mux $procmux$3181.
    dead port 2/2 on $mux $procmux$3173.
    dead port 2/2 on $mux $procmux$3171.
    dead port 1/2 on $mux $procmux$3169.
    dead port 1/2 on $mux $procmux$3166.
    dead port 2/2 on $mux $procmux$3163.
    dead port 1/2 on $mux $procmux$3155.
    dead port 2/2 on $mux $procmux$3155.
    dead port 1/2 on $mux $procmux$3153.
    dead port 2/2 on $mux $procmux$3153.
    dead port 1/2 on $mux $procmux$3151.
    dead port 2/2 on $mux $procmux$3151.
    dead port 1/2 on $mux $procmux$3148.
    dead port 2/2 on $mux $procmux$3148.
    dead port 1/2 on $mux $procmux$3145.
    dead port 2/2 on $mux $procmux$3145.
    dead port 1/2 on $mux $procmux$3143.
    dead port 2/2 on $mux $procmux$3143.
    dead port 1/2 on $mux $procmux$3141.
    dead port 2/2 on $mux $procmux$3141.
    dead port 2/2 on $mux $procmux$3134.
    dead port 2/2 on $mux $procmux$3132.
    dead port 1/2 on $mux $procmux$3130.
    dead port 1/2 on $mux $procmux$3127.
    dead port 2/2 on $mux $procmux$3124.
    dead port 2/2 on $mux $procmux$3122.
    dead port 1/2 on $mux $procmux$3113.
    dead port 2/2 on $mux $procmux$3113.
    dead port 1/2 on $mux $procmux$3111.
    dead port 2/2 on $mux $procmux$3111.
    dead port 1/2 on $mux $procmux$3109.
    dead port 2/2 on $mux $procmux$3109.
    dead port 1/2 on $mux $procmux$3106.
    dead port 2/2 on $mux $procmux$3106.
    dead port 1/2 on $mux $procmux$3103.
    dead port 2/2 on $mux $procmux$3103.
    dead port 1/2 on $mux $procmux$3101.
    dead port 2/2 on $mux $procmux$3101.
    dead port 1/2 on $mux $procmux$3099.
    dead port 2/2 on $mux $procmux$3099.
    dead port 1/2 on $mux $procmux$3096.
    dead port 2/2 on $mux $procmux$3096.
    dead port 2/2 on $mux $procmux$3089.
    dead port 2/2 on $mux $procmux$3087.
    dead port 1/2 on $mux $procmux$3085.
    dead port 1/2 on $mux $procmux$3082.
    dead port 2/2 on $mux $procmux$3079.
    dead port 2/2 on $mux $procmux$3077.
    dead port 1/2 on $mux $procmux$3075.
    dead port 2/2 on $mux $procmux$3065.
    dead port 2/2 on $mux $procmux$3059.
    dead port 1/2 on $mux $procmux$3053.
    dead port 2/2 on $mux $procmux$3053.
    dead port 1/2 on $mux $procmux$3051.
    dead port 2/2 on $mux $procmux$3051.
    dead port 1/2 on $mux $procmux$3047.
    dead port 2/2 on $mux $procmux$3047.
    dead port 1/2 on $mux $procmux$3045.
    dead port 2/2 on $mux $procmux$3045.
    dead port 1/2 on $mux $procmux$3041.
    dead port 2/2 on $mux $procmux$3041.
    dead port 1/2 on $mux $procmux$3039.
    dead port 2/2 on $mux $procmux$3039.
    dead port 1/2 on $mux $procmux$3035.
    dead port 2/2 on $mux $procmux$3035.
    dead port 1/2 on $mux $procmux$3033.
    dead port 2/2 on $mux $procmux$3033.
    dead port 1/2 on $mux $procmux$3029.
    dead port 2/2 on $mux $procmux$3029.
    dead port 1/2 on $mux $procmux$3027.
    dead port 2/2 on $mux $procmux$3027.
    dead port 1/2 on $mux $procmux$3023.
    dead port 2/2 on $mux $procmux$3023.
    dead port 1/2 on $mux $procmux$3021.
    dead port 2/2 on $mux $procmux$3021.
    dead port 1/2 on $mux $procmux$3017.
    dead port 2/2 on $mux $procmux$3017.
    dead port 1/2 on $mux $procmux$3015.
    dead port 2/2 on $mux $procmux$3015.
    dead port 1/2 on $mux $procmux$3011.
    dead port 2/2 on $mux $procmux$3011.
    dead port 1/2 on $mux $procmux$3009.
    dead port 2/2 on $mux $procmux$3009.
    dead port 1/2 on $mux $procmux$3005.
    dead port 2/2 on $mux $procmux$3005.
    dead port 1/2 on $mux $procmux$3003.
    dead port 2/2 on $mux $procmux$3003.
    dead port 1/2 on $mux $procmux$2999.
    dead port 2/2 on $mux $procmux$2999.
    dead port 1/2 on $mux $procmux$2997.
    dead port 2/2 on $mux $procmux$2997.
    dead port 2/2 on $mux $procmux$2993.
    dead port 2/2 on $mux $procmux$2991.
    dead port 1/2 on $mux $procmux$2984.
    dead port 2/2 on $mux $procmux$2984.
    dead port 1/2 on $mux $procmux$2982.
    dead port 2/2 on $mux $procmux$2982.
    dead port 1/2 on $mux $procmux$2980.
    dead port 2/2 on $mux $procmux$2980.
    dead port 1/2 on $mux $procmux$2975.
    dead port 2/2 on $mux $procmux$2975.
    dead port 1/2 on $mux $procmux$2973.
    dead port 2/2 on $mux $procmux$2973.
    dead port 1/2 on $mux $procmux$2971.
    dead port 2/2 on $mux $procmux$2971.
    dead port 1/2 on $mux $procmux$2966.
    dead port 2/2 on $mux $procmux$2966.
    dead port 1/2 on $mux $procmux$2964.
    dead port 2/2 on $mux $procmux$2964.
    dead port 1/2 on $mux $procmux$2962.
    dead port 2/2 on $mux $procmux$2962.
    dead port 1/2 on $mux $procmux$2957.
    dead port 2/2 on $mux $procmux$2957.
    dead port 1/2 on $mux $procmux$2955.
    dead port 2/2 on $mux $procmux$2955.
    dead port 1/2 on $mux $procmux$2953.
    dead port 2/2 on $mux $procmux$2953.
    dead port 2/2 on $mux $procmux$2948.
    dead port 2/2 on $mux $procmux$2946.
    dead port 1/2 on $mux $procmux$2939.
    dead port 2/2 on $mux $procmux$2939.
    dead port 1/2 on $mux $procmux$2937.
    dead port 2/2 on $mux $procmux$2937.
    dead port 1/2 on $mux $procmux$2935.
    dead port 2/2 on $mux $procmux$2935.
    dead port 1/2 on $mux $procmux$2930.
    dead port 2/2 on $mux $procmux$2930.
    dead port 1/2 on $mux $procmux$2928.
    dead port 2/2 on $mux $procmux$2928.
    dead port 1/2 on $mux $procmux$2926.
    dead port 2/2 on $mux $procmux$2926.
    dead port 1/2 on $mux $procmux$2921.
    dead port 2/2 on $mux $procmux$2921.
    dead port 1/2 on $mux $procmux$2919.
    dead port 2/2 on $mux $procmux$2919.
    dead port 1/2 on $mux $procmux$2917.
    dead port 2/2 on $mux $procmux$2917.
    dead port 1/2 on $mux $procmux$2912.
    dead port 2/2 on $mux $procmux$2912.
    dead port 1/2 on $mux $procmux$2910.
    dead port 2/2 on $mux $procmux$2910.
    dead port 1/2 on $mux $procmux$2908.
    dead port 2/2 on $mux $procmux$2908.
    dead port 1/2 on $mux $procmux$2903.
    dead port 2/2 on $mux $procmux$2903.
    dead port 1/2 on $mux $procmux$2901.
    dead port 2/2 on $mux $procmux$2901.
    dead port 1/2 on $mux $procmux$2899.
    dead port 2/2 on $mux $procmux$2899.
    dead port 1/2 on $mux $procmux$2894.
    dead port 2/2 on $mux $procmux$2894.
    dead port 1/2 on $mux $procmux$2892.
    dead port 2/2 on $mux $procmux$2892.
    dead port 1/2 on $mux $procmux$2890.
    dead port 2/2 on $mux $procmux$2890.
    dead port 2/2 on $mux $procmux$2867.
    dead port 2/2 on $mux $procmux$2865.
    dead port 2/2 on $mux $procmux$2863.
    dead port 2/2 on $mux $procmux$2849.
    dead port 2/2 on $mux $procmux$2847.
    dead port 2/2 on $mux $procmux$2845.
    dead port 2/2 on $mux $procmux$2831.
    dead port 2/2 on $mux $procmux$2829.
    dead port 1/2 on $mux $procmux$2827.
    dead port 1/2 on $mux $procmux$2819.
    dead port 2/2 on $mux $procmux$2819.
    dead port 1/2 on $mux $procmux$2817.
    dead port 2/2 on $mux $procmux$2817.
    dead port 1/2 on $mux $procmux$2815.
    dead port 2/2 on $mux $procmux$2815.
    dead port 1/2 on $mux $procmux$2812.
    dead port 2/2 on $mux $procmux$2812.
    dead port 1/2 on $mux $procmux$2807.
    dead port 2/2 on $mux $procmux$2807.
    dead port 1/2 on $mux $procmux$2805.
    dead port 2/2 on $mux $procmux$2805.
    dead port 1/2 on $mux $procmux$2803.
    dead port 2/2 on $mux $procmux$2803.
    dead port 1/2 on $mux $procmux$2800.
    dead port 2/2 on $mux $procmux$2800.
    dead port 2/2 on $mux $procmux$2795.
    dead port 2/2 on $mux $procmux$2793.
    dead port 1/2 on $mux $procmux$2791.
    dead port 1/2 on $mux $procmux$2788.
    dead port 2/2 on $mux $procmux$2765.
    dead port 2/2 on $mux $procmux$2759.
    dead port 2/2 on $mux $procmux$2753.
    dead port 2/2 on $mux $procmux$2747.
    dead port 2/2 on $mux $procmux$2741.
    dead port 2/2 on $mux $procmux$2735.
    dead port 1/2 on $mux $procmux$2729.
    dead port 2/2 on $mux $procmux$2729.
    dead port 1/2 on $mux $procmux$2727.
    dead port 2/2 on $mux $procmux$2727.
    dead port 1/2 on $mux $procmux$2723.
    dead port 2/2 on $mux $procmux$2723.
    dead port 1/2 on $mux $procmux$2721.
    dead port 2/2 on $mux $procmux$2721.
    dead port 1/2 on $mux $procmux$2717.
    dead port 2/2 on $mux $procmux$2717.
    dead port 1/2 on $mux $procmux$2715.
    dead port 2/2 on $mux $procmux$2715.
    dead port 1/2 on $mux $procmux$2711.
    dead port 2/2 on $mux $procmux$2711.
    dead port 1/2 on $mux $procmux$2709.
    dead port 2/2 on $mux $procmux$2709.
    dead port 1/2 on $mux $procmux$2705.
    dead port 2/2 on $mux $procmux$2705.
    dead port 1/2 on $mux $procmux$2703.
    dead port 2/2 on $mux $procmux$2703.
    dead port 1/2 on $mux $procmux$2699.
    dead port 2/2 on $mux $procmux$2699.
    dead port 1/2 on $mux $procmux$2697.
    dead port 2/2 on $mux $procmux$2697.
    dead port 1/2 on $mux $procmux$2693.
    dead port 2/2 on $mux $procmux$2693.
    dead port 1/2 on $mux $procmux$2691.
    dead port 2/2 on $mux $procmux$2691.
    dead port 1/2 on $mux $procmux$2687.
    dead port 2/2 on $mux $procmux$2687.
    dead port 1/2 on $mux $procmux$2685.
    dead port 2/2 on $mux $procmux$2685.
    dead port 1/2 on $mux $procmux$2681.
    dead port 2/2 on $mux $procmux$2681.
    dead port 1/2 on $mux $procmux$2679.
    dead port 2/2 on $mux $procmux$2679.
    dead port 1/2 on $mux $procmux$2675.
    dead port 2/2 on $mux $procmux$2675.
    dead port 1/2 on $mux $procmux$2673.
    dead port 2/2 on $mux $procmux$2673.
    dead port 1/2 on $mux $procmux$2669.
    dead port 2/2 on $mux $procmux$2669.
    dead port 1/2 on $mux $procmux$2667.
    dead port 2/2 on $mux $procmux$2667.
    dead port 1/2 on $mux $procmux$2663.
    dead port 2/2 on $mux $procmux$2663.
    dead port 1/2 on $mux $procmux$2661.
    dead port 2/2 on $mux $procmux$2661.
    dead port 1/2 on $mux $procmux$2657.
    dead port 2/2 on $mux $procmux$2657.
    dead port 1/2 on $mux $procmux$2655.
    dead port 2/2 on $mux $procmux$2655.
    dead port 1/2 on $mux $procmux$2651.
    dead port 2/2 on $mux $procmux$2651.
    dead port 1/2 on $mux $procmux$2649.
    dead port 2/2 on $mux $procmux$2649.
    dead port 1/2 on $mux $procmux$2645.
    dead port 2/2 on $mux $procmux$2645.
    dead port 1/2 on $mux $procmux$2643.
    dead port 2/2 on $mux $procmux$2643.
    dead port 1/2 on $mux $procmux$2639.
    dead port 2/2 on $mux $procmux$2639.
    dead port 1/2 on $mux $procmux$2637.
    dead port 2/2 on $mux $procmux$2637.
    dead port 1/2 on $mux $procmux$2633.
    dead port 2/2 on $mux $procmux$2633.
    dead port 1/2 on $mux $procmux$2631.
    dead port 2/2 on $mux $procmux$2631.
    dead port 1/2 on $mux $procmux$2627.
    dead port 2/2 on $mux $procmux$2627.
    dead port 1/2 on $mux $procmux$2625.
    dead port 2/2 on $mux $procmux$2625.
    dead port 1/2 on $mux $procmux$2621.
    dead port 2/2 on $mux $procmux$2621.
    dead port 1/2 on $mux $procmux$2619.
    dead port 2/2 on $mux $procmux$2619.
    dead port 1/2 on $mux $procmux$2615.
    dead port 2/2 on $mux $procmux$2615.
    dead port 1/2 on $mux $procmux$2613.
    dead port 2/2 on $mux $procmux$2613.
    dead port 1/2 on $mux $procmux$2609.
    dead port 2/2 on $mux $procmux$2609.
    dead port 1/2 on $mux $procmux$2607.
    dead port 2/2 on $mux $procmux$2607.
    dead port 1/2 on $mux $procmux$2603.
    dead port 2/2 on $mux $procmux$2603.
    dead port 1/2 on $mux $procmux$2601.
    dead port 2/2 on $mux $procmux$2601.
    dead port 1/2 on $mux $procmux$2597.
    dead port 2/2 on $mux $procmux$2597.
    dead port 1/2 on $mux $procmux$2595.
    dead port 2/2 on $mux $procmux$2595.
    dead port 1/2 on $mux $procmux$2591.
    dead port 2/2 on $mux $procmux$2591.
    dead port 1/2 on $mux $procmux$2589.
    dead port 2/2 on $mux $procmux$2589.
    dead port 1/2 on $mux $procmux$2585.
    dead port 2/2 on $mux $procmux$2585.
    dead port 1/2 on $mux $procmux$2583.
    dead port 2/2 on $mux $procmux$2583.
    dead port 1/2 on $mux $procmux$2579.
    dead port 2/2 on $mux $procmux$2579.
    dead port 1/2 on $mux $procmux$2577.
    dead port 2/2 on $mux $procmux$2577.
    dead port 1/2 on $mux $procmux$2573.
    dead port 2/2 on $mux $procmux$2573.
    dead port 1/2 on $mux $procmux$2571.
    dead port 2/2 on $mux $procmux$2571.
    dead port 1/2 on $mux $procmux$2567.
    dead port 2/2 on $mux $procmux$2567.
    dead port 1/2 on $mux $procmux$2565.
    dead port 2/2 on $mux $procmux$2565.
    dead port 1/2 on $mux $procmux$2561.
    dead port 2/2 on $mux $procmux$2561.
    dead port 1/2 on $mux $procmux$2559.
    dead port 2/2 on $mux $procmux$2559.
    dead port 1/2 on $mux $procmux$2555.
    dead port 2/2 on $mux $procmux$2555.
    dead port 1/2 on $mux $procmux$2553.
    dead port 2/2 on $mux $procmux$2553.
    dead port 1/2 on $mux $procmux$2549.
    dead port 2/2 on $mux $procmux$2549.
    dead port 1/2 on $mux $procmux$2547.
    dead port 2/2 on $mux $procmux$2547.
    dead port 1/2 on $mux $procmux$2543.
    dead port 2/2 on $mux $procmux$2543.
    dead port 1/2 on $mux $procmux$2541.
    dead port 2/2 on $mux $procmux$2541.
    dead port 1/2 on $mux $procmux$2537.
    dead port 2/2 on $mux $procmux$2537.
    dead port 1/2 on $mux $procmux$2535.
    dead port 2/2 on $mux $procmux$2535.
    dead port 1/2 on $mux $procmux$2531.
    dead port 2/2 on $mux $procmux$2531.
    dead port 1/2 on $mux $procmux$2529.
    dead port 2/2 on $mux $procmux$2529.
    dead port 1/2 on $mux $procmux$2525.
    dead port 2/2 on $mux $procmux$2525.
    dead port 1/2 on $mux $procmux$2523.
    dead port 2/2 on $mux $procmux$2523.
    dead port 1/2 on $mux $procmux$2519.
    dead port 2/2 on $mux $procmux$2519.
    dead port 1/2 on $mux $procmux$2517.
    dead port 2/2 on $mux $procmux$2517.
    dead port 1/2 on $mux $procmux$2513.
    dead port 2/2 on $mux $procmux$2513.
    dead port 1/2 on $mux $procmux$2511.
    dead port 2/2 on $mux $procmux$2511.
    dead port 1/2 on $mux $procmux$2507.
    dead port 2/2 on $mux $procmux$2507.
    dead port 1/2 on $mux $procmux$2505.
    dead port 2/2 on $mux $procmux$2505.
    dead port 1/2 on $mux $procmux$2501.
    dead port 2/2 on $mux $procmux$2501.
    dead port 1/2 on $mux $procmux$2499.
    dead port 2/2 on $mux $procmux$2499.
    dead port 1/2 on $mux $procmux$2495.
    dead port 2/2 on $mux $procmux$2495.
    dead port 1/2 on $mux $procmux$2493.
    dead port 2/2 on $mux $procmux$2493.
    dead port 2/2 on $mux $procmux$2489.
    dead port 2/2 on $mux $procmux$2483.
    dead port 1/2 on $mux $procmux$2481.
    dead port 2/2 on $mux $procmux$2471.
    dead port 1/2 on $mux $procmux$2469.
    dead port 2/2 on $mux $procmux$2458.
    dead port 1/2 on $mux $procmux$2456.
    dead port 2/2 on $mux $procmux$2443.
    dead port 1/2 on $mux $procmux$2441.
    dead port 1/2 on $mux $procmux$2428.
    dead port 2/2 on $mux $procmux$2428.
    dead port 1/2 on $mux $procmux$2426.
    dead port 2/2 on $mux $procmux$2426.
    dead port 1/2 on $mux $procmux$2424.
    dead port 2/2 on $mux $procmux$2424.
    dead port 1/2 on $mux $procmux$2414.
    dead port 2/2 on $mux $procmux$2414.
    dead port 1/2 on $mux $procmux$2412.
    dead port 2/2 on $mux $procmux$2412.
    dead port 1/2 on $mux $procmux$2410.
    dead port 2/2 on $mux $procmux$2410.
    dead port 1/2 on $mux $procmux$2400.
    dead port 2/2 on $mux $procmux$2400.
    dead port 1/2 on $mux $procmux$2398.
    dead port 2/2 on $mux $procmux$2398.
    dead port 1/2 on $mux $procmux$2396.
    dead port 2/2 on $mux $procmux$2396.
    dead port 1/2 on $mux $procmux$2387.
    dead port 2/2 on $mux $procmux$2387.
    dead port 1/2 on $mux $procmux$2385.
    dead port 2/2 on $mux $procmux$2385.
    dead port 1/2 on $mux $procmux$2383.
    dead port 2/2 on $mux $procmux$2383.
    dead port 1/2 on $mux $procmux$2374.
    dead port 2/2 on $mux $procmux$2374.
    dead port 1/2 on $mux $procmux$2372.
    dead port 2/2 on $mux $procmux$2372.
    dead port 1/2 on $mux $procmux$2370.
    dead port 2/2 on $mux $procmux$2370.
    dead port 1/2 on $mux $procmux$2361.
    dead port 2/2 on $mux $procmux$2361.
    dead port 1/2 on $mux $procmux$2359.
    dead port 2/2 on $mux $procmux$2359.
    dead port 1/2 on $mux $procmux$2357.
    dead port 2/2 on $mux $procmux$2357.
    dead port 1/2 on $mux $procmux$2348.
    dead port 2/2 on $mux $procmux$2348.
    dead port 1/2 on $mux $procmux$2346.
    dead port 2/2 on $mux $procmux$2346.
    dead port 1/2 on $mux $procmux$2344.
    dead port 2/2 on $mux $procmux$2344.
    dead port 1/2 on $mux $procmux$2335.
    dead port 2/2 on $mux $procmux$2335.
    dead port 1/2 on $mux $procmux$2333.
    dead port 2/2 on $mux $procmux$2333.
    dead port 1/2 on $mux $procmux$2331.
    dead port 2/2 on $mux $procmux$2331.
    dead port 1/2 on $mux $procmux$2322.
    dead port 2/2 on $mux $procmux$2322.
    dead port 1/2 on $mux $procmux$2320.
    dead port 2/2 on $mux $procmux$2320.
    dead port 1/2 on $mux $procmux$2318.
    dead port 2/2 on $mux $procmux$2318.
    dead port 1/2 on $mux $procmux$2309.
    dead port 2/2 on $mux $procmux$2309.
    dead port 1/2 on $mux $procmux$2307.
    dead port 2/2 on $mux $procmux$2307.
    dead port 1/2 on $mux $procmux$2305.
    dead port 2/2 on $mux $procmux$2305.
    dead port 1/2 on $mux $procmux$2296.
    dead port 2/2 on $mux $procmux$2296.
    dead port 1/2 on $mux $procmux$2294.
    dead port 2/2 on $mux $procmux$2294.
    dead port 1/2 on $mux $procmux$2292.
    dead port 2/2 on $mux $procmux$2292.
    dead port 1/2 on $mux $procmux$2283.
    dead port 2/2 on $mux $procmux$2283.
    dead port 1/2 on $mux $procmux$2281.
    dead port 2/2 on $mux $procmux$2281.
    dead port 1/2 on $mux $procmux$2279.
    dead port 2/2 on $mux $procmux$2279.
    dead port 1/2 on $mux $procmux$2270.
    dead port 2/2 on $mux $procmux$2270.
    dead port 1/2 on $mux $procmux$2268.
    dead port 2/2 on $mux $procmux$2268.
    dead port 1/2 on $mux $procmux$2266.
    dead port 2/2 on $mux $procmux$2266.
    dead port 1/2 on $mux $procmux$2257.
    dead port 2/2 on $mux $procmux$2257.
    dead port 1/2 on $mux $procmux$2255.
    dead port 2/2 on $mux $procmux$2255.
    dead port 1/2 on $mux $procmux$2253.
    dead port 2/2 on $mux $procmux$2253.
    dead port 1/2 on $mux $procmux$2244.
    dead port 2/2 on $mux $procmux$2244.
    dead port 1/2 on $mux $procmux$2242.
    dead port 2/2 on $mux $procmux$2242.
    dead port 1/2 on $mux $procmux$2240.
    dead port 2/2 on $mux $procmux$2240.
    dead port 1/2 on $mux $procmux$2231.
    dead port 2/2 on $mux $procmux$2231.
    dead port 1/2 on $mux $procmux$2229.
    dead port 2/2 on $mux $procmux$2229.
    dead port 1/2 on $mux $procmux$2227.
    dead port 2/2 on $mux $procmux$2227.
    dead port 1/2 on $mux $procmux$2218.
    dead port 2/2 on $mux $procmux$2218.
    dead port 1/2 on $mux $procmux$2216.
    dead port 2/2 on $mux $procmux$2216.
    dead port 1/2 on $mux $procmux$2214.
    dead port 2/2 on $mux $procmux$2214.
    dead port 1/2 on $mux $procmux$2205.
    dead port 2/2 on $mux $procmux$2205.
    dead port 1/2 on $mux $procmux$2203.
    dead port 2/2 on $mux $procmux$2203.
    dead port 1/2 on $mux $procmux$2201.
    dead port 2/2 on $mux $procmux$2201.
    dead port 1/2 on $mux $procmux$2192.
    dead port 2/2 on $mux $procmux$2192.
    dead port 1/2 on $mux $procmux$2190.
    dead port 2/2 on $mux $procmux$2190.
    dead port 1/2 on $mux $procmux$2188.
    dead port 2/2 on $mux $procmux$2188.
    dead port 1/2 on $mux $procmux$2179.
    dead port 2/2 on $mux $procmux$2179.
    dead port 1/2 on $mux $procmux$2177.
    dead port 2/2 on $mux $procmux$2177.
    dead port 1/2 on $mux $procmux$2175.
    dead port 2/2 on $mux $procmux$2175.
    dead port 1/2 on $mux $procmux$2166.
    dead port 2/2 on $mux $procmux$2166.
    dead port 1/2 on $mux $procmux$2164.
    dead port 2/2 on $mux $procmux$2164.
    dead port 1/2 on $mux $procmux$2162.
    dead port 2/2 on $mux $procmux$2162.
    dead port 1/2 on $mux $procmux$2154.
    dead port 2/2 on $mux $procmux$2154.
    dead port 1/2 on $mux $procmux$2152.
    dead port 2/2 on $mux $procmux$2152.
    dead port 1/2 on $mux $procmux$2150.
    dead port 2/2 on $mux $procmux$2150.
    dead port 1/2 on $mux $procmux$2142.
    dead port 2/2 on $mux $procmux$2142.
    dead port 1/2 on $mux $procmux$2140.
    dead port 2/2 on $mux $procmux$2140.
    dead port 1/2 on $mux $procmux$2138.
    dead port 2/2 on $mux $procmux$2138.
    dead port 1/2 on $mux $procmux$2130.
    dead port 2/2 on $mux $procmux$2130.
    dead port 1/2 on $mux $procmux$2128.
    dead port 2/2 on $mux $procmux$2128.
    dead port 1/2 on $mux $procmux$2126.
    dead port 2/2 on $mux $procmux$2126.
    dead port 1/2 on $mux $procmux$2118.
    dead port 2/2 on $mux $procmux$2118.
    dead port 1/2 on $mux $procmux$2116.
    dead port 2/2 on $mux $procmux$2116.
    dead port 1/2 on $mux $procmux$2114.
    dead port 2/2 on $mux $procmux$2114.
    dead port 1/2 on $mux $procmux$2107.
    dead port 2/2 on $mux $procmux$2107.
    dead port 1/2 on $mux $procmux$2105.
    dead port 2/2 on $mux $procmux$2105.
    dead port 1/2 on $mux $procmux$2103.
    dead port 2/2 on $mux $procmux$2103.
    dead port 1/2 on $mux $procmux$2096.
    dead port 2/2 on $mux $procmux$2096.
    dead port 1/2 on $mux $procmux$2094.
    dead port 2/2 on $mux $procmux$2094.
    dead port 1/2 on $mux $procmux$2092.
    dead port 2/2 on $mux $procmux$2092.
    dead port 1/2 on $mux $procmux$2085.
    dead port 2/2 on $mux $procmux$2085.
    dead port 1/2 on $mux $procmux$2083.
    dead port 2/2 on $mux $procmux$2083.
    dead port 1/2 on $mux $procmux$2081.
    dead port 2/2 on $mux $procmux$2081.
    dead port 1/2 on $mux $procmux$2074.
    dead port 2/2 on $mux $procmux$2074.
    dead port 1/2 on $mux $procmux$2072.
    dead port 2/2 on $mux $procmux$2072.
    dead port 1/2 on $mux $procmux$2070.
    dead port 2/2 on $mux $procmux$2070.
    dead port 1/2 on $mux $procmux$2063.
    dead port 2/2 on $mux $procmux$2063.
    dead port 1/2 on $mux $procmux$2061.
    dead port 2/2 on $mux $procmux$2061.
    dead port 1/2 on $mux $procmux$2059.
    dead port 2/2 on $mux $procmux$2059.
    dead port 1/2 on $mux $procmux$2052.
    dead port 2/2 on $mux $procmux$2052.
    dead port 1/2 on $mux $procmux$2050.
    dead port 2/2 on $mux $procmux$2050.
    dead port 1/2 on $mux $procmux$2048.
    dead port 2/2 on $mux $procmux$2048.
    dead port 1/2 on $mux $procmux$2041.
    dead port 2/2 on $mux $procmux$2041.
    dead port 1/2 on $mux $procmux$2039.
    dead port 2/2 on $mux $procmux$2039.
    dead port 1/2 on $mux $procmux$2037.
    dead port 2/2 on $mux $procmux$2037.
    dead port 1/2 on $mux $procmux$2030.
    dead port 2/2 on $mux $procmux$2030.
    dead port 1/2 on $mux $procmux$2028.
    dead port 2/2 on $mux $procmux$2028.
    dead port 1/2 on $mux $procmux$2026.
    dead port 2/2 on $mux $procmux$2026.
    dead port 1/2 on $mux $procmux$2019.
    dead port 2/2 on $mux $procmux$2019.
    dead port 1/2 on $mux $procmux$2017.
    dead port 2/2 on $mux $procmux$2017.
    dead port 1/2 on $mux $procmux$2015.
    dead port 2/2 on $mux $procmux$2015.
    dead port 1/2 on $mux $procmux$2008.
    dead port 2/2 on $mux $procmux$2008.
    dead port 1/2 on $mux $procmux$2006.
    dead port 2/2 on $mux $procmux$2006.
    dead port 1/2 on $mux $procmux$2004.
    dead port 2/2 on $mux $procmux$2004.
    dead port 1/2 on $mux $procmux$1998.
    dead port 2/2 on $mux $procmux$1998.
    dead port 1/2 on $mux $procmux$1996.
    dead port 2/2 on $mux $procmux$1996.
    dead port 1/2 on $mux $procmux$1994.
    dead port 2/2 on $mux $procmux$1994.
    dead port 1/2 on $mux $procmux$1988.
    dead port 2/2 on $mux $procmux$1988.
    dead port 1/2 on $mux $procmux$1986.
    dead port 2/2 on $mux $procmux$1986.
    dead port 1/2 on $mux $procmux$1984.
    dead port 2/2 on $mux $procmux$1984.
    dead port 1/2 on $mux $procmux$1978.
    dead port 2/2 on $mux $procmux$1978.
    dead port 1/2 on $mux $procmux$1976.
    dead port 2/2 on $mux $procmux$1976.
    dead port 1/2 on $mux $procmux$1974.
    dead port 2/2 on $mux $procmux$1974.
    dead port 1/2 on $mux $procmux$1968.
    dead port 2/2 on $mux $procmux$1968.
    dead port 1/2 on $mux $procmux$1966.
    dead port 2/2 on $mux $procmux$1966.
    dead port 1/2 on $mux $procmux$1964.
    dead port 2/2 on $mux $procmux$1964.
    dead port 1/2 on $mux $procmux$1959.
    dead port 2/2 on $mux $procmux$1959.
    dead port 1/2 on $mux $procmux$1957.
    dead port 2/2 on $mux $procmux$1957.
    dead port 1/2 on $mux $procmux$1955.
    dead port 2/2 on $mux $procmux$1955.
    dead port 2/2 on $mux $procmux$1950.
    dead port 1/2 on $mux $procmux$1948.
    dead port 2/2 on $mux $procmux$1913.
    dead port 1/2 on $mux $procmux$1911.
    dead port 2/2 on $mux $procmux$1909.
    dead port 2/2 on $mux $procmux$1893.
    dead port 1/2 on $mux $procmux$1891.
    dead port 2/2 on $mux $procmux$1889.
    dead port 2/2 on $mux $procmux$1873.
    dead port 1/2 on $mux $procmux$1871.
    dead port 2/2 on $mux $procmux$1869.
    dead port 2/2 on $mux $procmux$1867.
    dead port 2/2 on $mux $procmux$1850.
    dead port 1/2 on $mux $procmux$1848.
    dead port 2/2 on $mux $procmux$1846.
    dead port 2/2 on $mux $procmux$1844.
    dead port 2/2 on $mux $procmux$1804.
    dead port 1/2 on $mux $procmux$1802.
    dead port 2/2 on $mux $procmux$1800.
    dead port 2/2 on $mux $procmux$1786.
    dead port 1/2 on $mux $procmux$1784.
    dead port 2/2 on $mux $procmux$1782.
    dead port 2/2 on $mux $procmux$1770.
    dead port 1/2 on $mux $procmux$1768.
    dead port 2/2 on $mux $procmux$1766.
    dead port 1/2 on $mux $procmux$1753.
    dead port 2/2 on $mux $procmux$1753.
    dead port 1/2 on $mux $procmux$1751.
    dead port 2/2 on $mux $procmux$1751.
    dead port 1/2 on $mux $procmux$1749.
    dead port 2/2 on $mux $procmux$1749.
    dead port 1/2 on $mux $procmux$1747.
    dead port 2/2 on $mux $procmux$1747.
    dead port 1/2 on $mux $procmux$1736.
    dead port 2/2 on $mux $procmux$1736.
    dead port 1/2 on $mux $procmux$1734.
    dead port 2/2 on $mux $procmux$1734.
    dead port 1/2 on $mux $procmux$1732.
    dead port 2/2 on $mux $procmux$1732.
    dead port 1/2 on $mux $procmux$1730.
    dead port 2/2 on $mux $procmux$1730.
    dead port 1/2 on $mux $procmux$1719.
    dead port 2/2 on $mux $procmux$1719.
    dead port 1/2 on $mux $procmux$1717.
    dead port 2/2 on $mux $procmux$1717.
    dead port 1/2 on $mux $procmux$1715.
    dead port 2/2 on $mux $procmux$1715.
    dead port 1/2 on $mux $procmux$1713.
    dead port 2/2 on $mux $procmux$1713.
    dead port 1/2 on $mux $procmux$1702.
    dead port 2/2 on $mux $procmux$1702.
    dead port 1/2 on $mux $procmux$1700.
    dead port 2/2 on $mux $procmux$1700.
    dead port 1/2 on $mux $procmux$1698.
    dead port 2/2 on $mux $procmux$1698.
    dead port 1/2 on $mux $procmux$1696.
    dead port 2/2 on $mux $procmux$1696.
    dead port 1/2 on $mux $procmux$1685.
    dead port 2/2 on $mux $procmux$1685.
    dead port 1/2 on $mux $procmux$1683.
    dead port 2/2 on $mux $procmux$1683.
    dead port 1/2 on $mux $procmux$1681.
    dead port 2/2 on $mux $procmux$1681.
    dead port 1/2 on $mux $procmux$1679.
    dead port 2/2 on $mux $procmux$1679.
    dead port 1/2 on $mux $procmux$1668.
    dead port 2/2 on $mux $procmux$1668.
    dead port 1/2 on $mux $procmux$1666.
    dead port 2/2 on $mux $procmux$1666.
    dead port 1/2 on $mux $procmux$1664.
    dead port 2/2 on $mux $procmux$1664.
    dead port 1/2 on $mux $procmux$1662.
    dead port 2/2 on $mux $procmux$1662.
    dead port 1/2 on $mux $procmux$1651.
    dead port 2/2 on $mux $procmux$1651.
    dead port 1/2 on $mux $procmux$1649.
    dead port 2/2 on $mux $procmux$1649.
    dead port 1/2 on $mux $procmux$1647.
    dead port 2/2 on $mux $procmux$1647.
    dead port 1/2 on $mux $procmux$1645.
    dead port 2/2 on $mux $procmux$1645.
    dead port 1/2 on $mux $procmux$1635.
    dead port 2/2 on $mux $procmux$1635.
    dead port 1/2 on $mux $procmux$1633.
    dead port 2/2 on $mux $procmux$1633.
    dead port 1/2 on $mux $procmux$1631.
    dead port 2/2 on $mux $procmux$1631.
    dead port 1/2 on $mux $procmux$1629.
    dead port 2/2 on $mux $procmux$1629.
    dead port 1/2 on $mux $procmux$1619.
    dead port 2/2 on $mux $procmux$1619.
    dead port 1/2 on $mux $procmux$1617.
    dead port 2/2 on $mux $procmux$1617.
    dead port 1/2 on $mux $procmux$1615.
    dead port 2/2 on $mux $procmux$1615.
    dead port 1/2 on $mux $procmux$1613.
    dead port 2/2 on $mux $procmux$1613.
    dead port 1/2 on $mux $procmux$1603.
    dead port 2/2 on $mux $procmux$1603.
    dead port 1/2 on $mux $procmux$1601.
    dead port 2/2 on $mux $procmux$1601.
    dead port 1/2 on $mux $procmux$1599.
    dead port 2/2 on $mux $procmux$1599.
    dead port 1/2 on $mux $procmux$1597.
    dead port 2/2 on $mux $procmux$1597.
    dead port 1/2 on $mux $procmux$1587.
    dead port 2/2 on $mux $procmux$1587.
    dead port 1/2 on $mux $procmux$1585.
    dead port 2/2 on $mux $procmux$1585.
    dead port 1/2 on $mux $procmux$1583.
    dead port 2/2 on $mux $procmux$1583.
    dead port 1/2 on $mux $procmux$1581.
    dead port 2/2 on $mux $procmux$1581.
    dead port 1/2 on $mux $procmux$1571.
    dead port 2/2 on $mux $procmux$1571.
    dead port 1/2 on $mux $procmux$1569.
    dead port 2/2 on $mux $procmux$1569.
    dead port 1/2 on $mux $procmux$1567.
    dead port 2/2 on $mux $procmux$1567.
    dead port 1/2 on $mux $procmux$1565.
    dead port 2/2 on $mux $procmux$1565.
    dead port 1/2 on $mux $procmux$1555.
    dead port 2/2 on $mux $procmux$1555.
    dead port 1/2 on $mux $procmux$1553.
    dead port 2/2 on $mux $procmux$1553.
    dead port 1/2 on $mux $procmux$1551.
    dead port 2/2 on $mux $procmux$1551.
    dead port 1/2 on $mux $procmux$1549.
    dead port 2/2 on $mux $procmux$1549.
    dead port 1/2 on $mux $procmux$1537.
    dead port 2/2 on $mux $procmux$1537.
    dead port 1/2 on $mux $procmux$1535.
    dead port 2/2 on $mux $procmux$1535.
    dead port 1/2 on $mux $procmux$1533.
    dead port 2/2 on $mux $procmux$1533.
    dead port 1/2 on $mux $procmux$1531.
    dead port 2/2 on $mux $procmux$1531.
    dead port 1/2 on $mux $procmux$1519.
    dead port 2/2 on $mux $procmux$1519.
    dead port 1/2 on $mux $procmux$1517.
    dead port 2/2 on $mux $procmux$1517.
    dead port 1/2 on $mux $procmux$1515.
    dead port 2/2 on $mux $procmux$1515.
    dead port 1/2 on $mux $procmux$1513.
    dead port 2/2 on $mux $procmux$1513.
    dead port 1/2 on $mux $procmux$1501.
    dead port 2/2 on $mux $procmux$1501.
    dead port 1/2 on $mux $procmux$1499.
    dead port 2/2 on $mux $procmux$1499.
    dead port 1/2 on $mux $procmux$1497.
    dead port 2/2 on $mux $procmux$1497.
    dead port 1/2 on $mux $procmux$1495.
    dead port 2/2 on $mux $procmux$1495.
    dead port 1/2 on $mux $procmux$1483.
    dead port 2/2 on $mux $procmux$1483.
    dead port 1/2 on $mux $procmux$1481.
    dead port 2/2 on $mux $procmux$1481.
    dead port 1/2 on $mux $procmux$1479.
    dead port 2/2 on $mux $procmux$1479.
    dead port 1/2 on $mux $procmux$1477.
    dead port 2/2 on $mux $procmux$1477.
    dead port 1/2 on $mux $procmux$1465.
    dead port 2/2 on $mux $procmux$1465.
    dead port 1/2 on $mux $procmux$1463.
    dead port 2/2 on $mux $procmux$1463.
    dead port 1/2 on $mux $procmux$1461.
    dead port 2/2 on $mux $procmux$1461.
    dead port 1/2 on $mux $procmux$1459.
    dead port 2/2 on $mux $procmux$1459.
    dead port 2/2 on $mux $procmux$1447.
    dead port 1/2 on $mux $procmux$1445.
    dead port 2/2 on $mux $procmux$1443.
    dead port 2/2 on $mux $procmux$1441.
    dead port 2/2 on $mux $procmux$1357.
    dead port 1/2 on $mux $procmux$1355.
    dead port 2/2 on $mux $procmux$1353.
    dead port 2/2 on $mux $procmux$1351.
    dead port 2/2 on $mux $procmux$1315.
    dead port 1/2 on $mux $procmux$1313.
    dead port 2/2 on $mux $procmux$1311.
    dead port 1/2 on $mux $procmux$1300.
    dead port 2/2 on $mux $procmux$1300.
    dead port 1/2 on $mux $procmux$1298.
    dead port 2/2 on $mux $procmux$1298.
    dead port 1/2 on $mux $procmux$1296.
    dead port 2/2 on $mux $procmux$1296.
    dead port 1/2 on $mux $procmux$1294.
    dead port 2/2 on $mux $procmux$1294.
    dead port 1/2 on $mux $procmux$1285.
    dead port 2/2 on $mux $procmux$1285.
    dead port 1/2 on $mux $procmux$1283.
    dead port 2/2 on $mux $procmux$1283.
    dead port 1/2 on $mux $procmux$1281.
    dead port 2/2 on $mux $procmux$1281.
    dead port 1/2 on $mux $procmux$1279.
    dead port 2/2 on $mux $procmux$1279.
    dead port 1/2 on $mux $procmux$1270.
    dead port 2/2 on $mux $procmux$1270.
    dead port 1/2 on $mux $procmux$1268.
    dead port 2/2 on $mux $procmux$1268.
    dead port 1/2 on $mux $procmux$1266.
    dead port 2/2 on $mux $procmux$1266.
    dead port 1/2 on $mux $procmux$1264.
    dead port 2/2 on $mux $procmux$1264.
    dead port 1/2 on $mux $procmux$1255.
    dead port 2/2 on $mux $procmux$1255.
    dead port 1/2 on $mux $procmux$1253.
    dead port 2/2 on $mux $procmux$1253.
    dead port 1/2 on $mux $procmux$1251.
    dead port 2/2 on $mux $procmux$1251.
    dead port 1/2 on $mux $procmux$1249.
    dead port 2/2 on $mux $procmux$1249.
    dead port 2/2 on $mux $procmux$1240.
    dead port 1/2 on $mux $procmux$1238.
    dead port 2/2 on $mux $procmux$1236.
    dead port 2/2 on $mux $procmux$1225.
    dead port 1/2 on $mux $procmux$1223.
    dead port 2/2 on $mux $procmux$1221.
    dead port 1/2 on $mux $procmux$1210.
    dead port 2/2 on $mux $procmux$1210.
    dead port 1/2 on $mux $procmux$1208.
    dead port 2/2 on $mux $procmux$1208.
    dead port 1/2 on $mux $procmux$1206.
    dead port 2/2 on $mux $procmux$1206.
    dead port 1/2 on $mux $procmux$1204.
    dead port 2/2 on $mux $procmux$1204.
    dead port 1/2 on $mux $procmux$1201.
    dead port 2/2 on $mux $procmux$1201.
    dead port 1/2 on $mux $procmux$1192.
    dead port 2/2 on $mux $procmux$1192.
    dead port 1/2 on $mux $procmux$1190.
    dead port 2/2 on $mux $procmux$1190.
    dead port 1/2 on $mux $procmux$1188.
    dead port 2/2 on $mux $procmux$1188.
    dead port 1/2 on $mux $procmux$1186.
    dead port 2/2 on $mux $procmux$1186.
    dead port 1/2 on $mux $procmux$1183.
    dead port 2/2 on $mux $procmux$1183.
    dead port 1/2 on $mux $procmux$1174.
    dead port 2/2 on $mux $procmux$1174.
    dead port 1/2 on $mux $procmux$1172.
    dead port 2/2 on $mux $procmux$1172.
    dead port 1/2 on $mux $procmux$1170.
    dead port 2/2 on $mux $procmux$1170.
    dead port 1/2 on $mux $procmux$1168.
    dead port 2/2 on $mux $procmux$1168.
    dead port 1/2 on $mux $procmux$1165.
    dead port 2/2 on $mux $procmux$1165.
    dead port 1/2 on $mux $procmux$1156.
    dead port 2/2 on $mux $procmux$1156.
    dead port 1/2 on $mux $procmux$1154.
    dead port 2/2 on $mux $procmux$1154.
    dead port 1/2 on $mux $procmux$1152.
    dead port 2/2 on $mux $procmux$1152.
    dead port 1/2 on $mux $procmux$1150.
    dead port 2/2 on $mux $procmux$1150.
    dead port 1/2 on $mux $procmux$1147.
    dead port 2/2 on $mux $procmux$1147.
    dead port 2/2 on $mux $procmux$1138.
    dead port 1/2 on $mux $procmux$1136.
    dead port 2/2 on $mux $procmux$1134.
    dead port 1/2 on $mux $procmux$1132.
    dead port 2/2 on $mux $procmux$1120.
    dead port 1/2 on $mux $procmux$1118.
    dead port 2/2 on $mux $procmux$1116.
    dead port 1/2 on $mux $procmux$1114.
    dead port 2/2 on $mux $procmux$1111.
    dead port 2/2 on $mux $procmux$1097.
    dead port 1/2 on $mux $procmux$1095.
    dead port 2/2 on $mux $procmux$1093.
    dead port 1/2 on $mux $procmux$1091.
    dead port 1/2 on $mux $procmux$1088.
    dead port 2/2 on $mux $procmux$1074.
    dead port 1/2 on $mux $procmux$1072.
    dead port 2/2 on $mux $procmux$1070.
    dead port 1/2 on $mux $procmux$1060.
    dead port 2/2 on $mux $procmux$1060.
    dead port 1/2 on $mux $procmux$1058.
    dead port 2/2 on $mux $procmux$1058.
    dead port 1/2 on $mux $procmux$1056.
    dead port 2/2 on $mux $procmux$1056.
    dead port 1/2 on $mux $procmux$1054.
    dead port 2/2 on $mux $procmux$1054.
    dead port 1/2 on $mux $procmux$1046.
    dead port 2/2 on $mux $procmux$1046.
    dead port 1/2 on $mux $procmux$1044.
    dead port 2/2 on $mux $procmux$1044.
    dead port 1/2 on $mux $procmux$1042.
    dead port 2/2 on $mux $procmux$1042.
    dead port 1/2 on $mux $procmux$1040.
    dead port 2/2 on $mux $procmux$1040.
    dead port 1/2 on $mux $procmux$1032.
    dead port 2/2 on $mux $procmux$1032.
    dead port 1/2 on $mux $procmux$1030.
    dead port 2/2 on $mux $procmux$1030.
    dead port 1/2 on $mux $procmux$1028.
    dead port 2/2 on $mux $procmux$1028.
    dead port 1/2 on $mux $procmux$1026.
    dead port 2/2 on $mux $procmux$1026.
    dead port 1/2 on $mux $procmux$1018.
    dead port 2/2 on $mux $procmux$1018.
    dead port 1/2 on $mux $procmux$1016.
    dead port 2/2 on $mux $procmux$1016.
    dead port 1/2 on $mux $procmux$1014.
    dead port 2/2 on $mux $procmux$1014.
    dead port 1/2 on $mux $procmux$1012.
    dead port 2/2 on $mux $procmux$1012.
    dead port 1/2 on $mux $procmux$1004.
    dead port 2/2 on $mux $procmux$1004.
    dead port 1/2 on $mux $procmux$1002.
    dead port 2/2 on $mux $procmux$1002.
    dead port 1/2 on $mux $procmux$1000.
    dead port 2/2 on $mux $procmux$1000.
    dead port 1/2 on $mux $procmux$998.
    dead port 2/2 on $mux $procmux$998.
    dead port 1/2 on $mux $procmux$990.
    dead port 2/2 on $mux $procmux$990.
    dead port 1/2 on $mux $procmux$988.
    dead port 2/2 on $mux $procmux$988.
    dead port 1/2 on $mux $procmux$986.
    dead port 2/2 on $mux $procmux$986.
    dead port 1/2 on $mux $procmux$984.
    dead port 2/2 on $mux $procmux$984.
    dead port 1/2 on $mux $procmux$976.
    dead port 2/2 on $mux $procmux$976.
    dead port 1/2 on $mux $procmux$974.
    dead port 2/2 on $mux $procmux$974.
    dead port 1/2 on $mux $procmux$972.
    dead port 2/2 on $mux $procmux$972.
    dead port 1/2 on $mux $procmux$970.
    dead port 2/2 on $mux $procmux$970.
    dead port 1/2 on $mux $procmux$962.
    dead port 2/2 on $mux $procmux$962.
    dead port 1/2 on $mux $procmux$960.
    dead port 2/2 on $mux $procmux$960.
    dead port 1/2 on $mux $procmux$958.
    dead port 2/2 on $mux $procmux$958.
    dead port 1/2 on $mux $procmux$956.
    dead port 2/2 on $mux $procmux$956.
    dead port 2/2 on $mux $procmux$948.
    dead port 1/2 on $mux $procmux$946.
    dead port 2/2 on $mux $procmux$944.
    dead port 1/2 on $mux $procmux$934.
    dead port 2/2 on $mux $procmux$934.
    dead port 1/2 on $mux $procmux$932.
    dead port 2/2 on $mux $procmux$932.
    dead port 1/2 on $mux $procmux$930.
    dead port 2/2 on $mux $procmux$930.
    dead port 1/2 on $mux $procmux$928.
    dead port 2/2 on $mux $procmux$928.
    dead port 1/2 on $mux $procmux$920.
    dead port 2/2 on $mux $procmux$920.
    dead port 1/2 on $mux $procmux$918.
    dead port 2/2 on $mux $procmux$918.
    dead port 1/2 on $mux $procmux$916.
    dead port 2/2 on $mux $procmux$916.
    dead port 1/2 on $mux $procmux$914.
    dead port 2/2 on $mux $procmux$914.
    dead port 1/2 on $mux $procmux$906.
    dead port 2/2 on $mux $procmux$906.
    dead port 1/2 on $mux $procmux$904.
    dead port 2/2 on $mux $procmux$904.
    dead port 1/2 on $mux $procmux$902.
    dead port 2/2 on $mux $procmux$902.
    dead port 1/2 on $mux $procmux$900.
    dead port 2/2 on $mux $procmux$900.
    dead port 1/2 on $mux $procmux$898.
    dead port 2/2 on $mux $procmux$898.
    dead port 1/2 on $mux $procmux$889.
    dead port 2/2 on $mux $procmux$889.
    dead port 1/2 on $mux $procmux$887.
    dead port 2/2 on $mux $procmux$887.
    dead port 1/2 on $mux $procmux$885.
    dead port 2/2 on $mux $procmux$885.
    dead port 1/2 on $mux $procmux$883.
    dead port 2/2 on $mux $procmux$883.
    dead port 1/2 on $mux $procmux$881.
    dead port 2/2 on $mux $procmux$881.
    dead port 2/2 on $mux $procmux$872.
    dead port 1/2 on $mux $procmux$870.
    dead port 2/2 on $mux $procmux$868.
    dead port 2/2 on $mux $procmux$866.
    dead port 2/2 on $mux $procmux$833.
    dead port 1/2 on $mux $procmux$831.
    dead port 2/2 on $mux $procmux$829.
    dead port 1/2 on $mux $procmux$827.
    dead port 2/2 on $mux $procmux$810.
    dead port 1/2 on $mux $procmux$808.
    dead port 2/2 on $mux $procmux$806.
    dead port 1/2 on $mux $procmux$804.
    dead port 2/2 on $mux $procmux$787.
    dead port 1/2 on $mux $procmux$785.
    dead port 2/2 on $mux $procmux$783.
    dead port 1/2 on $mux $procmux$774.
    dead port 2/2 on $mux $procmux$774.
    dead port 1/2 on $mux $procmux$772.
    dead port 2/2 on $mux $procmux$772.
    dead port 1/2 on $mux $procmux$770.
    dead port 2/2 on $mux $procmux$770.
    dead port 1/2 on $mux $procmux$768.
    dead port 2/2 on $mux $procmux$768.
    dead port 1/2 on $mux $procmux$761.
    dead port 2/2 on $mux $procmux$761.
    dead port 1/2 on $mux $procmux$759.
    dead port 2/2 on $mux $procmux$759.
    dead port 1/2 on $mux $procmux$757.
    dead port 2/2 on $mux $procmux$757.
    dead port 1/2 on $mux $procmux$755.
    dead port 2/2 on $mux $procmux$755.
    dead port 1/2 on $mux $procmux$748.
    dead port 2/2 on $mux $procmux$748.
    dead port 1/2 on $mux $procmux$746.
    dead port 2/2 on $mux $procmux$746.
    dead port 1/2 on $mux $procmux$744.
    dead port 2/2 on $mux $procmux$744.
    dead port 1/2 on $mux $procmux$742.
    dead port 2/2 on $mux $procmux$742.
    dead port 1/2 on $mux $procmux$735.
    dead port 2/2 on $mux $procmux$735.
    dead port 1/2 on $mux $procmux$733.
    dead port 2/2 on $mux $procmux$733.
    dead port 1/2 on $mux $procmux$731.
    dead port 2/2 on $mux $procmux$731.
    dead port 1/2 on $mux $procmux$729.
    dead port 2/2 on $mux $procmux$729.
    dead port 2/2 on $mux $procmux$722.
    dead port 1/2 on $mux $procmux$720.
    dead port 2/2 on $mux $procmux$718.
    dead port 2/2 on $mux $procmux$709.
    dead port 1/2 on $mux $procmux$707.
    dead port 2/2 on $mux $procmux$705.
    dead port 1/2 on $mux $procmux$703.
    dead port 2/2 on $mux $procmux$691.
    dead port 1/2 on $mux $procmux$689.
    dead port 2/2 on $mux $procmux$687.
    dead port 1/2 on $mux $procmux$679.
    dead port 2/2 on $mux $procmux$679.
    dead port 1/2 on $mux $procmux$677.
    dead port 2/2 on $mux $procmux$677.
    dead port 1/2 on $mux $procmux$675.
    dead port 2/2 on $mux $procmux$675.
    dead port 1/2 on $mux $procmux$673.
    dead port 2/2 on $mux $procmux$673.
    dead port 1/2 on $mux $procmux$667.
    dead port 2/2 on $mux $procmux$667.
    dead port 1/2 on $mux $procmux$665.
    dead port 2/2 on $mux $procmux$665.
    dead port 1/2 on $mux $procmux$663.
    dead port 2/2 on $mux $procmux$663.
    dead port 1/2 on $mux $procmux$661.
    dead port 2/2 on $mux $procmux$661.
    dead port 1/2 on $mux $procmux$655.
    dead port 2/2 on $mux $procmux$655.
    dead port 1/2 on $mux $procmux$653.
    dead port 2/2 on $mux $procmux$653.
    dead port 1/2 on $mux $procmux$651.
    dead port 2/2 on $mux $procmux$651.
    dead port 1/2 on $mux $procmux$649.
    dead port 2/2 on $mux $procmux$649.
    dead port 1/2 on $mux $procmux$647.
    dead port 2/2 on $mux $procmux$647.
    dead port 1/2 on $mux $procmux$640.
    dead port 2/2 on $mux $procmux$640.
    dead port 1/2 on $mux $procmux$638.
    dead port 2/2 on $mux $procmux$638.
    dead port 1/2 on $mux $procmux$636.
    dead port 2/2 on $mux $procmux$636.
    dead port 1/2 on $mux $procmux$634.
    dead port 2/2 on $mux $procmux$634.
    dead port 1/2 on $mux $procmux$632.
    dead port 2/2 on $mux $procmux$632.
    dead port 2/2 on $mux $procmux$625.
    dead port 1/2 on $mux $procmux$623.
    dead port 2/2 on $mux $procmux$621.
    dead port 2/2 on $mux $procmux$619.
Removed 1353 multiplexer ports.
<suppressed ~2092 debug messages>

5.4. Executing OPT_REDUCE pass (consolidate $*mux and $reduce_* inputs).
  Optimizing cells in module \tt_um_larsnitschke_tick.
  Optimizing cells in module \tick_core.
    New ctrl vector for $pmux cell $procmux$1930: { $procmux$7652_CMP $procmux$7413_CMP $procmux$7763_CMP }
  Optimizing cells in module \tick_core.
Performed a total of 3 changes.

5.5. Executing OPT_MERGE pass (detect identical cells).
Finding identical cells in module `\tt_um_larsnitschke_tick'.
Computing hashes of 31 cells of `\tt_um_larsnitschke_tick'.
Finding duplicate cells in `\tt_um_larsnitschke_tick'.
Finding identical cells in module `\tick_core'.
Computing hashes of 1211 cells of `\tick_core'.
Finding duplicate cells in `\tick_core'.
Computing hashes of 1193 cells of `\tick_core'.
Finding duplicate cells in `\tick_core'.
Computing hashes of 1189 cells of `\tick_core'.
Finding duplicate cells in `\tick_core'.
<suppressed ~66 debug messages>
Removed a total of 22 cells.

5.6. Executing OPT_DFF pass (perform DFF optimizations).
Adding EN signal on $procdff$7840 ($adff) from module tt_um_larsnitschke_tick (D = \uio_in [1:0], Q = \host_word [9:8]).
Adding EN signal on $procdff$7840 ($adff) from module tt_um_larsnitschke_tick (D = \uio_in, Q = \host_word [7:0]).
Adding EN signal on $procdff$7830 ($adff) from module tt_um_larsnitschke_tick (D = \uio_in [5:0], Q = \load_addr).
Adding EN signal on $procdff$7835 ($adff) from module tt_um_larsnitschke_tick (D = \uio_in, Q = \load_word [7:0]).
Adding EN signal on $procdff$7835 ($adff) from module tt_um_larsnitschke_tick (D = \uio_in, Q = \load_word [15:8]).
Adding EN signal on $procdff$8450 ($adff) from module tick_core (D = \imem_wdata, Q = \imem[47]).
Adding EN signal on $procdff$8158 ($dff) from module tick_core (D = $5\main.tmp[7:0], Q = \main.tmp).
Adding EN signal on $procdff$8137 ($dff) from module tick_core (D = $3\main.rem[3:0], Q = \main.rem).
Adding EN signal on $procdff$8520 ($adff) from module tick_core (D = \imem_wdata, Q = \imem[61]).
Adding EN signal on $procdff$8165 ($dff) from module tick_core (D = $3\main.sum[8:0], Q = \main.sum).
Adding EN signal on $procdff$8340 ($adff) from module tick_core (D = \imem_wdata, Q = \imem[25]).
Adding EN signal on $procdff$8144 ($dff) from module tick_core (D = $3\main.sh[3:0], Q = \main.sh).
Adding EN signal on $procdff$8571 ($dff) from module tick_core (D = \host_wdata, Q = \txfifo[2]).
Adding EN signal on $procdff$8330 ($adff) from module tick_core (D = \imem_wdata, Q = \imem[23]).
Adding EN signal on $procdff$8172 ($dff) from module tick_core (D = $8\main.take[0:0], Q = \main.take).
Adding EN signal on $procdff$8525 ($adff) from module tick_core (D = \imem_wdata, Q = \imem[62]).
Adding EN signal on $procdff$8445 ($adff) from module tick_core (D = \imem_wdata, Q = \imem[46]).
Adding EN signal on $procdff$8151 ($dff) from module tick_core (D = $3\main.outb[0:0], Q = \main.outb).
Adding EN signal on $procdff$8345 ($adff) from module tick_core (D = \imem_wdata, Q = \imem[26]).
Adding EN signal on $procdff$8335 ($adff) from module tick_core (D = \imem_wdata, Q = \imem[24]).
Adding EN signal on $procdff$8015 ($dff) from module tick_core (D = $procmux$7080_Y, Q = \a_mask).
Adding EN signal on $procdff$8550 ($adff) from module tick_core (D = $procmux$4112_Y, Q = \rf[3]).
Adding EN signal on $procdff$8179 ($dff) from module tick_core (D = $3\main.issued[0:0], Q = \main.issued).
Adding EN signal on $procdff$8022 ($dff) from module tick_core (D = $mem2reg_rd$\imem$src/tick_core.sv:80$5_DATA [9:6], Q = \p_mask).
Adding EN signal on $procdff$8270 ($adff) from module tick_core (D = \imem_wdata, Q = \imem[11]).
Adding EN signal on $procdff$8455 ($adff) from module tick_core (D = \imem_wdata, Q = \imem[48]).
Adding EN signal on $procdff$8599 ($dff) from module tick_core (D = \host_wdata, Q = \txfifo[6]).
Adding EN signal on $procdff$8186 ($dff) from module tick_core (D = $3\main.next_pc[5:0], Q = \main.next_pc).
Adding EN signal on $procdff$8405 ($adff) from module tick_core (D = \imem_wdata, Q = \imem[38]).
Adding EN signal on $procdff$8029 ($dff) from module tick_core (D = $procmux$7013_Y, Q = \a_val).
Adding EN signal on $procdff$8495 ($adff) from module tick_core (D = \imem_wdata, Q = \imem[56]).
Adding EN signal on $procdff$8275 ($adff) from module tick_core (D = \imem_wdata, Q = \imem[12]).
Adding EN signal on $procdff$8350 ($adff) from module tick_core (D = \imem_wdata, Q = \imem[27]).
Adding EN signal on $procdff$8036 ($dff) from module tick_core (D = $mem2reg_rd$\imem$src/tick_core.sv:80$5_DATA [5:2], Q = \p_val).
Adding EN signal on $procdff$7855 ($adff) from module tick_core (D = $procmux$7822_Y, Q = \c).
Adding EN signal on $procdff$8410 ($adff) from module tick_core (D = \imem_wdata, Q = \imem[39]).
Adding EN signal on $procdff$8193 ($dff) from module tick_core (D = $3\main.stalled[0:0], Q = \main.stalled).
Adding EN signal on $procdff$7860 ($adff) from module tick_core (D = $procmux$7794_Y, Q = \z).
Adding EN signal on $procdff$8043 ($dff) from module tick_core (D = $procmux$6946_Y, Q = \a_mode).
Adding EN signal on $procdff$8460 ($adff) from module tick_core (D = \imem_wdata, Q = \imem[49]).
Adding EN signal on $procdff$8280 ($adff) from module tick_core (D = \imem_wdata, Q = \imem[13]).
Adding EN signal on $procdff$8355 ($adff) from module tick_core (D = \imem_wdata, Q = \imem[28]).
Adding EN signal on $procdff$8620 ($dff) from module tick_core (D = { $mem2reg_rd$\imem$src/tick_core.sv:80$5_DATA [9:8] $6$mem2reg_rd$\rf$src/tick_core.sv:335$32_DATA[7:0]$499 }, Q = \rxfifo[1]).
Adding EN signal on $procdff$7870 ($adff) from module tick_core (D = $procmux$7764_Y, Q = \pin0_out).
Adding EN signal on $procdff$8200 ($dff) from module tick_core (D = $ne$src/tick_core.sv:134$242_Y, Q = \main.had_timed).
Adding EN signal on $procdff$7875 ($adff) from module tick_core (D = $procmux$7720_Y, Q = \pin0_oe).
Adding EN signal on $procdff$8050 ($dff) from module tick_core (D = $mem2reg_rd$\imem$src/tick_core.sv:80$5_DATA [5:4], Q = \p_mode).
Adding EN signal on $procdff$8530 ($adff) from module tick_core (D = \imem_wdata, Q = \imem[63]).
Adding EN signal on $procdff$8500 ($adff) from module tick_core (D = \imem_wdata, Q = \imem[57]).
Handling D = Q on $procdff$7880 ($adff) from module tick_core (removing D path).
Adding EN signal on $procdff$8285 ($adff) from module tick_core (D = \imem_wdata, Q = \imem[14]).
Adding EN signal on $procdff$8360 ($adff) from module tick_core (D = \imem_wdata, Q = \imem[29]).
Adding EN signal on $procdff$8057 ($dff) from module tick_core (D = $procmux$6895_Y, Q = \a_nm1).
Adding EN signal on $procdff$7885 ($adff) from module tick_core (D = $add$src/tick_core.sv:114$174_Y, Q = \tx_w).
Adding EN signal on $procdff$8415 ($adff) from module tick_core (D = \imem_wdata, Q = \imem[40]).
Adding EN signal on $procdff$8465 ($adff) from module tick_core (D = \imem_wdata, Q = \imem[50]).
Adding EN signal on $procdff$8557 ($dff) from module tick_core (D = \host_wdata, Q = \txfifo[0]).
Adding EN signal on $procdff$8627 ($dff) from module tick_core (D = { $mem2reg_rd$\imem$src/tick_core.sv:80$5_DATA [9:8] $6$mem2reg_rd$\rf$src/tick_core.sv:335$32_DATA[7:0]$499 }, Q = \rxfifo[2]).
Adding EN signal on $procdff$8064 ($dff) from module tick_core (D = $mem2reg_rd$\imem$src/tick_core.sv:80$5_DATA [9:6], Q = \p_nm1).
Adding EN signal on $procdff$7890 ($adff) from module tick_core (D = $procmux$7673_Y, Q = \tx_r).
Adding EN signal on $procdff$8290 ($adff) from module tick_core (D = \imem_wdata, Q = \imem[15]).
Adding EN signal on $procdff$8578 ($dff) from module tick_core (D = \host_wdata, Q = \txfifo[3]).
Adding EN signal on $procdff$7895 ($adff) from module tick_core (D = $add$src/tick_core.sv:336$500_Y, Q = \rx_w).
Adding EN signal on $procdff$8365 ($adff) from module tick_core (D = \imem_wdata, Q = \imem[30]).
Adding EN signal on $procdff$8535 ($adff) from module tick_core (D = $procmux$4334_Y, Q = \rf[0]).
Adding EN signal on $procdff$7900 ($adff) from module tick_core (D = $add$src/tick_core.sv:116$177_Y, Q = \rx_r).
Adding EN signal on $procdff$8215 ($adff) from module tick_core (D = \imem_wdata, Q = \imem[0]).
Adding EN signal on $procdff$7905 ($adff) from module tick_core (D = $4\main.next_pc[5:0], Q = \pc).
Adding EN signal on $procdff$8470 ($adff) from module tick_core (D = \imem_wdata, Q = \imem[51]).
Adding EN signal on $procdff$8634 ($dff) from module tick_core (D = { $mem2reg_rd$\imem$src/tick_core.sv:80$5_DATA [9:8] $6$mem2reg_rd$\rf$src/tick_core.sv:335$32_DATA[7:0]$499 }, Q = \rxfifo[3]).
Adding EN signal on $procdff$7910 ($adff) from module tick_core (D = $procmux$7630_Y, Q = \last_f).
Adding EN signal on $procdff$8592 ($dff) from module tick_core (D = \host_wdata, Q = \txfifo[5]).
Adding EN signal on $procdff$8370 ($adff) from module tick_core (D = \imem_wdata, Q = \imem[31]).
Adding EN signal on $procdff$8220 ($adff) from module tick_core (D = \imem_wdata, Q = \imem[1]).
Adding EN signal on $procdff$8071 ($dff) from module tick_core (D = $procmux$6844_Y, Q = \a_data).
Adding EN signal on $procdff$7915 ($adff) from module tick_core (D = $procmux$7607_Y, Q = \cmd_f).
Adding EN signal on $procdff$8420 ($adff) from module tick_core (D = \imem_wdata, Q = \imem[41]).
Adding EN signal on $procdff$8295 ($adff) from module tick_core (D = \imem_wdata, Q = \imem[16]).
Adding EN signal on $procdff$8078 ($dff) from module tick_core (D = $7$mem2reg_rd$\rf$src/tick_core.sv:304$25_DATA[7:0]$476, Q = \p_data).
Adding EN signal on $procdff$7920 ($adff) from module tick_core (D = 1'1, Q = \miss).
Adding EN signal on $procdff$8505 ($adff) from module tick_core (D = \imem_wdata, Q = \imem[58]).
Adding EN signal on $procdff$8613 ($dff) from module tick_core (D = { $mem2reg_rd$\imem$src/tick_core.sv:80$5_DATA [9:8] $6$mem2reg_rd$\rf$src/tick_core.sv:335$32_DATA[7:0]$499 }, Q = \rxfifo[0]).
Adding EN signal on $procdff$8225 ($adff) from module tick_core (D = \imem_wdata, Q = \imem[2]).
Adding EN signal on $procdff$8085 ($dff) from module tick_core (D = $procmux$6793_Y, Q = \a_done).
Adding EN signal on $procdff$7925 ($adff) from module tick_core (D = $procmux$7573_Y, Q = \waiting).
Adding EN signal on $procdff$8300 ($adff) from module tick_core (D = \imem_wdata, Q = \imem[17]).
Adding EN signal on $procdff$8375 ($adff) from module tick_core (D = \imem_wdata, Q = \imem[32]).
Adding EN signal on $procdff$8641 ($dff) from module tick_core (D = { $mem2reg_rd$\imem$src/tick_core.sv:80$5_DATA [9:8] $6$mem2reg_rd$\rf$src/tick_core.sv:335$32_DATA[7:0]$499 }, Q = \rxfifo[4]).
Adding EN signal on $procdff$7930 ($adff) from module tick_core (D = $procmux$7536_Y, Q = \wait_mask).
Adding EN signal on $procdff$8425 ($adff) from module tick_core (D = \imem_wdata, Q = \imem[42]).
Adding EN signal on $procdff$8475 ($adff) from module tick_core (D = \imem_wdata, Q = \imem[52]).
Adding EN signal on $procdff$8230 ($adff) from module tick_core (D = \imem_wdata, Q = \imem[3]).
Adding EN signal on $procdff$8092 ($dff) from module tick_core (D = $10$lookahead\a_res$44[15:0]$385, Q = \a_res).
Adding EN signal on $procdff$7935 ($adff) from module tick_core (D = $mem2reg_rd$\imem$src/tick_core.sv:80$5_DATA [11:10], Q = \wait_tc).
Adding EN signal on $procdff$8540 ($adff) from module tick_core (D = $procmux$4251_Y, Q = \rf[1]).
Adding EN signal on $procdff$8305 ($adff) from module tick_core (D = \imem_wdata, Q = \imem[18]).
Adding EN signal on $procdff$8380 ($adff) from module tick_core (D = \imem_wdata, Q = \imem[33]).
Adding EN signal on $procdff$8099 ($dff) from module tick_core (D = $procmux$6760_Y, Q = \a_msb).
Adding EN signal on $procdff$7940 ($adff) from module tick_core (D = $procmux$7505_Y, Q = \pull_block).
Adding EN signal on $procdff$8510 ($adff) from module tick_core (D = \imem_wdata, Q = \imem[59]).
Adding EN signal on $procdff$8430 ($adff) from module tick_core (D = \imem_wdata, Q = \imem[43]).
Adding EN signal on $procdff$8235 ($adff) from module tick_core (D = \imem_wdata, Q = \imem[4]).
Adding EN signal on $procdff$8106 ($dff) from module tick_core (D = \cfg_msb_first, Q = \p_msb).
Adding EN signal on $procdff$8310 ($adff) from module tick_core (D = \imem_wdata, Q = \imem[19]).
Adding EN signal on $procdff$7947 ($dff) from module tick_core (D = $mem2reg_rd$\imem$src/tick_core.sv:80$5_DATA [11:10], Q = \pull_rd).
Adding EN signal on $procdff$8648 ($dff) from module tick_core (D = { $mem2reg_rd$\imem$src/tick_core.sv:80$5_DATA [9:8] $6$mem2reg_rd$\rf$src/tick_core.sv:335$32_DATA[7:0]$499 }, Q = \rxfifo[5]).
Adding EN signal on $procdff$7952 ($adff) from module tick_core (D = $procmux$7465_Y, Q = \mfs_block).
Adding EN signal on $procdff$8480 ($adff) from module tick_core (D = \imem_wdata, Q = \imem[53]).
Adding EN signal on $procdff$8240 ($adff) from module tick_core (D = \imem_wdata, Q = \imem[5]).
Adding EN signal on $procdff$7959 ($dff) from module tick_core (D = $mem2reg_rd$\imem$src/tick_core.sv:80$5_DATA [11:10], Q = \mfs_rd).
Adding EN signal on $procdff$8385 ($adff) from module tick_core (D = \imem_wdata, Q = \imem[34]).
Adding EN signal on $procdff$8585 ($dff) from module tick_core (D = \host_wdata, Q = \txfifo[4]).
Adding EN signal on $procdff$7964 ($adff) from module tick_core (D = $procmux$7426_Y, Q = \timer_run).
Adding EN signal on $procdff$8245 ($adff) from module tick_core (D = \imem_wdata, Q = \imem[6]).
Adding EN signal on $procdff$7969 ($adff) from module tick_core (D = $procmux$7381_Y, Q = \accum).
Adding EN signal on $procdff$8545 ($adff) from module tick_core (D = $procmux$4177_Y, Q = \rf[2]).
Adding EN signal on $procdff$8655 ($dff) from module tick_core (D = { $mem2reg_rd$\imem$src/tick_core.sv:80$5_DATA [9:8] $6$mem2reg_rd$\rf$src/tick_core.sv:335$32_DATA[7:0]$499 }, Q = \rxfifo[6]).
Adding EN signal on $procdff$7974 ($adff) from module tick_core (D = $procmux$7327_Y, Q = \phase_left).
Adding EN signal on $procdff$8390 ($adff) from module tick_core (D = \imem_wdata, Q = \imem[35]).
Adding EN signal on $procdff$8250 ($adff) from module tick_core (D = \imem_wdata, Q = \imem[7]).
Adding EN signal on $procdff$7979 ($adff) from module tick_core (D = $procmux$7276_Y, Q = \time_cnt).
Adding EN signal on $procdff$8485 ($adff) from module tick_core (D = \imem_wdata, Q = \imem[54]).
Adding EN signal on $procdff$8255 ($adff) from module tick_core (D = \imem_wdata, Q = \imem[8]).
Adding EN signal on $procdff$7989 ($adff) from module tick_core (D = $procmux$7233_Y, Q = \a_kind).
Adding EN signal on $procdff$8395 ($adff) from module tick_core (D = \imem_wdata, Q = \imem[36]).
Adding EN signal on $procdff$8662 ($dff) from module tick_core (D = { $mem2reg_rd$\imem$src/tick_core.sv:80$5_DATA [9:8] $6$mem2reg_rd$\rf$src/tick_core.sv:335$32_DATA[7:0]$499 }, Q = \rxfifo[7]).
Adding EN signal on $procdff$7994 ($adff) from module tick_core (D = $procmux$7190_Y, Q = \p_kind).
Adding EN signal on $procdff$8606 ($dff) from module tick_core (D = \host_wdata, Q = \txfifo[7]).
Adding EN signal on $procdff$8260 ($adff) from module tick_core (D = \imem_wdata, Q = \imem[9]).
Adding EN signal on $procdff$8001 ($dff) from module tick_core (D = $procmux$7147_Y, Q = \a_oe).
Adding EN signal on $procdff$8490 ($adff) from module tick_core (D = \imem_wdata, Q = \imem[55]).
Adding EN signal on $procdff$8400 ($adff) from module tick_core (D = \imem_wdata, Q = \imem[37]).
Adding EN signal on $procdff$8008 ($dff) from module tick_core (D = $mem2reg_rd$\imem$src/tick_core.sv:80$5_DATA [10], Q = \p_oe).
Adding EN signal on $procdff$8265 ($adff) from module tick_core (D = \imem_wdata, Q = \imem[10]).
Adding EN signal on $procdff$8111 ($adff) from module tick_core (D = $procmux$6709_Y, Q = \res_valid).
Adding EN signal on $procdff$8564 ($dff) from module tick_core (D = \host_wdata, Q = \txfifo[1]).
Adding EN signal on $procdff$8315 ($adff) from module tick_core (D = \imem_wdata, Q = \imem[20]).
Adding EN signal on $procdff$8116 ($adff) from module tick_core (D = $3$lookahead\result$45[15:0]$246, Q = \result).
Adding EN signal on $procdff$8435 ($adff) from module tick_core (D = \imem_wdata, Q = \imem[44]).
Adding EN signal on $procdff$8515 ($adff) from module tick_core (D = \imem_wdata, Q = \imem[60]).
Adding EN signal on $procdff$8123 ($dff) from module tick_core (D = \a_kind, Q = \a_kind_before).
Adding EN signal on $procdff$8320 ($adff) from module tick_core (D = \imem_wdata, Q = \imem[21]).
Adding EN signal on $procdff$8130 ($dff) from module tick_core (D = $3\main.do_tick[0:0], Q = \main.do_tick).
Adding EN signal on $procdff$8440 ($adff) from module tick_core (D = \imem_wdata, Q = \imem[45]).
Adding EN signal on $procdff$8325 ($adff) from module tick_core (D = \imem_wdata, Q = \imem[22]).
Setting constant 0-bit at position 0 on $procdff$7880 ($dlatch) from module tick_core.
Setting constant 0-bit at position 1 on $procdff$7880 ($dlatch) from module tick_core.
Setting constant 1-bit at position 2 on $procdff$7880 ($dlatch) from module tick_core.
Setting constant 0-bit at position 3 on $procdff$7880 ($dlatch) from module tick_core.
Setting constant 0-bit at position 4 on $procdff$7880 ($dlatch) from module tick_core.
Setting constant 0-bit at position 5 on $procdff$7880 ($dlatch) from module tick_core.
Setting constant 0-bit at position 6 on $procdff$7880 ($dlatch) from module tick_core.
Setting constant 0-bit at position 7 on $procdff$7880 ($dlatch) from module tick_core.
Setting constant 0-bit at position 8 on $procdff$7880 ($dlatch) from module tick_core.
Setting constant 0-bit at position 9 on $procdff$7880 ($dlatch) from module tick_core.
Setting constant 0-bit at position 10 on $procdff$7880 ($dlatch) from module tick_core.
Setting constant 0-bit at position 11 on $procdff$7880 ($dlatch) from module tick_core.
Setting constant 0-bit at position 12 on $procdff$7880 ($dlatch) from module tick_core.
Setting constant 0-bit at position 13 on $procdff$7880 ($dlatch) from module tick_core.
Setting constant 0-bit at position 14 on $procdff$7880 ($dlatch) from module tick_core.
Setting constant 0-bit at position 15 on $procdff$7880 ($dlatch) from module tick_core.
Setting constant 0-bit at position 16 on $procdff$7880 ($dlatch) from module tick_core.
Setting constant 0-bit at position 17 on $procdff$7880 ($dlatch) from module tick_core.
Setting constant 0-bit at position 18 on $procdff$7880 ($dlatch) from module tick_core.
Setting constant 0-bit at position 19 on $procdff$7880 ($dlatch) from module tick_core.
Setting constant 0-bit at position 20 on $procdff$7880 ($dlatch) from module tick_core.
Setting constant 0-bit at position 21 on $procdff$7880 ($dlatch) from module tick_core.
Setting constant 0-bit at position 22 on $procdff$7880 ($dlatch) from module tick_core.
Setting constant 0-bit at position 23 on $procdff$7880 ($dlatch) from module tick_core.
Setting constant 0-bit at position 24 on $procdff$7880 ($dlatch) from module tick_core.
Setting constant 0-bit at position 25 on $procdff$7880 ($dlatch) from module tick_core.
Setting constant 0-bit at position 26 on $procdff$7880 ($dlatch) from module tick_core.
Setting constant 0-bit at position 27 on $procdff$7880 ($dlatch) from module tick_core.
Setting constant 0-bit at position 28 on $procdff$7880 ($dlatch) from module tick_core.
Setting constant 0-bit at position 29 on $procdff$7880 ($dlatch) from module tick_core.
Setting constant 0-bit at position 30 on $procdff$7880 ($dlatch) from module tick_core.
Setting constant 0-bit at position 31 on $procdff$7880 ($dlatch) from module tick_core.
Setting constant 1-bit at position 0 on $procdff$8907 ($adff) from module tick_core.
Setting constant 1-bit at position 1 on $procdff$8907 ($adff) from module tick_core.
Setting constant 1-bit at position 2 on $procdff$8907 ($adff) from module tick_core.
Setting constant 1-bit at position 0 on $procdff$8837 ($adff) from module tick_core.
Setting constant 1-bit at position 1 on $procdff$8837 ($adff) from module tick_core.
Setting constant 1-bit at position 0 on $procdff$8842 ($adff) from module tick_core.
Setting constant 1-bit at position 1 on $procdff$8842 ($adff) from module tick_core.
Setting constant 1-bit at position 2 on $procdff$8842 ($adff) from module tick_core.
Setting constant 1-bit at position 3 on $procdff$8842 ($adff) from module tick_core.
Setting constant 1-bit at position 4 on $procdff$8842 ($adff) from module tick_core.
Setting constant 1-bit at position 5 on $procdff$8842 ($adff) from module tick_core.
Setting constant 1-bit at position 6 on $procdff$8842 ($adff) from module tick_core.
Setting constant 1-bit at position 7 on $procdff$8842 ($adff) from module tick_core.
Setting constant 1-bit at position 0 on $procdff$8210 ($adff) from module tick_core.
Setting constant 1-bit at position 1 on $procdff$8210 ($adff) from module tick_core.
Setting constant 1-bit at position 2 on $procdff$8210 ($adff) from module tick_core.
Setting constant 1-bit at position 3 on $procdff$8210 ($adff) from module tick_core.
Setting constant 1-bit at position 0 on $procdff$8912 ($adff) from module tick_core.
Setting constant 1-bit at position 1 on $procdff$8912 ($adff) from module tick_core.
Setting constant 1-bit at position 2 on $procdff$8912 ($adff) from module tick_core.
Setting constant 1-bit at position 3 on $procdff$8912 ($adff) from module tick_core.
Setting constant 1-bit at position 4 on $procdff$8912 ($adff) from module tick_core.
Setting constant 1-bit at position 5 on $procdff$8912 ($adff) from module tick_core.
Setting constant 1-bit at position 6 on $procdff$8912 ($adff) from module tick_core.
Setting constant 1-bit at position 7 on $procdff$8912 ($adff) from module tick_core.
Setting constant 1-bit at position 8 on $procdff$8912 ($adff) from module tick_core.
Setting constant 1-bit at position 9 on $procdff$8912 ($adff) from module tick_core.
Setting constant 1-bit at position 0 on $procdff$8667 ($adff) from module tick_core.
Setting constant 1-bit at position 1 on $procdff$8667 ($adff) from module tick_core.
Setting constant 1-bit at position 2 on $procdff$8667 ($adff) from module tick_core.
Setting constant 1-bit at position 3 on $procdff$8667 ($adff) from module tick_core.
Setting constant 1-bit at position 4 on $procdff$8667 ($adff) from module tick_core.
Setting constant 1-bit at position 5 on $procdff$8667 ($adff) from module tick_core.
Setting constant 1-bit at position 0 on $procdff$8947 ($adff) from module tick_core.
Setting constant 1-bit at position 1 on $procdff$8947 ($adff) from module tick_core.
Setting constant 1-bit at position 2 on $procdff$8947 ($adff) from module tick_core.
Setting constant 1-bit at position 3 on $procdff$8947 ($adff) from module tick_core.
Setting constant 1-bit at position 4 on $procdff$8947 ($adff) from module tick_core.
Setting constant 1-bit at position 5 on $procdff$8947 ($adff) from module tick_core.
Setting constant 1-bit at position 6 on $procdff$8947 ($adff) from module tick_core.
Setting constant 1-bit at position 7 on $procdff$8947 ($adff) from module tick_core.
Setting constant 1-bit at position 8 on $procdff$8947 ($adff) from module tick_core.
Setting constant 1-bit at position 9 on $procdff$8947 ($adff) from module tick_core.
Setting constant 1-bit at position 10 on $procdff$8947 ($adff) from module tick_core.
Setting constant 1-bit at position 11 on $procdff$8947 ($adff) from module tick_core.
Setting constant 1-bit at position 12 on $procdff$8947 ($adff) from module tick_core.
Setting constant 1-bit at position 13 on $procdff$8947 ($adff) from module tick_core.
Setting constant 1-bit at position 14 on $procdff$8947 ($adff) from module tick_core.
Setting constant 1-bit at position 15 on $procdff$8947 ($adff) from module tick_core.

5.7. Executing OPT_CLEAN pass (remove unused cells and wires).
Finding unused cells or wires in module \tt_um_larsnitschke_tick..
Finding unused cells or wires in module \tick_core..
Removed 432 unused cells and 3875 unused wires.
<suppressed ~449 debug messages>

5.8. Executing OPT_EXPR pass (perform const folding).
Optimizing module tt_um_larsnitschke_tick.
Optimizing module tick_core.
<suppressed ~1 debug messages>

5.9. Rerunning OPT passes. (Maybe there is more to do..)

5.10. Executing OPT_MUXTREE pass (detect dead branches in mux trees).
Running muxtree optimizer on module \tt_um_larsnitschke_tick..
  Creating internal representation of mux trees.
  No muxes found in this module.
Running muxtree optimizer on module \tick_core..
  Creating internal representation of mux trees.
  Evaluating internal representation of mux trees.
  Analyzing evaluation results.
Removed 0 multiplexer ports.
<suppressed ~1173 debug messages>

5.11. Executing OPT_REDUCE pass (consolidate $*mux and $reduce_* inputs).
  Optimizing cells in module \tt_um_larsnitschke_tick.
  Optimizing cells in module \tick_core.
Performed a total of 0 changes.

5.12. Executing OPT_MERGE pass (detect identical cells).
Finding identical cells in module `\tt_um_larsnitschke_tick'.
Computing hashes of 26 cells of `\tt_um_larsnitschke_tick'.
Finding duplicate cells in `\tt_um_larsnitschke_tick'.
Finding identical cells in module `\tick_core'.
Computing hashes of 920 cells of `\tick_core'.
Finding duplicate cells in `\tick_core'.
Computing hashes of 872 cells of `\tick_core'.
Finding duplicate cells in `\tick_core'.
Computing hashes of 867 cells of `\tick_core'.
Finding duplicate cells in `\tick_core'.
<suppressed ~159 debug messages>
Removed a total of 53 cells.

5.13. Executing OPT_DFF pass (perform DFF optimizations).
Adding EN signal on $auto$ff.cc:337:slice$9403 ($adffe) from module tick_core (D = $8$lookahead\result$45[15:0]$290, Q = \result).

5.14. Executing OPT_CLEAN pass (remove unused cells and wires).
Finding unused cells or wires in module \tt_um_larsnitschke_tick..
Finding unused cells or wires in module \tick_core..
Removed 5 unused cells and 58 unused wires.
<suppressed ~6 debug messages>

5.15. Executing OPT_EXPR pass (perform const folding).
Optimizing module tt_um_larsnitschke_tick.
Optimizing module tick_core.

5.16. Rerunning OPT passes. (Maybe there is more to do..)

5.17. Executing OPT_MUXTREE pass (detect dead branches in mux trees).
Running muxtree optimizer on module \tt_um_larsnitschke_tick..
  Creating internal representation of mux trees.
  No muxes found in this module.
Running muxtree optimizer on module \tick_core..
  Creating internal representation of mux trees.
  Evaluating internal representation of mux trees.
  Analyzing evaluation results.
Removed 0 multiplexer ports.
<suppressed ~1168 debug messages>

5.18. Executing OPT_REDUCE pass (consolidate $*mux and $reduce_* inputs).
  Optimizing cells in module \tt_um_larsnitschke_tick.
  Optimizing cells in module \tick_core.
Performed a total of 0 changes.

5.19. Executing OPT_MERGE pass (detect identical cells).
Finding identical cells in module `\tt_um_larsnitschke_tick'.
Computing hashes of 26 cells of `\tt_um_larsnitschke_tick'.
Finding duplicate cells in `\tt_um_larsnitschke_tick'.
Finding identical cells in module `\tick_core'.
Computing hashes of 865 cells of `\tick_core'.
Finding duplicate cells in `\tick_core'.
Computing hashes of 864 cells of `\tick_core'.
Finding duplicate cells in `\tick_core'.
<suppressed ~3 debug messages>
Removed a total of 1 cells.

5.20. Executing OPT_DFF pass (perform DFF optimizations).

5.21. Executing OPT_CLEAN pass (remove unused cells and wires).
Finding unused cells or wires in module \tt_um_larsnitschke_tick..
Finding unused cells or wires in module \tick_core..
Removed 0 unused cells and 1 unused wires.
<suppressed ~1 debug messages>

5.22. Executing OPT_EXPR pass (perform const folding).
Optimizing module tt_um_larsnitschke_tick.
Optimizing module tick_core.

5.23. Rerunning OPT passes. (Maybe there is more to do..)

5.24. Executing OPT_MUXTREE pass (detect dead branches in mux trees).
Running muxtree optimizer on module \tt_um_larsnitschke_tick..
  Creating internal representation of mux trees.
  No muxes found in this module.
Running muxtree optimizer on module \tick_core..
  Creating internal representation of mux trees.
  Evaluating internal representation of mux trees.
  Analyzing evaluation results.
Removed 0 multiplexer ports.
<suppressed ~1168 debug messages>

5.25. Executing OPT_REDUCE pass (consolidate $*mux and $reduce_* inputs).
  Optimizing cells in module \tt_um_larsnitschke_tick.
  Optimizing cells in module \tick_core.
Performed a total of 0 changes.

5.26. Executing OPT_MERGE pass (detect identical cells).
Finding identical cells in module `\tt_um_larsnitschke_tick'.
Computing hashes of 26 cells of `\tt_um_larsnitschke_tick'.
Finding duplicate cells in `\tt_um_larsnitschke_tick'.
Finding identical cells in module `\tick_core'.
Computing hashes of 864 cells of `\tick_core'.
Finding duplicate cells in `\tick_core'.
Removed a total of 0 cells.

5.27. Executing OPT_DFF pass (perform DFF optimizations).

5.28. Executing OPT_CLEAN pass (remove unused cells and wires).
Finding unused cells or wires in module \tt_um_larsnitschke_tick..
Finding unused cells or wires in module \tick_core..

5.29. Executing OPT_EXPR pass (perform const folding).
Optimizing module tt_um_larsnitschke_tick.
Optimizing module tick_core.

5.30. Finished fast OPT passes. (There is nothing left to do.)

6. Executing FSM pass (extract and optimize FSM).

6.1. Executing FSM_DETECT pass (finding FSMs in design).

6.2. Executing FSM_EXTRACT pass (extracting FSM from design).

6.3. Executing FSM_OPT pass (simple optimizations of FSMs).

6.4. Executing OPT_CLEAN pass (remove unused cells and wires).
Finding unused cells or wires in module \tt_um_larsnitschke_tick..
Finding unused cells or wires in module \tick_core..

6.5. Executing FSM_OPT pass (simple optimizations of FSMs).

6.6. Executing FSM_RECODE pass (re-assigning FSM state encoding).

6.7. Executing FSM_INFO pass (dumping all available information on FSM cells).

6.8. Executing FSM_MAP pass (mapping FSMs to basic logic).

7. Executing OPT pass (performing simple optimizations).

7.1. Executing OPT_EXPR pass (perform const folding).
Optimizing module tt_um_larsnitschke_tick.
Optimizing module tick_core.

7.2. Executing OPT_MERGE pass (detect identical cells).
Finding identical cells in module `\tt_um_larsnitschke_tick'.
Computing hashes of 26 cells of `\tt_um_larsnitschke_tick'.
Finding duplicate cells in `\tt_um_larsnitschke_tick'.
Finding identical cells in module `\tick_core'.
Computing hashes of 864 cells of `\tick_core'.
Finding duplicate cells in `\tick_core'.
Removed a total of 0 cells.

7.3. Executing OPT_MUXTREE pass (detect dead branches in mux trees).
Running muxtree optimizer on module \tt_um_larsnitschke_tick..
  Creating internal representation of mux trees.
  No muxes found in this module.
Running muxtree optimizer on module \tick_core..
  Creating internal representation of mux trees.
  Evaluating internal representation of mux trees.
  Analyzing evaluation results.
Removed 0 multiplexer ports.
<suppressed ~1168 debug messages>

7.4. Executing OPT_REDUCE pass (consolidate $*mux and $reduce_* inputs).
  Optimizing cells in module \tt_um_larsnitschke_tick.
  Optimizing cells in module \tick_core.
Performed a total of 0 changes.

7.5. Executing OPT_MERGE pass (detect identical cells).
Finding identical cells in module `\tt_um_larsnitschke_tick'.
Computing hashes of 26 cells of `\tt_um_larsnitschke_tick'.
Finding duplicate cells in `\tt_um_larsnitschke_tick'.
Finding identical cells in module `\tick_core'.
Computing hashes of 864 cells of `\tick_core'.
Finding duplicate cells in `\tick_core'.
Removed a total of 0 cells.

7.6. Executing OPT_DFF pass (perform DFF optimizations).

7.7. Executing OPT_CLEAN pass (remove unused cells and wires).
Finding unused cells or wires in module \tt_um_larsnitschke_tick..
Finding unused cells or wires in module \tick_core..

7.8. Executing OPT_EXPR pass (perform const folding).
Optimizing module tt_um_larsnitschke_tick.
Optimizing module tick_core.

7.9. Finished fast OPT passes. (There is nothing left to do.)

8. Executing MEMORY pass.

8.1. Executing OPT_MEM pass (optimize memories).
Performed a total of 0 transformations.

8.2. Executing OPT_MEM_PRIORITY pass (removing unnecessary memory write priority relations).
Performed a total of 0 transformations.

8.3. Executing OPT_MEM_FEEDBACK pass (finding memory read-to-write feedback paths).

8.4. Executing MEMORY_BMUX2ROM pass (converting muxes to ROMs).

8.5. Executing MEMORY_DFF pass (merging $dff cells to $memrd).

8.6. Executing OPT_CLEAN pass (remove unused cells and wires).
Finding unused cells or wires in module \tt_um_larsnitschke_tick..
Finding unused cells or wires in module \tick_core..

8.7. Executing MEMORY_SHARE pass (consolidating $memrd/$memwr cells).

8.8. Executing OPT_MEM_WIDEN pass (optimize memories where all ports are wide).
Performed a total of 0 transformations.

8.9. Executing OPT_CLEAN pass (remove unused cells and wires).
Finding unused cells or wires in module \tt_um_larsnitschke_tick..
Finding unused cells or wires in module \tick_core..

8.10. Executing MEMORY_COLLECT pass (generating $mem cells).

8.11. Executing MEMORY_MAP pass (converting memories to logic and flip-flops).

9. Executing OPT pass (performing simple optimizations).

9.1. Executing OPT_EXPR pass (perform const folding).
Optimizing module tt_um_larsnitschke_tick.
Optimizing module tick_core.

9.2. Executing OPT_MERGE pass (detect identical cells).
Finding identical cells in module `\tt_um_larsnitschke_tick'.
Computing hashes of 26 cells of `\tt_um_larsnitschke_tick'.
Finding duplicate cells in `\tt_um_larsnitschke_tick'.
Finding identical cells in module `\tick_core'.
Computing hashes of 864 cells of `\tick_core'.
Finding duplicate cells in `\tick_core'.
Removed a total of 0 cells.

9.3. Executing OPT_MUXTREE pass (detect dead branches in mux trees).
Running muxtree optimizer on module \tt_um_larsnitschke_tick..
  Creating internal representation of mux trees.
  No muxes found in this module.
Running muxtree optimizer on module \tick_core..
  Creating internal representation of mux trees.
  Evaluating internal representation of mux trees.
  Analyzing evaluation results.
Removed 0 multiplexer ports.
<suppressed ~1168 debug messages>

9.4. Executing OPT_REDUCE pass (consolidate $*mux and $reduce_* inputs).
  Optimizing cells in module \tt_um_larsnitschke_tick.
  Optimizing cells in module \tick_core.
Performed a total of 0 changes.

9.5. Executing OPT_MERGE pass (detect identical cells).
Finding identical cells in module `\tt_um_larsnitschke_tick'.
Computing hashes of 26 cells of `\tt_um_larsnitschke_tick'.
Finding duplicate cells in `\tt_um_larsnitschke_tick'.
Finding identical cells in module `\tick_core'.
Computing hashes of 864 cells of `\tick_core'.
Finding duplicate cells in `\tick_core'.
Removed a total of 0 cells.

9.6. Executing OPT_DFF pass (perform DFF optimizations).

9.7. Executing OPT_CLEAN pass (remove unused cells and wires).
Finding unused cells or wires in module \tt_um_larsnitschke_tick..
Finding unused cells or wires in module \tick_core..

9.8. Executing OPT_EXPR pass (perform const folding).
Optimizing module tt_um_larsnitschke_tick.
Optimizing module tick_core.

9.9. Finished fast OPT passes. (There is nothing left to do.)

10. Executing TECHMAP pass (map to technology primitives).

10.1. Executing Verilog-2005 frontend: /opt/homebrew/bin/../share/yosys/techmap.v
Parsing Verilog input from `/opt/homebrew/bin/../share/yosys/techmap.v' to AST representation.
Generating RTLIL representation for module `\_90_simplemap_bool_ops'.
Generating RTLIL representation for module `\_90_simplemap_reduce_ops'.
Generating RTLIL representation for module `\_90_simplemap_logic_ops'.
Generating RTLIL representation for module `\_90_simplemap_compare_ops'.
Generating RTLIL representation for module `\_90_simplemap_various'.
Generating RTLIL representation for module `\_90_simplemap_registers'.
Generating RTLIL representation for module `\_90_shift_ops_shr_shl_sshl_sshr'.
Generating RTLIL representation for module `\_90_shift_shiftx'.
Generating RTLIL representation for module `\_90_fa'.
Generating RTLIL representation for module `\_90_lcu_brent_kung'.
Generating RTLIL representation for module `\_90_alu'.
Generating RTLIL representation for module `\_90_macc'.
Generating RTLIL representation for module `\_90_alumacc'.
Generating RTLIL representation for module `$__div_mod_u'.
Generating RTLIL representation for module `$__div_mod_trunc'.
Generating RTLIL representation for module `\_90_div'.
Generating RTLIL representation for module `\_90_mod'.
Generating RTLIL representation for module `$__div_mod_floor'.
Generating RTLIL representation for module `\_90_divfloor'.
Generating RTLIL representation for module `\_90_modfloor'.
Generating RTLIL representation for module `\_90_pow'.
Generating RTLIL representation for module `\_90_demux'.
Generating RTLIL representation for module `\_90_lut'.
Generating RTLIL representation for module `$connect'.
Generating RTLIL representation for module `$input_port'.
Successfully finished Verilog frontend.

10.2. Continuing TECHMAP pass.
Using extmapper simplemap for cells of type $reduce_and.
Using extmapper simplemap for cells of type $not.
Using extmapper simplemap for cells of type $adffe.
Using extmapper simplemap for cells of type $dffe.
Using extmapper simplemap for cells of type $reduce_bool.
Using extmapper simplemap for cells of type $ne.
Using extmapper simplemap for cells of type $eq.
Using extmapper simplemap for cells of type $logic_and.
Using extmapper simplemap for cells of type $logic_not.
Running "alumacc" on wrapper $extern:wrap:$add:Y_WIDTH=3:B_WIDTH=3:A_WIDTH=3:B_SIGNED=0:A_SIGNED=0:394426c56d1a028ba8fdd5469b163e04011def47.
Using template $extern:wrap:$add:Y_WIDTH=3:B_WIDTH=3:A_WIDTH=3:B_SIGNED=0:A_SIGNED=0:394426c56d1a028ba8fdd5469b163e04011def47 for cells of type $extern:wrap:$add:Y_WIDTH=3:B_WIDTH=3:A_WIDTH=3:B_SIGNED=0:A_SIGNED=0:394426c56d1a028ba8fdd5469b163e04011def47.
Running "alumacc" on wrapper $extern:wrap:$sub:Y_WIDTH=16:B_WIDTH=16:A_WIDTH=16:B_SIGNED=0:A_SIGNED=0:394426c56d1a028ba8fdd5469b163e04011def47.
Using template $extern:wrap:$sub:Y_WIDTH=16:B_WIDTH=16:A_WIDTH=16:B_SIGNED=0:A_SIGNED=0:394426c56d1a028ba8fdd5469b163e04011def47 for cells of type $extern:wrap:$sub:Y_WIDTH=16:B_WIDTH=16:A_WIDTH=16:B_SIGNED=0:A_SIGNED=0:394426c56d1a028ba8fdd5469b163e04011def47.
Running "alumacc" on wrapper $extern:wrap:$ge:Y_WIDTH=1:B_WIDTH=20:A_WIDTH=20:B_SIGNED=0:A_SIGNED=0:394426c56d1a028ba8fdd5469b163e04011def47.
Using template $extern:wrap:$ge:Y_WIDTH=1:B_WIDTH=20:A_WIDTH=20:B_SIGNED=0:A_SIGNED=0:394426c56d1a028ba8fdd5469b163e04011def47 for cells of type $extern:wrap:$ge:Y_WIDTH=1:B_WIDTH=20:A_WIDTH=20:B_SIGNED=0:A_SIGNED=0:394426c56d1a028ba8fdd5469b163e04011def47.
Running "alumacc" on wrapper $extern:wrap:$sub:Y_WIDTH=20:B_WIDTH=20:A_WIDTH=20:B_SIGNED=0:A_SIGNED=0:394426c56d1a028ba8fdd5469b163e04011def47.
Using template $extern:wrap:$sub:Y_WIDTH=20:B_WIDTH=20:A_WIDTH=20:B_SIGNED=0:A_SIGNED=0:394426c56d1a028ba8fdd5469b163e04011def47 for cells of type $extern:wrap:$sub:Y_WIDTH=20:B_WIDTH=20:A_WIDTH=20:B_SIGNED=0:A_SIGNED=0:394426c56d1a028ba8fdd5469b163e04011def47.
Running "alumacc" on wrapper $extern:wrap:$add:Y_WIDTH=20:B_WIDTH=20:A_WIDTH=20:B_SIGNED=0:A_SIGNED=0:394426c56d1a028ba8fdd5469b163e04011def47.
Using template $extern:wrap:$add:Y_WIDTH=20:B_WIDTH=20:A_WIDTH=20:B_SIGNED=0:A_SIGNED=0:394426c56d1a028ba8fdd5469b163e04011def47 for cells of type $extern:wrap:$add:Y_WIDTH=20:B_WIDTH=20:A_WIDTH=20:B_SIGNED=0:A_SIGNED=0:394426c56d1a028ba8fdd5469b163e04011def47.
Running "alumacc" on wrapper $extern:wrap:$add:Y_WIDTH=4:B_WIDTH=4:A_WIDTH=4:B_SIGNED=0:A_SIGNED=0:394426c56d1a028ba8fdd5469b163e04011def47.
Using template $extern:wrap:$add:Y_WIDTH=4:B_WIDTH=4:A_WIDTH=4:B_SIGNED=0:A_SIGNED=0:394426c56d1a028ba8fdd5469b163e04011def47 for cells of type $extern:wrap:$add:Y_WIDTH=4:B_WIDTH=4:A_WIDTH=4:B_SIGNED=0:A_SIGNED=0:394426c56d1a028ba8fdd5469b163e04011def47.
Running "alumacc" on wrapper $extern:wrap:$sub:Y_WIDTH=4:B_WIDTH=4:A_WIDTH=4:B_SIGNED=0:A_SIGNED=0:394426c56d1a028ba8fdd5469b163e04011def47.
Using template $extern:wrap:$sub:Y_WIDTH=4:B_WIDTH=4:A_WIDTH=4:B_SIGNED=0:A_SIGNED=0:394426c56d1a028ba8fdd5469b163e04011def47 for cells of type $extern:wrap:$sub:Y_WIDTH=4:B_WIDTH=4:A_WIDTH=4:B_SIGNED=0:A_SIGNED=0:394426c56d1a028ba8fdd5469b163e04011def47.
Using extmapper simplemap for cells of type $mux.
Using template $paramod$constmap:8876c1e1fa289f4793438d4e34d232728e6a9746$paramod$92adee9538f2381d8e5006822c900eb986d754e8\_90_shift_shiftx for cells of type $shiftx.
Using extmapper simplemap for cells of type $logic_or.
Using template $paramod$constmap:755132e1e0176e7e858cd1a27f41b0eb234485b9$paramod$21c03ec725157176e885a706babcf9521550823c\_90_shift_shiftx for cells of type $shift.
Using extmapper simplemap for cells of type $and.
Running "alumacc" on wrapper $extern:wrap:$neg:Y_WIDTH=5:A_WIDTH=5:A_SIGNED=1:394426c56d1a028ba8fdd5469b163e04011def47.
Using template $extern:wrap:$neg:Y_WIDTH=5:A_WIDTH=5:A_SIGNED=1:394426c56d1a028ba8fdd5469b163e04011def47 for cells of type $extern:wrap:$neg:Y_WIDTH=5:A_WIDTH=5:A_SIGNED=1:394426c56d1a028ba8fdd5469b163e04011def47.
Analyzing pattern of constant bits for this cell:
Creating constmapped module `$paramod$constmap:92029899d49d8a97ffcae5fe099b2ee8607bded9$paramod$21c03ec725157176e885a706babcf9521550823c\_90_shift_shiftx'.

10.29. Executing OPT_MUXTREE pass (detect dead branches in mux trees).
Running muxtree optimizer on module $paramod$constmap:92029899d49d8a97ffcae5fe099b2ee8607bded9$paramod$21c03ec725157176e885a706babcf9521550823c\_90_shift_shiftx..
  Creating internal representation of mux trees.
  Evaluating internal representation of mux trees.
  Analyzing evaluation results.
    dead port 2/2 on $mux $procmux$11442.
    dead port 2/2 on $mux $procmux$11448.
    dead port 2/2 on $mux $procmux$11454.
    dead port 2/2 on $mux $procmux$11460.
Removed 4 multiplexer ports.
<suppressed ~875 debug messages>

10.30. Executing OPT_EXPR pass (perform const folding).
Optimizing module $paramod$constmap:92029899d49d8a97ffcae5fe099b2ee8607bded9$paramod$21c03ec725157176e885a706babcf9521550823c\_90_shift_shiftx.
<suppressed ~2 debug messages>
Removed 0 unused cells and 10 unused wires.
Using template $paramod$constmap:92029899d49d8a97ffcae5fe099b2ee8607bded9$paramod$21c03ec725157176e885a706babcf9521550823c\_90_shift_shiftx for cells of type $shift.
Using extmapper simplemap for cells of type $or.
Running "alumacc" on wrapper $extern:wrap:$add:Y_WIDTH=6:B_WIDTH=6:A_WIDTH=6:B_SIGNED=0:A_SIGNED=0:394426c56d1a028ba8fdd5469b163e04011def47.
Using template $extern:wrap:$add:Y_WIDTH=6:B_WIDTH=6:A_WIDTH=6:B_SIGNED=0:A_SIGNED=0:394426c56d1a028ba8fdd5469b163e04011def47 for cells of type $extern:wrap:$add:Y_WIDTH=6:B_WIDTH=6:A_WIDTH=6:B_SIGNED=0:A_SIGNED=0:394426c56d1a028ba8fdd5469b163e04011def47.
Running "alumacc" on wrapper $extern:wrap:$add:Y_WIDTH=9:B_WIDTH=9:A_WIDTH=9:B_SIGNED=0:A_SIGNED=0:394426c56d1a028ba8fdd5469b163e04011def47.
Using template $extern:wrap:$add:Y_WIDTH=9:B_WIDTH=9:A_WIDTH=9:B_SIGNED=0:A_SIGNED=0:394426c56d1a028ba8fdd5469b163e04011def47 for cells of type $extern:wrap:$add:Y_WIDTH=9:B_WIDTH=9:A_WIDTH=9:B_SIGNED=0:A_SIGNED=0:394426c56d1a028ba8fdd5469b163e04011def47.
Using extmapper simplemap for cells of type $pmux.
Using extmapper simplemap for cells of type $adff.
Using template $paramod$78e969f2586efcf3a5b0b0440bcca0db83d5cca2\_90_alu for cells of type $alu.
Using template $paramod$d2fa05d38998afabc6d4f34471305d0af4b8b2df\_90_alu for cells of type $alu.
Using template $paramod$00298f3f8094950cb9a5ff2fda48d0d8bde8806c\_90_alu for cells of type $alu.
Using template $paramod$740b056ede97228d3eae64ea2fdc81f0a33e0fe7\_90_alu for cells of type $alu.
Using template $paramod$3e96e356bb68fcbd4f9c12f6d97ec8513d1af8c6\_90_alu for cells of type $alu.
Using template $paramod$6fc37af1c109ae54e8aed83fcd995c12d378ce93\_90_alu for cells of type $alu.
Using extmapper simplemap for cells of type $reduce_or.
Using template $paramod$6df0329addda9228fcc2546de2aaf14ad26c98e1\_90_alu for cells of type $alu.
Using extmapper simplemap for cells of type $pos.
Using template $paramod\_90_fa\WIDTH=32'00000000000000000000000000000011 for cells of type $fa.
Using template $paramod\_90_lcu_brent_kung\WIDTH=32'00000000000000000000000000000011 for cells of type $lcu.
Using extmapper simplemap for cells of type $xor.
Using template $paramod\_90_fa\WIDTH=32'00000000000000000000000000010000 for cells of type $fa.
Using template $paramod\_90_lcu_brent_kung\WIDTH=32'00000000000000000000000000010000 for cells of type $lcu.
Using template $paramod\_90_fa\WIDTH=32'00000000000000000000000000010100 for cells of type $fa.
Using template $paramod\_90_lcu_brent_kung\WIDTH=32'00000000000000000000000000010100 for cells of type $lcu.
Using template $paramod\_90_fa\WIDTH=32'00000000000000000000000000000100 for cells of type $fa.
Using template $paramod\_90_lcu_brent_kung\WIDTH=32'00000000000000000000000000000100 for cells of type $lcu.
Using template $paramod\_90_fa\WIDTH=32'00000000000000000000000000000101 for cells of type $fa.
Using template $paramod\_90_lcu_brent_kung\WIDTH=32'00000000000000000000000000000101 for cells of type $lcu.
Using template $paramod\_90_fa\WIDTH=32'00000000000000000000000000000110 for cells of type $fa.
Using template $paramod\_90_lcu_brent_kung\WIDTH=32'00000000000000000000000000000110 for cells of type $lcu.
Using template $paramod\_90_fa\WIDTH=32'00000000000000000000000000001001 for cells of type $fa.
Using template $paramod\_90_lcu_brent_kung\WIDTH=32'00000000000000000000000000001001 for cells of type $lcu.
No more expansions possible.
<suppressed ~2333 debug messages>

11. Executing OPT pass (performing simple optimizations).

11.1. Executing OPT_EXPR pass (perform const folding).
Optimizing module tt_um_larsnitschke_tick.
<suppressed ~20 debug messages>
Optimizing module tick_core.
<suppressed ~2909 debug messages>

11.2. Executing OPT_MERGE pass (detect identical cells).
Finding identical cells in module `\tt_um_larsnitschke_tick'.
Computing hashes of 81 cells of `\tt_um_larsnitschke_tick'.
Finding duplicate cells in `\tt_um_larsnitschke_tick'.
Computing hashes of 71 cells of `\tt_um_larsnitschke_tick'.
Finding duplicate cells in `\tt_um_larsnitschke_tick'.
Computing hashes of 67 cells of `\tt_um_larsnitschke_tick'.
Finding duplicate cells in `\tt_um_larsnitschke_tick'.
<suppressed ~42 debug messages>
Finding identical cells in module `\tick_core'.
Computing hashes of 9285 cells of `\tick_core'.
Finding duplicate cells in `\tick_core'.
Computing hashes of 8637 cells of `\tick_core'.
Finding duplicate cells in `\tick_core'.
Computing hashes of 8270 cells of `\tick_core'.
Finding duplicate cells in `\tick_core'.
Computing hashes of 8154 cells of `\tick_core'.
Finding duplicate cells in `\tick_core'.
Computing hashes of 8139 cells of `\tick_core'.
Finding duplicate cells in `\tick_core'.
Computing hashes of 8133 cells of `\tick_core'.
Finding duplicate cells in `\tick_core'.
Computing hashes of 8126 cells of `\tick_core'.
Finding duplicate cells in `\tick_core'.
Computing hashes of 8123 cells of `\tick_core'.
Finding duplicate cells in `\tick_core'.
Computing hashes of 8117 cells of `\tick_core'.
Finding duplicate cells in `\tick_core'.
Computing hashes of 8114 cells of `\tick_core'.
Finding duplicate cells in `\tick_core'.
Computing hashes of 8106 cells of `\tick_core'.
Finding duplicate cells in `\tick_core'.
Computing hashes of 8101 cells of `\tick_core'.
Finding duplicate cells in `\tick_core'.
Computing hashes of 8090 cells of `\tick_core'.
Finding duplicate cells in `\tick_core'.
Computing hashes of 8084 cells of `\tick_core'.
Finding duplicate cells in `\tick_core'.
Computing hashes of 8077 cells of `\tick_core'.
Finding duplicate cells in `\tick_core'.
Computing hashes of 8075 cells of `\tick_core'.
Finding duplicate cells in `\tick_core'.
Computing hashes of 8073 cells of `\tick_core'.
Finding duplicate cells in `\tick_core'.
<suppressed ~3636 debug messages>
Removed a total of 1226 cells.

11.3. Executing OPT_MUXTREE pass (detect dead branches in mux trees).
Running muxtree optimizer on module \tt_um_larsnitschke_tick..
  Creating internal representation of mux trees.
  No muxes found in this module.
Running muxtree optimizer on module \tick_core..
  Creating internal representation of mux trees.
  No muxes found in this module.
Removed 0 multiplexer ports.

11.4. Executing OPT_REDUCE pass (consolidate $*mux and $reduce_* inputs).
  Optimizing cells in module \tt_um_larsnitschke_tick.
  Optimizing cells in module \tick_core.
Performed a total of 0 changes.

11.5. Executing OPT_MERGE pass (detect identical cells).
Finding identical cells in module `\tt_um_larsnitschke_tick'.
Computing hashes of 67 cells of `\tt_um_larsnitschke_tick'.
Finding duplicate cells in `\tt_um_larsnitschke_tick'.
Finding identical cells in module `\tick_core'.
Computing hashes of 8073 cells of `\tick_core'.
Finding duplicate cells in `\tick_core'.
Removed a total of 0 cells.

11.6. Executing OPT_DFF pass (perform DFF optimizations).

11.7. Executing OPT_CLEAN pass (remove unused cells and wires).
Finding unused cells or wires in module \tt_um_larsnitschke_tick..
Finding unused cells or wires in module \tick_core..
Removed 226 unused cells and 2168 unused wires.
<suppressed ~228 debug messages>

11.8. Executing OPT_EXPR pass (perform const folding).
Optimizing module tt_um_larsnitschke_tick.
Optimizing module tick_core.

11.9. Rerunning OPT passes. (Maybe there is more to do..)

11.10. Executing OPT_MUXTREE pass (detect dead branches in mux trees).
Running muxtree optimizer on module \tt_um_larsnitschke_tick..
  Creating internal representation of mux trees.
  No muxes found in this module.
Running muxtree optimizer on module \tick_core..
  Creating internal representation of mux trees.
  No muxes found in this module.
Removed 0 multiplexer ports.

11.11. Executing OPT_REDUCE pass (consolidate $*mux and $reduce_* inputs).
  Optimizing cells in module \tt_um_larsnitschke_tick.
  Optimizing cells in module \tick_core.
Performed a total of 0 changes.

11.12. Executing OPT_MERGE pass (detect identical cells).
Finding identical cells in module `\tt_um_larsnitschke_tick'.
Computing hashes of 67 cells of `\tt_um_larsnitschke_tick'.
Finding duplicate cells in `\tt_um_larsnitschke_tick'.
Finding identical cells in module `\tick_core'.
Computing hashes of 7847 cells of `\tick_core'.
Finding duplicate cells in `\tick_core'.
Removed a total of 0 cells.

11.13. Executing OPT_DFF pass (perform DFF optimizations).

11.14. Executing OPT_CLEAN pass (remove unused cells and wires).
Finding unused cells or wires in module \tt_um_larsnitschke_tick..
Finding unused cells or wires in module \tick_core..

11.15. Executing OPT_EXPR pass (perform const folding).
Optimizing module tt_um_larsnitschke_tick.
Optimizing module tick_core.

11.16. Finished fast OPT passes. (There is nothing left to do.)

12. Executing ABC pass (technology mapping using ABC).

12.1. Extracting gate netlist of module `\tt_um_larsnitschke_tick' to `<abc-temp-dir>/input.blif'..

12.1.1. Executed ABC.
Extracted 32 gates and 41 wires to a netlist network with 9 inputs and 9 outputs.
Running ABC script: <abc-temp-dir>/abc.script
ABC: ======== ABC command line "source <abc-temp-dir>/abc.script"
ABC: + read_blif <abc-temp-dir>/input.blif 
ABC: + read_library <abc-temp-dir>/stdcells.genlib 
ABC: + strash 
ABC: + &get -n 
ABC: + &fraig -x 
ABC: + &put 
ABC: + scorr 
ABC: Warning: The network is combinational (run "fraig" or "fraig_sweep").
ABC: + dc2 
ABC: + dretime 
ABC: + strash 
ABC: + &get -n 
ABC: + &dch -f 
ABC: + &nf 
ABC: + &put 
ABC: + write_blif <abc-temp-dir>/output.blif 

12.1.2. Re-integrating ABC results.
ABC RESULTS:               AND cells:        8
ABC RESULTS:            ANDNOT cells:        7
ABC RESULTS:               NOR cells:        1
ABC RESULTS:        internal signals:       23
ABC RESULTS:           input signals:        9
ABC RESULTS:          output signals:        9
Removing temp directory.

12.2. Extracting gate netlist of module `\tick_core' to `<abc-temp-dir>/input.blif'..
Replacing 257 occurrences of constant undef bits with constant zero bits

12.2.1. Executed ABC.
Extracted 6485 gates and 7887 wires to a netlist network with 1399 inputs and 281 outputs.
Running ABC script: <abc-temp-dir>/abc.script
ABC: ======== ABC command line "source <abc-temp-dir>/abc.script"
ABC: + read_blif <abc-temp-dir>/input.blif 
ABC: + read_library <abc-temp-dir>/stdcells.genlib 
ABC: + strash 
ABC: + &get -n 
ABC: + &fraig -x 
ABC: + &put 
ABC: + scorr 
ABC: Warning: The network is combinational (run "fraig" or "fraig_sweep").
ABC: + dc2 
ABC: + dretime 
ABC: + strash 
ABC: + &get -n 
ABC: + &dch -f 
ABC: + &nf 
ABC: + &put 
ABC: + write_blif <abc-temp-dir>/output.blif 

12.2.2. Re-integrating ABC results.
ABC RESULTS:               AND cells:     1920
ABC RESULTS:            ANDNOT cells:      169
ABC RESULTS:               MUX cells:      291
ABC RESULTS:              NAND cells:     2172
ABC RESULTS:               NOR cells:       81
ABC RESULTS:               NOT cells:       25
ABC RESULTS:                OR cells:      143
ABC RESULTS:             ORNOT cells:      121
ABC RESULTS:              XNOR cells:       53
ABC RESULTS:               XOR cells:       47
ABC RESULTS:        internal signals:     6207
ABC RESULTS:           input signals:     1399
ABC RESULTS:          output signals:      281
Removing temp directory.
Removing global temp directory.

13. Executing OPT_CLEAN pass (remove unused cells and wires).
Finding unused cells or wires in module \tt_um_larsnitschke_tick..
Finding unused cells or wires in module \tick_core..
Removed 6 unused cells and 4867 unused wires.
<suppressed ~12 debug messages>

14. Printing statistics.

=== tt_um_larsnitschke_tick ===

        +----------Local Count, excluding submodules.
        | 
       41 wires
      119 wire bits
       29 public wires
      107 public wire bits
        8 ports
       43 port bits
       50 cells
        7   $_ANDNOT_
        8   $_AND_
       32   $_DFFE_PN0P_
        2   $_DFF_PN0_
        1   $_NOR_
        1 submodules
        1   tick_core

=== tick_core ===

        +----------Local Count, excluding submodules.
        | 
     5104 wires
     6548 wire bits
      150 public wires
     1531 public wire bits
       22 ports
       99 port bits
     6378 cells
      169   $_ANDNOT_
     1917   $_AND_
     1142   $_DFFE_PN0P_
        2   $_DFFE_PN1P_
      204   $_DFFE_PP_
       11   $_DFF_PN0_
      291   $_MUX_
     2172   $_NAND_
       81   $_NOR_
       25   $_NOT_
      121   $_ORNOT_
      143   $_OR_
       53   $_XNOR_
       47   $_XOR_

=== design hierarchy ===

        +----------Count including submodules.
        | 
     6428 tt_um_larsnitschke_tick
     6378 tick_core

        +----------Count including submodules.
        | 
     5145 wires
     6667 wire bits
      179 public wires
     1638 public wire bits
       30 ports
      142 port bits
        - memories
        - memory bits
        - processes
     6428 cells
      176   $_ANDNOT_
     1925   $_AND_
     1174   $_DFFE_PN0P_
        2   $_DFFE_PN1P_
      204   $_DFFE_PP_
       13   $_DFF_PN0_
      291   $_MUX_
     2172   $_NAND_
       82   $_NOR_
       25   $_NOT_
      121   $_ORNOT_
      143   $_OR_
       53   $_XNOR_
       47   $_XOR_
        1 submodules
        1   tick_core

15. Executing Verilog backend.

15.1. Executing BMUXMAP pass.

15.2. Executing DEMUXMAP pass.
Dumping module `\tick_core'.
Dumping module `\tt_um_larsnitschke_tick'.

Warnings: 4 unique messages, 4 total
End of script. Logfile hash: 3e6fdef77e, time: 1.56s, user: 0.51s, system: 0.02s, MEM: 57.33 MB peak
Yosys 0.68+post (git sha1 c12172fbae8af5e20f6fb52e3d4e92d56ed587b6, Release, AppleClang clang++ 21.0.0.21000101)
Time spent: 55% 1x abc (0 sec), 8% 32x opt_expr (0 sec), ...
