
 /----------------------------------------------------------------------------\
 |  yosys -- Yosys Open SYnthesis Suite                                       |
 |  Copyright (C) 2012 - 2026  Claire Xenia Wolf <claire@yosyshq.com>         |
 |  Distributed under an ISC-like license, type "license" to see terms        |
 \----------------------------------------------------------------------------/
 Yosys 0.68+post (git sha1 c12172fbae8af5e20f6fb52e3d4e92d56ed587b6, Release, AppleClang clang++ 21.0.0.21000101)

-- Running command `
  read_verilog -sv src/tick_core.sv src/tt_um_larsnitschke_tick.sv
  hierarchy -check -top tt_um_larsnitschke_tick
  proc; opt; fsm; opt; memory; opt
  techmap; opt
  abc
  opt_clean
  stat
' --

1. Executing Verilog-2005 frontend: src/tick_core.sv
Parsing SystemVerilog input from `src/tick_core.sv' to AST representation.
Generating RTLIL representation for module `\tick_core'.
Warning: Replacing memory \rxfifo with list of registers. See src/tick_core.sv:426
Warning: Replacing memory \txfifo with list of registers. See src/tick_core.sv:138
Warning: Replacing memory \rf with list of registers. See src/tick_core.sv:123
Warning: Replacing memory \imem with list of registers. See src/tick_core.sv:122
Successfully finished Verilog frontend.

2. Executing Verilog-2005 frontend: src/tt_um_larsnitschke_tick.sv
Parsing SystemVerilog input from `src/tt_um_larsnitschke_tick.sv' to AST representation.
Generating RTLIL representation for module `\tt_um_larsnitschke_tick'.
Successfully finished Verilog frontend.

3. Executing HIERARCHY pass (managing design hierarchy).

3.1. Analyzing design hierarchy..
Top module:  \tt_um_larsnitschke_tick
Used module:     \tick_core

3.2. Analyzing design hierarchy..
Top module:  \tt_um_larsnitschke_tick
Used module:     \tick_core
Removed 0 unused modules.

4. Executing PROC pass (convert processes to netlists).

4.1. Executing PROC_CLEAN pass (remove empty switches from decision trees).
Cleaned up 0 empty switches.

4.2. Executing PROC_RMDEAD pass (remove dead branches from decision trees).
Marked 1 switch rules as full_case in process $proc$src/tt_um_larsnitschke_tick.sv:60$594 in module tt_um_larsnitschke_tick.
Removed 1 dead cases from process $proc$src/tick_core.sv:87$583 in module tick_core.
Marked 1 switch rules as full_case in process $proc$src/tick_core.sv:87$583 in module tick_core.
Removed 23 dead cases from process $proc$src/tick_core.sv:91$47 in module tick_core.
Marked 84 switch rules as full_case in process $proc$src/tick_core.sv:91$47 in module tick_core.
Removed a total of 24 dead cases.

4.3. Executing PROC_PRUNE pass (remove redundant assignments in processes).
Removed 4 redundant assignments.
Promoted 114 assignments to connections.

4.4. Executing PROC_INIT pass (extract init attributes).

4.5. Executing PROC_ARST pass (detect async resets in processes).
Found async reset \rst_n in `\tt_um_larsnitschke_tick.$proc$src/tt_um_larsnitschke_tick.sv:60$594'.
Found async reset \rst_n in `\tick_core.$proc$src/tick_core.sv:91$47'.

4.6. Executing PROC_ROM pass (convert switches to ROMs).
Converted 0 switches.
<suppressed ~102 debug messages>

4.7. Executing PROC_MUX pass (convert decision trees to multiplexers).
Creating decoders for process `\tt_um_larsnitschke_tick.$proc$src/tt_um_larsnitschke_tick.sv:60$594'.
     1/7: $0\host_word[9:0] [9:8]
     2/7: $0\host_word[9:0] [7:0]
     3/7: $0\load_word[15:0] [7:0]
     4/7: $0\prev_wr[0:0]
     5/7: $0\load_word[15:0] [15:8]
     6/7: $0\prev_imem[0:0]
     7/7: $0\load_addr[5:0]
Creating decoders for process `\tick_core.$proc$src/tick_core.sv:87$583'.
     1/1: $1$mem2reg_rd$\imem$src/tick_core.sv:87$4_DATA[15:0]$585
Creating decoders for process `\tick_core.$proc$src/tick_core.sv:91$47'.
     1/850: $6\main.p_val_n[3:0]
     2/850: $6\main.p_mask_n[3:0]
     3/850: $6\main.p_oe_n[0:0]
     4/850: $6\main.p_data_n[7:0]
     5/850: $6\main.p_nm1_n[3:0]
     6/850: $6\main.p_mode_n[1:0]
     7/850: $6\main.p_msb_n[0:0]
     8/850: $14\main.a_val_n[3:0]
     9/850: $14\main.a_mask_n[3:0]
    10/850: $14\main.a_oe_n[0:0]
    11/850: $16\main.a_res_n[15:0]
    12/850: $14\main.a_data_n[7:0]
    13/850: $14\main.a_done_n[3:0]
    14/850: $14\main.a_nm1_n[3:0]
    15/850: $14\main.a_mode_n[1:0]
    16/850: $14\main.a_msb_n[0:0]
    17/850: $15\main.a_res_n[15:0]
    18/850: $13\main.a_data_n[7:0]
    19/850: $13\main.a_done_n[3:0]
    20/850: $13\main.a_nm1_n[3:0]
    21/850: $13\main.a_mode_n[1:0]
    22/850: $13\main.a_val_n[3:0]
    23/850: $13\main.a_mask_n[3:0]
    24/850: $13\main.a_msb_n[0:0]
    25/850: $13\main.a_oe_n[0:0]
    26/850: $13\main.a_k[1:0]
    27/850: $5\main.p_data_n[7:0]
    28/850: $5\main.p_nm1_n[3:0]
    29/850: $5\main.p_mode_n[1:0]
    30/850: $5\main.p_val_n[3:0]
    31/850: $5\main.p_mask_n[3:0]
    32/850: $5\main.p_msb_n[0:0]
    33/850: $5\main.p_oe_n[0:0]
    34/850: $13\main.p_k[1:0]
    35/850: $14\main.a_res_n[15:0]
    36/850: $4\main.p_data_n[7:0]
    37/850: $12\main.a_data_n[7:0]
    38/850: $12\main.a_done_n[3:0]
    39/850: $4\main.p_nm1_n[3:0]
    40/850: $12\main.a_nm1_n[3:0]
    41/850: $4\main.p_mode_n[1:0]
    42/850: $12\main.a_mode_n[1:0]
    43/850: $4\main.p_val_n[3:0]
    44/850: $12\main.a_val_n[3:0]
    45/850: $4\main.p_mask_n[3:0]
    46/850: $12\main.a_mask_n[3:0]
    47/850: $4\main.p_msb_n[0:0]
    48/850: $12\main.a_msb_n[0:0]
    49/850: $4\main.p_oe_n[0:0]
    50/850: $12\main.a_oe_n[0:0]
    51/850: $12\main.p_k[1:0]
    52/850: $12\main.a_k[1:0]
    53/850: $6$mem2reg_rd$\rf$src/tick_core.sv:456$39_DATA[7:0]$575
    54/850: $6$mem2reg_rd$\rf$src/tick_core.sv:455$38_DATA[7:0]$574
    55/850: $6$mem2reg_rd$\rf$src/tick_core.sv:454$37_DATA[7:0]$573
    56/850: $6$mem2reg_rd$\rf$src/tick_core.sv:453$36_DATA[7:0]$572
    57/850: $0\phase_cfg[15:0] [15:8]
    58/850: $0\phase_cfg[15:0] [7:0]
    59/850: $6$mem2reg_rd$\rf$src/tick_core.sv:451$34_DATA[7:0]$570
    60/850: $0\per_fp[19:0] [19:16]
    61/850: $0\per_fp[19:0] [15:8]
    62/850: $6$mem2reg_rd$\rf$src/tick_core.sv:450$33_DATA[7:0]$569
    63/850: $0\per_fp[19:0] [7:0]
    64/850: $5$mem2reg_rd$\rf$src/tick_core.sv:448$32_DATA[7:0]$553
    65/850: $5$mem2reg_rd$\rf$src/tick_core.sv:448$32_ADDR[1:0]$552
    66/850: $5$mem2reg_rd$\rf$src/tick_core.sv:456$39_DATA[7:0]$567
    67/850: $5$mem2reg_rd$\rf$src/tick_core.sv:456$39_ADDR[1:0]$566
    68/850: $5$mem2reg_rd$\rf$src/tick_core.sv:455$38_DATA[7:0]$565
    69/850: $5$mem2reg_rd$\rf$src/tick_core.sv:455$38_ADDR[1:0]$564
    70/850: $5$mem2reg_rd$\rf$src/tick_core.sv:454$37_DATA[7:0]$563
    71/850: $5$mem2reg_rd$\rf$src/tick_core.sv:454$37_ADDR[1:0]$562
    72/850: $5$mem2reg_rd$\rf$src/tick_core.sv:453$36_DATA[7:0]$561
    73/850: $5$mem2reg_rd$\rf$src/tick_core.sv:453$36_ADDR[1:0]$560
    74/850: $5$mem2reg_rd$\rf$src/tick_core.sv:452$35_DATA[7:0]$559
    75/850: $5$mem2reg_rd$\rf$src/tick_core.sv:452$35_ADDR[1:0]$558
    76/850: $5$mem2reg_rd$\rf$src/tick_core.sv:451$34_DATA[7:0]$557
    77/850: $5$mem2reg_rd$\rf$src/tick_core.sv:451$34_ADDR[1:0]$556
    78/850: $5$mem2reg_rd$\rf$src/tick_core.sv:450$33_DATA[7:0]$555
    79/850: $5$mem2reg_rd$\rf$src/tick_core.sv:450$33_ADDR[1:0]$554
    80/850: $6\main.next_pc[5:0]
    81/850: $14\main.issued[0:0]
    82/850: $20\main.waiting_n[0:0]
    83/850: $6$mem2reg_wr$\rf$src/tick_core.sv:437$31_DATA[7:0]$551
    84/850: $6$mem2reg_wr$\rf$src/tick_core.sv:437$31_ADDR[1:0]$550
    85/850: $5$mem2reg_wr$\rf$src/tick_core.sv:437$31_DATA[7:0]$548
    86/850: $5$mem2reg_wr$\rf$src/tick_core.sv:437$31_ADDR[1:0]$547
    87/850: $19\main.waiting_n[0:0]
    88/850: $13\main.issued[0:0]
    89/850: $6$mem2reg_rd$\rf$src/tick_core.sv:426$30_DATA[7:0]$544
    90/850: $12\main.issued[0:0]
    91/850: $5$mem2reg_wr$\rxfifo$src/tick_core.sv:426$29_ADDR[2:0]$540
    92/850: $5$mem2reg_wr$\rxfifo$src/tick_core.sv:426$29_DATA[9:0]$541
    93/850: $5$mem2reg_rd$\rf$src/tick_core.sv:426$30_DATA[7:0]$543
    94/850: $5$mem2reg_rd$\rf$src/tick_core.sv:426$30_ADDR[1:0]$542
    95/850: $10\main.stalled[0:0]
    96/850: $6$mem2reg_rd$\txfifo$src/tick_core.sv:418$28_DATA[9:0]$536
    97/850: $6$mem2reg_rd$\txfifo$src/tick_core.sv:417$27_DATA[9:0]$535
    98/850: $6$mem2reg_rd$\txfifo$src/tick_core.sv:415$25_DATA[9:0]$534
    99/850: $11\main.issued[0:0]
   100/850: $6$mem2reg_wr$\rf$src/tick_core.sv:404$24_ADDR[1:0]$532
   101/850: $6$mem2reg_wr$\rf$src/tick_core.sv:404$24_DATA[7:0]$533
   102/850: $18\main.waiting_n[0:0]
   103/850: $5$mem2reg_wr$\rf$src/tick_core.sv:404$24_DATA[7:0]$523
   104/850: $5$mem2reg_wr$\rf$src/tick_core.sv:404$24_ADDR[1:0]$522
   105/850: $17\main.waiting_n[0:0]
   106/850: $10\main.issued[0:0]
   107/850: $5$mem2reg_rd$\txfifo$src/tick_core.sv:418$28_DATA[9:0]$531
   108/850: $5$mem2reg_rd$\txfifo$src/tick_core.sv:418$28_ADDR[2:0]$530
   109/850: $5$mem2reg_rd$\txfifo$src/tick_core.sv:417$27_DATA[9:0]$529
   110/850: $5$mem2reg_rd$\txfifo$src/tick_core.sv:417$27_ADDR[2:0]$528
   111/850: $5$mem2reg_wr$\rf$src/tick_core.sv:416$26_DATA[7:0]$527
   112/850: $5$mem2reg_wr$\rf$src/tick_core.sv:416$26_ADDR[1:0]$526
   113/850: $5$mem2reg_rd$\txfifo$src/tick_core.sv:415$25_DATA[9:0]$525
   114/850: $5$mem2reg_rd$\txfifo$src/tick_core.sv:415$25_ADDR[2:0]$524
   115/850: $8\main.tmp[7:0]
   116/850: $6$mem2reg_rd$\rf$src/tick_core.sv:396$23_DATA[7:0]$521
   117/850: $9\main.stalled[0:0]
   118/850: $5$mem2reg_rd$\rf$src/tick_core.sv:396$23_DATA[7:0]$519
   119/850: $5$mem2reg_rd$\rf$src/tick_core.sv:396$23_ADDR[1:0]$518
   120/850: $5\main.post_msb[0:0]
   121/850: $5\main.post_data[7:0]
   122/850: $5\main.post_mode[1:0]
   123/850: $5\main.post_nm1[3:0]
   124/850: $9\main.post_kind[1:0]
   125/850: $9\main.do_post[0:0]
   126/850: $9\main.issued[0:0]
   127/850: $6$mem2reg_rd$\rf$src/tick_core.sv:378$21_DATA[7:0]$516
   128/850: $6$mem2reg_rd$\rf$src/tick_core.sv:377$20_DATA[7:0]$515
   129/850: $6$mem2reg_rd$\rf$src/tick_core.sv:371$18_DATA[7:0]$512
   130/850: $6$mem2reg_rd$\rf$src/tick_core.sv:371$17_DATA[7:0]$511
   131/850: $6$mem2reg_rd$\rf$src/tick_core.sv:368$16_DATA[7:0]$509
   132/850: $6$mem2reg_rd$\rf$src/tick_core.sv:367$15_DATA[7:0]$508
   133/850: $5$mem2reg_rd$\rf$src/tick_core.sv:368$16_DATA[7:0]$495
   134/850: $5$mem2reg_rd$\rf$src/tick_core.sv:368$16_ADDR[1:0]$494
   135/850: $5$mem2reg_wr$\rf$src/tick_core.sv:367$14_ADDR[1:0]$490
   136/850: $5$mem2reg_wr$\rf$src/tick_core.sv:367$14_DATA[7:0]$491
   137/850: $5$mem2reg_rd$\rf$src/tick_core.sv:367$15_DATA[7:0]$493
   138/850: $5$mem2reg_rd$\rf$src/tick_core.sv:367$15_ADDR[1:0]$492
   139/850: $5$mem2reg_wr$\rf$src/tick_core.sv:379$22_DATA[7:0]$507
   140/850: $5$mem2reg_wr$\rf$src/tick_core.sv:379$22_ADDR[1:0]$506
   141/850: $5$mem2reg_rd$\rf$src/tick_core.sv:378$21_DATA[7:0]$505
   142/850: $5$mem2reg_rd$\rf$src/tick_core.sv:378$21_ADDR[1:0]$504
   143/850: $5$mem2reg_rd$\rf$src/tick_core.sv:377$20_DATA[7:0]$503
   144/850: $5$mem2reg_rd$\rf$src/tick_core.sv:377$20_ADDR[1:0]$502
   145/850: $5$mem2reg_wr$\rf$src/tick_core.sv:372$19_DATA[7:0]$501
   146/850: $5$mem2reg_wr$\rf$src/tick_core.sv:372$19_ADDR[1:0]$500
   147/850: $5$mem2reg_rd$\rf$src/tick_core.sv:371$18_DATA[7:0]$499
   148/850: $5$mem2reg_rd$\rf$src/tick_core.sv:371$18_ADDR[1:0]$498
   149/850: $5$mem2reg_rd$\rf$src/tick_core.sv:371$17_DATA[7:0]$497
   150/850: $5$mem2reg_rd$\rf$src/tick_core.sv:371$17_ADDR[1:0]$496
   151/850: $5\main.sum[8:0]
   152/850: $7\main.tmp[7:0]
   153/850: $5\main.next_pc[5:0]
   154/850: $9\main.take[0:0]
   155/850: $8\main.stalled[0:0]
   156/850: $16\main.waiting_n[0:0]
   157/850: $8\main.post_kind[1:0]
   158/850: $8\main.do_post[0:0]
   159/850: $8\main.issued[0:0]
   160/850: $15\main.waiting_n[0:0]
   161/850: $7\main.post_kind[1:0]
   162/850: $7\main.do_post[0:0]
   163/850: $7\main.stalled[0:0]
   164/850: $7\main.issued[0:0]
   165/850: $6\main.stalled[0:0]
   166/850: $6\main.post_val[3:0]
   167/850: $6\main.post_mask[3:0]
   168/850: $6\main.post_oe[0:0]
   169/850: $6\main.post_kind[1:0]
   170/850: $6\main.do_post[0:0]
   171/850: $6\main.issued[0:0]
   172/850: $5\main.post_val[3:0]
   173/850: $5\main.post_mask[3:0]
   174/850: $5\main.post_oe[0:0]
   175/850: $5\main.post_kind[1:0]
   176/850: $5\main.do_post[0:0]
   177/850: $5\main.stalled[0:0]
   178/850: $5\main.issued[0:0]
   179/850: $4\main.post_val[3:0]
   180/850: $4\main.post_mask[3:0]
   181/850: $4\main.post_oe[0:0]
   182/850: $4\main.post_kind[1:0]
   183/850: $4\main.do_post[0:0]
   184/850: $4\main.stalled[0:0]
   185/850: $4\main.issued[0:0]
   186/850: $4$mem2reg_rd$\rf$src/tick_core.sv:456$39_DATA[7:0]$482
   187/850: $4$mem2reg_rd$\rf$src/tick_core.sv:456$39_ADDR[1:0]$481
   188/850: $4$mem2reg_rd$\rf$src/tick_core.sv:455$38_DATA[7:0]$480
   189/850: $4$mem2reg_rd$\rf$src/tick_core.sv:455$38_ADDR[1:0]$479
   190/850: $4$mem2reg_rd$\rf$src/tick_core.sv:454$37_DATA[7:0]$478
   191/850: $4$mem2reg_rd$\rf$src/tick_core.sv:454$37_ADDR[1:0]$477
   192/850: $4$mem2reg_rd$\rf$src/tick_core.sv:453$36_DATA[7:0]$476
   193/850: $4$mem2reg_rd$\rf$src/tick_core.sv:453$36_ADDR[1:0]$475
   194/850: $4$mem2reg_rd$\rf$src/tick_core.sv:452$35_DATA[7:0]$474
   195/850: $4$mem2reg_rd$\rf$src/tick_core.sv:452$35_ADDR[1:0]$473
   196/850: $4$mem2reg_rd$\rf$src/tick_core.sv:451$34_DATA[7:0]$472
   197/850: $4$mem2reg_rd$\rf$src/tick_core.sv:451$34_ADDR[1:0]$471
   198/850: $4$mem2reg_rd$\rf$src/tick_core.sv:450$33_DATA[7:0]$470
   199/850: $4$mem2reg_rd$\rf$src/tick_core.sv:450$33_ADDR[1:0]$469
   200/850: $4$mem2reg_rd$\rf$src/tick_core.sv:448$32_DATA[7:0]$468
   201/850: $4$mem2reg_rd$\rf$src/tick_core.sv:448$32_ADDR[1:0]$467
   202/850: $4$mem2reg_wr$\rf$src/tick_core.sv:437$31_DATA[7:0]$466
   203/850: $4$mem2reg_wr$\rf$src/tick_core.sv:437$31_ADDR[1:0]$465
   204/850: $4$mem2reg_rd$\rf$src/tick_core.sv:426$30_DATA[7:0]$464
   205/850: $4$mem2reg_rd$\rf$src/tick_core.sv:426$30_ADDR[1:0]$463
   206/850: $4$mem2reg_wr$\rxfifo$src/tick_core.sv:426$29_DATA[9:0]$462
   207/850: $4$mem2reg_wr$\rxfifo$src/tick_core.sv:426$29_ADDR[2:0]$461
   208/850: $4$mem2reg_rd$\txfifo$src/tick_core.sv:418$28_DATA[9:0]$460
   209/850: $4$mem2reg_rd$\txfifo$src/tick_core.sv:418$28_ADDR[2:0]$459
   210/850: $4$mem2reg_rd$\txfifo$src/tick_core.sv:417$27_DATA[9:0]$458
   211/850: $4$mem2reg_rd$\txfifo$src/tick_core.sv:417$27_ADDR[2:0]$457
   212/850: $4$mem2reg_wr$\rf$src/tick_core.sv:416$26_DATA[7:0]$456
   213/850: $4$mem2reg_wr$\rf$src/tick_core.sv:416$26_ADDR[1:0]$455
   214/850: $4$mem2reg_rd$\txfifo$src/tick_core.sv:415$25_DATA[9:0]$454
   215/850: $4$mem2reg_rd$\txfifo$src/tick_core.sv:415$25_ADDR[2:0]$453
   216/850: $4$mem2reg_wr$\rf$src/tick_core.sv:404$24_DATA[7:0]$452
   217/850: $4$mem2reg_wr$\rf$src/tick_core.sv:404$24_ADDR[1:0]$451
   218/850: $4$mem2reg_rd$\rf$src/tick_core.sv:396$23_DATA[7:0]$450
   219/850: $4$mem2reg_rd$\rf$src/tick_core.sv:396$23_ADDR[1:0]$449
   220/850: $4$mem2reg_wr$\rf$src/tick_core.sv:379$22_DATA[7:0]$448
   221/850: $4$mem2reg_wr$\rf$src/tick_core.sv:379$22_ADDR[1:0]$447
   222/850: $4$mem2reg_rd$\rf$src/tick_core.sv:378$21_DATA[7:0]$446
   223/850: $4$mem2reg_rd$\rf$src/tick_core.sv:378$21_ADDR[1:0]$445
   224/850: $4$mem2reg_rd$\rf$src/tick_core.sv:377$20_DATA[7:0]$444
   225/850: $4$mem2reg_rd$\rf$src/tick_core.sv:377$20_ADDR[1:0]$443
   226/850: $4$mem2reg_wr$\rf$src/tick_core.sv:372$19_DATA[7:0]$442
   227/850: $4$mem2reg_wr$\rf$src/tick_core.sv:372$19_ADDR[1:0]$441
   228/850: $4$mem2reg_rd$\rf$src/tick_core.sv:371$18_DATA[7:0]$440
   229/850: $4$mem2reg_rd$\rf$src/tick_core.sv:371$18_ADDR[1:0]$439
   230/850: $4$mem2reg_rd$\rf$src/tick_core.sv:371$17_DATA[7:0]$438
   231/850: $4$mem2reg_rd$\rf$src/tick_core.sv:371$17_ADDR[1:0]$437
   232/850: $4$mem2reg_rd$\rf$src/tick_core.sv:368$16_DATA[7:0]$436
   233/850: $4$mem2reg_rd$\rf$src/tick_core.sv:368$16_ADDR[1:0]$435
   234/850: $4$mem2reg_rd$\rf$src/tick_core.sv:367$15_DATA[7:0]$434
   235/850: $4$mem2reg_rd$\rf$src/tick_core.sv:367$15_ADDR[1:0]$433
   236/850: $4$mem2reg_wr$\rf$src/tick_core.sv:367$14_DATA[7:0]$432
   237/850: $4$mem2reg_wr$\rf$src/tick_core.sv:367$14_ADDR[1:0]$431
   238/850: $4$mem2reg_wr$\rf$src/tick_core.sv:360$13_DATA[7:0]$430
   239/850: $4$mem2reg_wr$\rf$src/tick_core.sv:360$13_ADDR[1:0]$429
   240/850: $14\main.waiting_n[0:0]
   241/850: $4\main.post_msb[0:0]
   242/850: $4\main.post_data[7:0]
   243/850: $4\main.post_mode[1:0]
   244/850: $4\main.post_nm1[3:0]
   245/850: $4\main.next_pc[5:0]
   246/850: $8\main.take[0:0]
   247/850: $4\main.sum[8:0]
   248/850: $6\main.tmp[7:0]
   249/850: $13\main.a_res_n[15:0]
   250/850: $3\main.p_data_n[7:0]
   251/850: $11\main.a_data_n[7:0]
   252/850: $11\main.a_done_n[3:0]
   253/850: $3\main.p_nm1_n[3:0]
   254/850: $11\main.a_nm1_n[3:0]
   255/850: $3\main.p_mode_n[1:0]
   256/850: $11\main.a_mode_n[1:0]
   257/850: $3\main.p_val_n[3:0]
   258/850: $11\main.a_val_n[3:0]
   259/850: $3\main.p_mask_n[3:0]
   260/850: $11\main.a_mask_n[3:0]
   261/850: $3\main.p_msb_n[0:0]
   262/850: $11\main.a_msb_n[0:0]
   263/850: $3\main.p_oe_n[0:0]
   264/850: $11\main.a_oe_n[0:0]
   265/850: $11\main.p_k[1:0]
   266/850: $11\main.a_k[1:0]
   267/850: $3$mem2reg_rd$\rf$src/tick_core.sv:456$39_DATA[7:0]$428
   268/850: $3$mem2reg_rd$\rf$src/tick_core.sv:456$39_ADDR[1:0]$427
   269/850: $3$mem2reg_rd$\rf$src/tick_core.sv:455$38_DATA[7:0]$426
   270/850: $3$mem2reg_rd$\rf$src/tick_core.sv:455$38_ADDR[1:0]$425
   271/850: $3$mem2reg_rd$\rf$src/tick_core.sv:454$37_DATA[7:0]$424
   272/850: $3$mem2reg_rd$\rf$src/tick_core.sv:454$37_ADDR[1:0]$423
   273/850: $3$mem2reg_rd$\rf$src/tick_core.sv:453$36_DATA[7:0]$422
   274/850: $3$mem2reg_rd$\rf$src/tick_core.sv:453$36_ADDR[1:0]$421
   275/850: $3$mem2reg_rd$\rf$src/tick_core.sv:452$35_DATA[7:0]$420
   276/850: $3$mem2reg_rd$\rf$src/tick_core.sv:452$35_ADDR[1:0]$419
   277/850: $3$mem2reg_rd$\rf$src/tick_core.sv:451$34_DATA[7:0]$418
   278/850: $3$mem2reg_rd$\rf$src/tick_core.sv:451$34_ADDR[1:0]$417
   279/850: $3$mem2reg_rd$\rf$src/tick_core.sv:450$33_DATA[7:0]$416
   280/850: $3$mem2reg_rd$\rf$src/tick_core.sv:450$33_ADDR[1:0]$415
   281/850: $3$mem2reg_rd$\rf$src/tick_core.sv:448$32_DATA[7:0]$414
   282/850: $3$mem2reg_rd$\rf$src/tick_core.sv:448$32_ADDR[1:0]$413
   283/850: $3$mem2reg_wr$\rf$src/tick_core.sv:437$31_DATA[7:0]$412
   284/850: $3$mem2reg_wr$\rf$src/tick_core.sv:437$31_ADDR[1:0]$411
   285/850: $3$mem2reg_rd$\rf$src/tick_core.sv:426$30_DATA[7:0]$410
   286/850: $3$mem2reg_rd$\rf$src/tick_core.sv:426$30_ADDR[1:0]$409
   287/850: $3$mem2reg_wr$\rxfifo$src/tick_core.sv:426$29_DATA[9:0]$408
   288/850: $3$mem2reg_wr$\rxfifo$src/tick_core.sv:426$29_ADDR[2:0]$407
   289/850: $3$mem2reg_rd$\txfifo$src/tick_core.sv:418$28_DATA[9:0]$406
   290/850: $3$mem2reg_rd$\txfifo$src/tick_core.sv:418$28_ADDR[2:0]$405
   291/850: $3$mem2reg_rd$\txfifo$src/tick_core.sv:417$27_DATA[9:0]$404
   292/850: $3$mem2reg_rd$\txfifo$src/tick_core.sv:417$27_ADDR[2:0]$403
   293/850: $3$mem2reg_wr$\rf$src/tick_core.sv:416$26_DATA[7:0]$402
   294/850: $3$mem2reg_wr$\rf$src/tick_core.sv:416$26_ADDR[1:0]$401
   295/850: $3$mem2reg_rd$\txfifo$src/tick_core.sv:415$25_DATA[9:0]$400
   296/850: $3$mem2reg_rd$\txfifo$src/tick_core.sv:415$25_ADDR[2:0]$399
   297/850: $3$mem2reg_wr$\rf$src/tick_core.sv:404$24_DATA[7:0]$398
   298/850: $3$mem2reg_wr$\rf$src/tick_core.sv:404$24_ADDR[1:0]$397
   299/850: $3$mem2reg_rd$\rf$src/tick_core.sv:396$23_DATA[7:0]$396
   300/850: $3$mem2reg_rd$\rf$src/tick_core.sv:396$23_ADDR[1:0]$395
   301/850: $3$mem2reg_wr$\rf$src/tick_core.sv:379$22_DATA[7:0]$394
   302/850: $3$mem2reg_wr$\rf$src/tick_core.sv:379$22_ADDR[1:0]$393
   303/850: $3$mem2reg_rd$\rf$src/tick_core.sv:378$21_DATA[7:0]$392
   304/850: $3$mem2reg_rd$\rf$src/tick_core.sv:378$21_ADDR[1:0]$391
   305/850: $3$mem2reg_rd$\rf$src/tick_core.sv:377$20_DATA[7:0]$390
   306/850: $3$mem2reg_rd$\rf$src/tick_core.sv:377$20_ADDR[1:0]$389
   307/850: $3$mem2reg_wr$\rf$src/tick_core.sv:372$19_DATA[7:0]$388
   308/850: $3$mem2reg_wr$\rf$src/tick_core.sv:372$19_ADDR[1:0]$387
   309/850: $3$mem2reg_rd$\rf$src/tick_core.sv:371$18_DATA[7:0]$386
   310/850: $3$mem2reg_rd$\rf$src/tick_core.sv:371$18_ADDR[1:0]$385
   311/850: $3$mem2reg_rd$\rf$src/tick_core.sv:371$17_DATA[7:0]$384
   312/850: $3$mem2reg_rd$\rf$src/tick_core.sv:371$17_ADDR[1:0]$383
   313/850: $3$mem2reg_rd$\rf$src/tick_core.sv:368$16_DATA[7:0]$382
   314/850: $3$mem2reg_rd$\rf$src/tick_core.sv:368$16_ADDR[1:0]$381
   315/850: $3$mem2reg_rd$\rf$src/tick_core.sv:367$15_DATA[7:0]$380
   316/850: $3$mem2reg_rd$\rf$src/tick_core.sv:367$15_ADDR[1:0]$379
   317/850: $3$mem2reg_wr$\rf$src/tick_core.sv:367$14_DATA[7:0]$378
   318/850: $3$mem2reg_wr$\rf$src/tick_core.sv:367$14_ADDR[1:0]$377
   319/850: $3$mem2reg_wr$\rf$src/tick_core.sv:360$13_DATA[7:0]$376
   320/850: $3$mem2reg_wr$\rf$src/tick_core.sv:360$13_ADDR[1:0]$375
   321/850: $13\main.waiting_n[0:0]
   322/850: $3\main.post_msb[0:0]
   323/850: $3\main.post_data[7:0]
   324/850: $3\main.post_mode[1:0]
   325/850: $3\main.post_nm1[3:0]
   326/850: $3\main.post_val[3:0]
   327/850: $3\main.post_mask[3:0]
   328/850: $3\main.post_oe[0:0]
   329/850: $3\main.post_kind[1:0]
   330/850: $3\main.do_post[0:0]
   331/850: $3\main.stalled[0:0]
   332/850: $3\main.next_pc[5:0]
   333/850: $3\main.issued[0:0]
   334/850: $7\main.take[0:0]
   335/850: $3\main.sum[8:0]
   336/850: $5\main.tmp[7:0]
   337/850: $12\main.waiting_n[0:0]
   338/850: $6\main.take[0:0]
   339/850: $11\main.waiting_n[0:0]
   340/850: $5$mem2reg_wr$\rf$src/tick_core.sv:265$12_ADDR[1:0]$359
   341/850: $5$mem2reg_wr$\rf$src/tick_core.sv:265$12_DATA[7:0]$360
   342/850: $5\main.take[0:0]
   343/850: $5$mem2reg_rd$\txfifo$src/tick_core.sv:259$11_DATA[9:0]$355
   344/850: $5$mem2reg_rd$\txfifo$src/tick_core.sv:258$10_DATA[9:0]$354
   345/850: $5$mem2reg_rd$\txfifo$src/tick_core.sv:256$8_DATA[9:0]$353
   346/850: $10\main.waiting_n[0:0]
   347/850: $4$mem2reg_rd$\txfifo$src/tick_core.sv:259$11_DATA[9:0]$350
   348/850: $4$mem2reg_rd$\txfifo$src/tick_core.sv:259$11_ADDR[2:0]$349
   349/850: $4$mem2reg_rd$\txfifo$src/tick_core.sv:258$10_DATA[9:0]$348
   350/850: $4$mem2reg_rd$\txfifo$src/tick_core.sv:258$10_ADDR[2:0]$347
   351/850: $4$mem2reg_wr$\rf$src/tick_core.sv:257$9_ADDR[1:0]$345
   352/850: $4$mem2reg_wr$\rf$src/tick_core.sv:257$9_DATA[7:0]$346
   353/850: $4\main.tmp[7:0]
   354/850: $4$mem2reg_rd$\txfifo$src/tick_core.sv:256$8_DATA[9:0]$344
   355/850: $4$mem2reg_rd$\txfifo$src/tick_core.sv:256$8_ADDR[2:0]$343
   356/850: $4$mem2reg_wr$\rf$src/tick_core.sv:265$12_DATA[7:0]$352
   357/850: $4$mem2reg_wr$\rf$src/tick_core.sv:265$12_ADDR[1:0]$351
   358/850: $4\main.take[0:0]
   359/850: $3$mem2reg_wr$\rf$src/tick_core.sv:265$12_DATA[7:0]$340
   360/850: $3$mem2reg_wr$\rf$src/tick_core.sv:265$12_ADDR[1:0]$339
   361/850: $3$mem2reg_rd$\txfifo$src/tick_core.sv:259$11_DATA[9:0]$338
   362/850: $3$mem2reg_rd$\txfifo$src/tick_core.sv:259$11_ADDR[2:0]$337
   363/850: $3$mem2reg_rd$\txfifo$src/tick_core.sv:258$10_DATA[9:0]$336
   364/850: $3$mem2reg_rd$\txfifo$src/tick_core.sv:258$10_ADDR[2:0]$335
   365/850: $3$mem2reg_wr$\rf$src/tick_core.sv:257$9_DATA[7:0]$334
   366/850: $3$mem2reg_wr$\rf$src/tick_core.sv:257$9_ADDR[1:0]$333
   367/850: $3$mem2reg_rd$\txfifo$src/tick_core.sv:256$8_DATA[9:0]$332
   368/850: $3$mem2reg_rd$\txfifo$src/tick_core.sv:256$8_ADDR[2:0]$331
   369/850: $9\main.waiting_n[0:0]
   370/850: $3\main.take[0:0]
   371/850: $3\main.tmp[7:0]
   372/850: $10\main.p_k[1:0]
   373/850: $12\main.a_res_n[15:0]
   374/850: $10\main.a_done_n[3:0]
   375/850: $10\main.a_msb_n[0:0]
   376/850: $10\main.a_data_n[7:0]
   377/850: $10\main.a_nm1_n[3:0]
   378/850: $10\main.a_mode_n[1:0]
   379/850: $10\main.a_val_n[3:0]
   380/850: $10\main.a_mask_n[3:0]
   381/850: $10\main.a_oe_n[0:0]
   382/850: $10\main.a_k[1:0]
   383/850: $8\main.waiting_n[0:0]
   384/850: $9\main.p_k[1:0]
   385/850: $11\main.a_res_n[15:0]
   386/850: $9\main.a_done_n[3:0]
   387/850: $9\main.a_msb_n[0:0]
   388/850: $9\main.a_data_n[7:0]
   389/850: $9\main.a_nm1_n[3:0]
   390/850: $9\main.a_mode_n[1:0]
   391/850: $9\main.a_val_n[3:0]
   392/850: $9\main.a_mask_n[3:0]
   393/850: $9\main.a_oe_n[0:0]
   394/850: $9\main.a_k[1:0]
   395/850: $7\main.xfer_done[0:0]
   396/850: $10\main.a_res_n[15:0]
   397/850: $8$bitselwrite$pos$src/tick_core.sv:221$3[3:0]$312
   398/850: $7$bitselwrite$pos$src/tick_core.sv:221$3[3:0]$311
   399/850: $9\main.a_res_n[15:0]
   400/850: $6\main.xfer_done[0:0]
   401/850: $8\main.a_res_n[15:0]
   402/850: $8\main.a_data_n[7:0]
   403/850: $8\main.a_done_n[3:0]
   404/850: $8\main.a_nm1_n[3:0]
   405/850: $8\main.a_mode_n[1:0]
   406/850: $8\main.a_val_n[3:0]
   407/850: $8\main.a_mask_n[3:0]
   408/850: $8\main.a_msb_n[0:0]
   409/850: $8\main.a_oe_n[0:0]
   410/850: $8\main.p_k[1:0]
   411/850: $8\main.a_k[1:0]
   412/850: $6$bitselwrite$pos$src/tick_core.sv:221$3[3:0]$299
   413/850: $6\main.outb[0:0]
   414/850: $6\main.sh[3:0]
   415/850: $6\main.rem[3:0]
   416/850: $7\main.waiting_n[0:0]
   417/850: $7\main.p_k[1:0]
   418/850: $7\main.a_res_n[15:0]
   419/850: $7\main.a_done_n[3:0]
   420/850: $7\main.a_msb_n[0:0]
   421/850: $7\main.a_data_n[7:0]
   422/850: $7\main.a_nm1_n[3:0]
   423/850: $7\main.a_mode_n[1:0]
   424/850: $7\main.a_val_n[3:0]
   425/850: $7\main.a_mask_n[3:0]
   426/850: $7\main.a_oe_n[0:0]
   427/850: $7\main.a_k[1:0]
   428/850: $5$bitselwrite$pos$src/tick_core.sv:221$3[3:0]$297
   429/850: $6\main.waiting_n[0:0]
   430/850: $5\main.xfer_done[0:0]
   431/850: $5\main.outb[0:0]
   432/850: $5\main.sh[3:0]
   433/850: $5\main.rem[3:0]
   434/850: $4$bitselwrite$pos$src/tick_core.sv:221$3[3:0]$295
   435/850: $5\main.waiting_n[0:0]
   436/850: $4\main.xfer_done[0:0]
   437/850: $6\main.a_res_n[15:0]
   438/850: $6\main.a_data_n[7:0]
   439/850: $6\main.a_done_n[3:0]
   440/850: $6\main.a_nm1_n[3:0]
   441/850: $6\main.a_mode_n[1:0]
   442/850: $6\main.a_val_n[3:0]
   443/850: $6\main.a_mask_n[3:0]
   444/850: $6\main.a_msb_n[0:0]
   445/850: $6\main.a_oe_n[0:0]
   446/850: $6\main.p_k[1:0]
   447/850: $6\main.a_k[1:0]
   448/850: $4\main.outb[0:0]
   449/850: $4\main.sh[3:0]
   450/850: $4\main.rem[3:0]
   451/850: $3$bitselwrite$pos$src/tick_core.sv:221$3[3:0]$293
   452/850: $4\main.waiting_n[0:0]
   453/850: $3\main.xfer_done[0:0]
   454/850: $5\main.a_res_n[15:0]
   455/850: $5\main.a_data_n[7:0]
   456/850: $5\main.a_done_n[3:0]
   457/850: $5\main.a_nm1_n[3:0]
   458/850: $5\main.a_mode_n[1:0]
   459/850: $5\main.a_val_n[3:0]
   460/850: $5\main.a_mask_n[3:0]
   461/850: $5\main.a_msb_n[0:0]
   462/850: $5\main.a_oe_n[0:0]
   463/850: $5\main.p_k[1:0]
   464/850: $5\main.a_k[1:0]
   465/850: $3\main.outb[0:0]
   466/850: $3\main.sh[3:0]
   467/850: $3\main.rem[3:0]
   468/850: $4\main.p_k[1:0]
   469/850: $4\main.a_res_n[15:0]
   470/850: $4\main.a_done_n[3:0]
   471/850: $4\main.a_msb_n[0:0]
   472/850: $4\main.a_data_n[7:0]
   473/850: $4\main.a_nm1_n[3:0]
   474/850: $4\main.a_mode_n[1:0]
   475/850: $4\main.a_val_n[3:0]
   476/850: $4\main.a_mask_n[3:0]
   477/850: $4\main.a_oe_n[0:0]
   478/850: $4\main.a_k[1:0]
   479/850: $3\main.waiting_n[0:0]
   480/850: $3\main.a_res_n[15:0]
   481/850: $3\main.a_data_n[7:0]
   482/850: $3\main.a_done_n[3:0]
   483/850: $3\main.a_nm1_n[3:0]
   484/850: $3\main.a_mode_n[1:0]
   485/850: $3\main.a_val_n[3:0]
   486/850: $3\main.a_mask_n[3:0]
   487/850: $3\main.a_msb_n[0:0]
   488/850: $3\main.a_oe_n[0:0]
   489/850: $3\main.p_k[1:0]
   490/850: $3\main.a_k[1:0]
   491/850: $6\main.do_tick[0:0]
   492/850: $5\main.do_tick[0:0]
   493/850: $4\main.do_tick[0:0]
   494/850: $3\main.do_tick[0:0]
   495/850: $2$mem2reg_rd$\rf$src/tick_core.sv:456$39_DATA[7:0]$267
   496/850: $2$mem2reg_rd$\rf$src/tick_core.sv:456$39_ADDR[1:0]$266
   497/850: $2$mem2reg_rd$\rf$src/tick_core.sv:455$38_DATA[7:0]$265
   498/850: $2$mem2reg_rd$\rf$src/tick_core.sv:455$38_ADDR[1:0]$264
   499/850: $2$mem2reg_rd$\rf$src/tick_core.sv:454$37_DATA[7:0]$263
   500/850: $2$mem2reg_rd$\rf$src/tick_core.sv:454$37_ADDR[1:0]$262
   501/850: $2$mem2reg_rd$\rf$src/tick_core.sv:453$36_DATA[7:0]$261
   502/850: $2$mem2reg_rd$\rf$src/tick_core.sv:453$36_ADDR[1:0]$260
   503/850: $2$mem2reg_rd$\rf$src/tick_core.sv:452$35_DATA[7:0]$259
   504/850: $2$mem2reg_rd$\rf$src/tick_core.sv:452$35_ADDR[1:0]$258
   505/850: $2$mem2reg_rd$\rf$src/tick_core.sv:451$34_DATA[7:0]$257
   506/850: $2$mem2reg_rd$\rf$src/tick_core.sv:451$34_ADDR[1:0]$256
   507/850: $2$mem2reg_rd$\rf$src/tick_core.sv:450$33_DATA[7:0]$255
   508/850: $2$mem2reg_rd$\rf$src/tick_core.sv:450$33_ADDR[1:0]$254
   509/850: $2$mem2reg_rd$\rf$src/tick_core.sv:448$32_DATA[7:0]$253
   510/850: $2$mem2reg_rd$\rf$src/tick_core.sv:448$32_ADDR[1:0]$252
   511/850: $2$mem2reg_wr$\rf$src/tick_core.sv:437$31_DATA[7:0]$251
   512/850: $2$mem2reg_wr$\rf$src/tick_core.sv:437$31_ADDR[1:0]$250
   513/850: $2$mem2reg_rd$\rf$src/tick_core.sv:426$30_DATA[7:0]$249
   514/850: $2$mem2reg_rd$\rf$src/tick_core.sv:426$30_ADDR[1:0]$248
   515/850: $2$mem2reg_wr$\rxfifo$src/tick_core.sv:426$29_DATA[9:0]$247
   516/850: $2$mem2reg_wr$\rxfifo$src/tick_core.sv:426$29_ADDR[2:0]$246
   517/850: $2$mem2reg_rd$\txfifo$src/tick_core.sv:418$28_DATA[9:0]$245
   518/850: $2$mem2reg_rd$\txfifo$src/tick_core.sv:418$28_ADDR[2:0]$244
   519/850: $2$mem2reg_rd$\txfifo$src/tick_core.sv:417$27_DATA[9:0]$243
   520/850: $2$mem2reg_rd$\txfifo$src/tick_core.sv:417$27_ADDR[2:0]$242
   521/850: $2$mem2reg_wr$\rf$src/tick_core.sv:416$26_DATA[7:0]$241
   522/850: $2$mem2reg_wr$\rf$src/tick_core.sv:416$26_ADDR[1:0]$240
   523/850: $2$mem2reg_rd$\txfifo$src/tick_core.sv:415$25_DATA[9:0]$239
   524/850: $2$mem2reg_rd$\txfifo$src/tick_core.sv:415$25_ADDR[2:0]$238
   525/850: $2$mem2reg_wr$\rf$src/tick_core.sv:404$24_DATA[7:0]$237
   526/850: $2$mem2reg_wr$\rf$src/tick_core.sv:404$24_ADDR[1:0]$236
   527/850: $2$mem2reg_rd$\rf$src/tick_core.sv:396$23_DATA[7:0]$235
   528/850: $2$mem2reg_rd$\rf$src/tick_core.sv:396$23_ADDR[1:0]$234
   529/850: $2$mem2reg_wr$\rf$src/tick_core.sv:379$22_DATA[7:0]$233
   530/850: $2$mem2reg_wr$\rf$src/tick_core.sv:379$22_ADDR[1:0]$232
   531/850: $2$mem2reg_rd$\rf$src/tick_core.sv:378$21_DATA[7:0]$231
   532/850: $2$mem2reg_rd$\rf$src/tick_core.sv:378$21_ADDR[1:0]$230
   533/850: $2$mem2reg_rd$\rf$src/tick_core.sv:377$20_DATA[7:0]$229
   534/850: $2$mem2reg_rd$\rf$src/tick_core.sv:377$20_ADDR[1:0]$228
   535/850: $2$mem2reg_wr$\rf$src/tick_core.sv:372$19_DATA[7:0]$227
   536/850: $2$mem2reg_wr$\rf$src/tick_core.sv:372$19_ADDR[1:0]$226
   537/850: $2$mem2reg_rd$\rf$src/tick_core.sv:371$18_DATA[7:0]$225
   538/850: $2$mem2reg_rd$\rf$src/tick_core.sv:371$18_ADDR[1:0]$224
   539/850: $2$mem2reg_rd$\rf$src/tick_core.sv:371$17_DATA[7:0]$223
   540/850: $2$mem2reg_rd$\rf$src/tick_core.sv:371$17_ADDR[1:0]$222
   541/850: $2$mem2reg_rd$\rf$src/tick_core.sv:368$16_DATA[7:0]$221
   542/850: $2$mem2reg_rd$\rf$src/tick_core.sv:368$16_ADDR[1:0]$220
   543/850: $2$mem2reg_rd$\rf$src/tick_core.sv:367$15_DATA[7:0]$219
   544/850: $2$mem2reg_rd$\rf$src/tick_core.sv:367$15_ADDR[1:0]$218
   545/850: $2$mem2reg_wr$\rf$src/tick_core.sv:367$14_DATA[7:0]$217
   546/850: $2$mem2reg_wr$\rf$src/tick_core.sv:367$14_ADDR[1:0]$216
   547/850: $2$mem2reg_wr$\rf$src/tick_core.sv:360$13_DATA[7:0]$215
   548/850: $2$mem2reg_wr$\rf$src/tick_core.sv:360$13_ADDR[1:0]$214
   549/850: $2$mem2reg_wr$\rf$src/tick_core.sv:265$12_DATA[7:0]$213
   550/850: $2$mem2reg_wr$\rf$src/tick_core.sv:265$12_ADDR[1:0]$212
   551/850: $2$mem2reg_rd$\txfifo$src/tick_core.sv:259$11_DATA[9:0]$211
   552/850: $2$mem2reg_rd$\txfifo$src/tick_core.sv:259$11_ADDR[2:0]$210
   553/850: $2$mem2reg_rd$\txfifo$src/tick_core.sv:258$10_DATA[9:0]$209
   554/850: $2$mem2reg_rd$\txfifo$src/tick_core.sv:258$10_ADDR[2:0]$208
   555/850: $2$mem2reg_wr$\rf$src/tick_core.sv:257$9_DATA[7:0]$207
   556/850: $2$mem2reg_wr$\rf$src/tick_core.sv:257$9_ADDR[1:0]$206
   557/850: $2$mem2reg_rd$\txfifo$src/tick_core.sv:256$8_DATA[9:0]$205
   558/850: $2$mem2reg_rd$\txfifo$src/tick_core.sv:256$8_ADDR[2:0]$204
   559/850: $2$bitselwrite$pos$src/tick_core.sv:221$3[3:0]$203
   560/850: $2\main.waiting_n[0:0]
   561/850: $2\main.post_msb[0:0]
   562/850: $2\main.post_data[7:0]
   563/850: $2\main.post_mode[1:0]
   564/850: $2\main.post_nm1[3:0]
   565/850: $2\main.post_val[3:0]
   566/850: $2\main.post_mask[3:0]
   567/850: $2\main.post_oe[0:0]
   568/850: $2\main.post_kind[1:0]
   569/850: $2\main.do_post[0:0]
   570/850: $2\main.xfer_done[0:0]
   571/850: $2\main.slots_full_n[0:0]
   572/850: $2\main.a_res_n[15:0]
   573/850: $2\main.p_data_n[7:0]
   574/850: $2\main.a_data_n[7:0]
   575/850: $2\main.a_done_n[3:0]
   576/850: $2\main.p_nm1_n[3:0]
   577/850: $2\main.a_nm1_n[3:0]
   578/850: $2\main.p_mode_n[1:0]
   579/850: $2\main.a_mode_n[1:0]
   580/850: $2\main.p_val_n[3:0]
   581/850: $2\main.a_val_n[3:0]
   582/850: $2\main.p_mask_n[3:0]
   583/850: $2\main.a_mask_n[3:0]
   584/850: $2\main.p_msb_n[0:0]
   585/850: $2\main.a_msb_n[0:0]
   586/850: $2\main.p_oe_n[0:0]
   587/850: $2\main.a_oe_n[0:0]
   588/850: $2\main.p_k[1:0]
   589/850: $2\main.a_k[1:0]
   590/850: $2\main.had_timed[0:0]
   591/850: $2\main.stalled[0:0]
   592/850: $2\main.next_pc[5:0]
   593/850: $2\main.issued[0:0]
   594/850: $2\main.take[0:0]
   595/850: $2\main.sum[8:0]
   596/850: $2\main.tmp[7:0]
   597/850: $2\main.outb[0:0]
   598/850: $2\main.sh[3:0]
   599/850: $2\main.rem[3:0]
   600/850: $2\main.do_tick[0:0]
   601/850: $2$mem2reg_rd$\rxfifo$src/tick_core.sv:142$7_DATA[9:0]$201
   602/850: $2$mem2reg_wr$\txfifo$src/tick_core.sv:138$6_ADDR[2:0]$195
   603/850: $2$mem2reg_wr$\txfifo$src/tick_core.sv:138$6_DATA[9:0]$196
   604/850: $2$mem2reg_wr$\imem$src/tick_core.sv:136$5_ADDR[5:0]$191
   605/850: $2$mem2reg_wr$\imem$src/tick_core.sv:136$5_DATA[15:0]$192
   606/850: $1$mem2reg_rd$\rf$src/tick_core.sv:456$39_DATA[7:0]$190
   607/850: $1$mem2reg_rd$\rf$src/tick_core.sv:456$39_ADDR[1:0]$189
   608/850: $1$mem2reg_rd$\rf$src/tick_core.sv:455$38_DATA[7:0]$188
   609/850: $1$mem2reg_rd$\rf$src/tick_core.sv:455$38_ADDR[1:0]$187
   610/850: $1$mem2reg_rd$\rf$src/tick_core.sv:454$37_DATA[7:0]$186
   611/850: $1$mem2reg_rd$\rf$src/tick_core.sv:454$37_ADDR[1:0]$185
   612/850: $1$mem2reg_rd$\rf$src/tick_core.sv:453$36_DATA[7:0]$184
   613/850: $1$mem2reg_rd$\rf$src/tick_core.sv:453$36_ADDR[1:0]$183
   614/850: $1$mem2reg_rd$\rf$src/tick_core.sv:452$35_DATA[7:0]$182
   615/850: $1$mem2reg_rd$\rf$src/tick_core.sv:452$35_ADDR[1:0]$181
   616/850: $1$mem2reg_rd$\rf$src/tick_core.sv:451$34_DATA[7:0]$180
   617/850: $1$mem2reg_rd$\rf$src/tick_core.sv:451$34_ADDR[1:0]$179
   618/850: $1$mem2reg_rd$\rf$src/tick_core.sv:450$33_DATA[7:0]$178
   619/850: $1$mem2reg_rd$\rf$src/tick_core.sv:450$33_ADDR[1:0]$177
   620/850: $1$mem2reg_rd$\rf$src/tick_core.sv:448$32_DATA[7:0]$176
   621/850: $1$mem2reg_rd$\rf$src/tick_core.sv:448$32_ADDR[1:0]$175
   622/850: $1$mem2reg_wr$\rf$src/tick_core.sv:437$31_DATA[7:0]$174
   623/850: $1$mem2reg_wr$\rf$src/tick_core.sv:437$31_ADDR[1:0]$173
   624/850: $1$mem2reg_rd$\rf$src/tick_core.sv:426$30_DATA[7:0]$172
   625/850: $1$mem2reg_rd$\rf$src/tick_core.sv:426$30_ADDR[1:0]$171
   626/850: $1$mem2reg_wr$\rxfifo$src/tick_core.sv:426$29_DATA[9:0]$170
   627/850: $1$mem2reg_wr$\rxfifo$src/tick_core.sv:426$29_ADDR[2:0]$169
   628/850: $1$mem2reg_rd$\txfifo$src/tick_core.sv:418$28_DATA[9:0]$168
   629/850: $1$mem2reg_rd$\txfifo$src/tick_core.sv:418$28_ADDR[2:0]$167
   630/850: $1$mem2reg_rd$\txfifo$src/tick_core.sv:417$27_DATA[9:0]$166
   631/850: $1$mem2reg_rd$\txfifo$src/tick_core.sv:417$27_ADDR[2:0]$165
   632/850: $1$mem2reg_wr$\rf$src/tick_core.sv:416$26_DATA[7:0]$164
   633/850: $1$mem2reg_wr$\rf$src/tick_core.sv:416$26_ADDR[1:0]$163
   634/850: $1$mem2reg_rd$\txfifo$src/tick_core.sv:415$25_DATA[9:0]$162
   635/850: $1$mem2reg_rd$\txfifo$src/tick_core.sv:415$25_ADDR[2:0]$161
   636/850: $1$mem2reg_wr$\rf$src/tick_core.sv:404$24_DATA[7:0]$160
   637/850: $1$mem2reg_wr$\rf$src/tick_core.sv:404$24_ADDR[1:0]$159
   638/850: $1$mem2reg_rd$\rf$src/tick_core.sv:396$23_DATA[7:0]$158
   639/850: $1$mem2reg_rd$\rf$src/tick_core.sv:396$23_ADDR[1:0]$157
   640/850: $1$mem2reg_wr$\rf$src/tick_core.sv:379$22_DATA[7:0]$156
   641/850: $1$mem2reg_wr$\rf$src/tick_core.sv:379$22_ADDR[1:0]$155
   642/850: $1$mem2reg_rd$\rf$src/tick_core.sv:378$21_DATA[7:0]$154
   643/850: $1$mem2reg_rd$\rf$src/tick_core.sv:378$21_ADDR[1:0]$153
   644/850: $1$mem2reg_rd$\rf$src/tick_core.sv:377$20_DATA[7:0]$152
   645/850: $1$mem2reg_rd$\rf$src/tick_core.sv:377$20_ADDR[1:0]$151
   646/850: $1$mem2reg_wr$\rf$src/tick_core.sv:372$19_DATA[7:0]$150
   647/850: $1$mem2reg_wr$\rf$src/tick_core.sv:372$19_ADDR[1:0]$149
   648/850: $1$mem2reg_rd$\rf$src/tick_core.sv:371$18_DATA[7:0]$148
   649/850: $1$mem2reg_rd$\rf$src/tick_core.sv:371$18_ADDR[1:0]$147
   650/850: $1$mem2reg_rd$\rf$src/tick_core.sv:371$17_DATA[7:0]$146
   651/850: $1$mem2reg_rd$\rf$src/tick_core.sv:371$17_ADDR[1:0]$145
   652/850: $1$mem2reg_rd$\rf$src/tick_core.sv:368$16_DATA[7:0]$144
   653/850: $1$mem2reg_rd$\rf$src/tick_core.sv:368$16_ADDR[1:0]$143
   654/850: $1$mem2reg_rd$\rf$src/tick_core.sv:367$15_DATA[7:0]$142
   655/850: $1$mem2reg_rd$\rf$src/tick_core.sv:367$15_ADDR[1:0]$141
   656/850: $1$mem2reg_wr$\rf$src/tick_core.sv:367$14_DATA[7:0]$140
   657/850: $1$mem2reg_wr$\rf$src/tick_core.sv:367$14_ADDR[1:0]$139
   658/850: $1$mem2reg_wr$\rf$src/tick_core.sv:360$13_DATA[7:0]$138
   659/850: $1$mem2reg_wr$\rf$src/tick_core.sv:360$13_ADDR[1:0]$137
   660/850: $1$mem2reg_wr$\rf$src/tick_core.sv:265$12_DATA[7:0]$136
   661/850: $1$mem2reg_wr$\rf$src/tick_core.sv:265$12_ADDR[1:0]$135
   662/850: $1$mem2reg_rd$\txfifo$src/tick_core.sv:259$11_DATA[9:0]$134
   663/850: $1$mem2reg_rd$\txfifo$src/tick_core.sv:259$11_ADDR[2:0]$133
   664/850: $1$mem2reg_rd$\txfifo$src/tick_core.sv:258$10_DATA[9:0]$132
   665/850: $1$mem2reg_rd$\txfifo$src/tick_core.sv:258$10_ADDR[2:0]$131
   666/850: $1$mem2reg_wr$\rf$src/tick_core.sv:257$9_DATA[7:0]$130
   667/850: $1$mem2reg_wr$\rf$src/tick_core.sv:257$9_ADDR[1:0]$129
   668/850: $1$mem2reg_rd$\txfifo$src/tick_core.sv:256$8_DATA[9:0]$128
   669/850: $1$mem2reg_rd$\txfifo$src/tick_core.sv:256$8_ADDR[2:0]$127
   670/850: $1$bitselwrite$pos$src/tick_core.sv:221$3[3:0]$120
   671/850: $1\main.waiting_n[0:0]
   672/850: $1\main.post_msb[0:0]
   673/850: $1\main.post_data[7:0]
   674/850: $1\main.post_mode[1:0]
   675/850: $1\main.post_nm1[3:0]
   676/850: $1\main.post_val[3:0]
   677/850: $1\main.post_mask[3:0]
   678/850: $1\main.post_oe[0:0]
   679/850: $1\main.post_kind[1:0]
   680/850: $1\main.do_post[0:0]
   681/850: $1\main.xfer_done[0:0]
   682/850: $1\main.slots_full_n[0:0]
   683/850: $1\main.a_res_n[15:0]
   684/850: $1\main.p_data_n[7:0]
   685/850: $1\main.a_data_n[7:0]
   686/850: $1\main.a_done_n[3:0]
   687/850: $1\main.p_nm1_n[3:0]
   688/850: $1\main.a_nm1_n[3:0]
   689/850: $1\main.p_mode_n[1:0]
   690/850: $1\main.a_mode_n[1:0]
   691/850: $1\main.p_val_n[3:0]
   692/850: $1\main.a_val_n[3:0]
   693/850: $1\main.p_mask_n[3:0]
   694/850: $1\main.a_mask_n[3:0]
   695/850: $1\main.p_msb_n[0:0]
   696/850: $1\main.a_msb_n[0:0]
   697/850: $1\main.p_oe_n[0:0]
   698/850: $1\main.a_oe_n[0:0]
   699/850: $1\main.p_k[1:0]
   700/850: $1\main.a_k[1:0]
   701/850: $1\main.had_timed[0:0]
   702/850: $1\main.stalled[0:0]
   703/850: $1\main.next_pc[5:0]
   704/850: $1\main.issued[0:0]
   705/850: $1\main.take[0:0]
   706/850: $1\main.sum[8:0]
   707/850: $1\main.tmp[7:0]
   708/850: $1\main.outb[0:0]
   709/850: $1\main.sh[3:0]
   710/850: $1\main.rem[3:0]
   711/850: $1\main.do_tick[0:0]
   712/850: $0\host_rdata[9:0]
   713/850: $1$mem2reg_rd$\rxfifo$src/tick_core.sv:142$7_DATA[9:0]$126
   714/850: $1$mem2reg_rd$\rxfifo$src/tick_core.sv:142$7_ADDR[2:0]$125
   715/850: $1$mem2reg_wr$\txfifo$src/tick_core.sv:138$6_DATA[9:0]$124
   716/850: $1$mem2reg_wr$\txfifo$src/tick_core.sv:138$6_ADDR[2:0]$123
   717/850: $1$mem2reg_wr$\imem$src/tick_core.sv:136$5_DATA[15:0]$122
   718/850: $1$mem2reg_wr$\imem$src/tick_core.sv:136$5_ADDR[5:0]$121
   719/850: $0\tick[0:0]
   720/850: $1\ii[31:0]
   721/850: $0\rxfifo[7][9:0]
   722/850: $0\rxfifo[6][9:0]
   723/850: $0\rxfifo[5][9:0]
   724/850: $0\rxfifo[4][9:0]
   725/850: $0\rxfifo[3][9:0]
   726/850: $0\rxfifo[2][9:0]
   727/850: $0\rxfifo[1][9:0]
   728/850: $0\rxfifo[0][9:0]
   729/850: $0\txfifo[7][9:0]
   730/850: $0\txfifo[6][9:0]
   731/850: $0\txfifo[5][9:0]
   732/850: $0\txfifo[4][9:0]
   733/850: $0\txfifo[3][9:0]
   734/850: $0\txfifo[2][9:0]
   735/850: $0\txfifo[1][9:0]
   736/850: $0\txfifo[0][9:0]
   737/850: $0\rf[3][7:0]
   738/850: $0\rf[2][7:0]
   739/850: $0\rf[1][7:0]
   740/850: $0\rf[0][7:0]
   741/850: $0\imem[63][15:0]
   742/850: $0\imem[62][15:0]
   743/850: $0\imem[61][15:0]
   744/850: $0\imem[60][15:0]
   745/850: $0\imem[59][15:0]
   746/850: $0\imem[58][15:0]
   747/850: $0\imem[57][15:0]
   748/850: $0\imem[56][15:0]
   749/850: $0\imem[55][15:0]
   750/850: $0\imem[54][15:0]
   751/850: $0\imem[53][15:0]
   752/850: $0\imem[52][15:0]
   753/850: $0\imem[51][15:0]
   754/850: $0\imem[50][15:0]
   755/850: $0\imem[49][15:0]
   756/850: $0\imem[48][15:0]
   757/850: $0\imem[47][15:0]
   758/850: $0\imem[46][15:0]
   759/850: $0\imem[45][15:0]
   760/850: $0\imem[44][15:0]
   761/850: $0\imem[43][15:0]
   762/850: $0\imem[42][15:0]
   763/850: $0\imem[41][15:0]
   764/850: $0\imem[40][15:0]
   765/850: $0\imem[39][15:0]
   766/850: $0\imem[38][15:0]
   767/850: $0\imem[37][15:0]
   768/850: $0\imem[36][15:0]
   769/850: $0\imem[35][15:0]
   770/850: $0\imem[34][15:0]
   771/850: $0\imem[33][15:0]
   772/850: $0\imem[32][15:0]
   773/850: $0\imem[31][15:0]
   774/850: $0\imem[30][15:0]
   775/850: $0\imem[29][15:0]
   776/850: $0\imem[28][15:0]
   777/850: $0\imem[27][15:0]
   778/850: $0\imem[26][15:0]
   779/850: $0\imem[25][15:0]
   780/850: $0\imem[24][15:0]
   781/850: $0\imem[23][15:0]
   782/850: $0\imem[22][15:0]
   783/850: $0\imem[21][15:0]
   784/850: $0\imem[20][15:0]
   785/850: $0\imem[19][15:0]
   786/850: $0\imem[18][15:0]
   787/850: $0\imem[17][15:0]
   788/850: $0\imem[16][15:0]
   789/850: $0\imem[15][15:0]
   790/850: $0\imem[14][15:0]
   791/850: $0\imem[13][15:0]
   792/850: $0\imem[12][15:0]
   793/850: $0\imem[11][15:0]
   794/850: $0\imem[10][15:0]
   795/850: $0\imem[9][15:0]
   796/850: $0\imem[8][15:0]
   797/850: $0\imem[7][15:0]
   798/850: $0\imem[6][15:0]
   799/850: $0\imem[5][15:0]
   800/850: $0\imem[4][15:0]
   801/850: $0\imem[3][15:0]
   802/850: $0\imem[2][15:0]
   803/850: $0\imem[1][15:0]
   804/850: $0\imem[0][15:0]
   805/850: $0\result[15:0]
   806/850: $0\res_valid[0:0]
   807/850: $0\p_msb[0:0]
   808/850: $0\a_msb[0:0]
   809/850: $0\a_res[15:0]
   810/850: $0\a_done[3:0]
   811/850: $0\p_data[7:0]
   812/850: $0\a_data[7:0]
   813/850: $0\p_nm1[3:0]
   814/850: $0\a_nm1[3:0]
   815/850: $0\p_mode[1:0]
   816/850: $0\a_mode[1:0]
   817/850: $0\p_val[3:0]
   818/850: $0\a_val[3:0]
   819/850: $0\p_mask[3:0]
   820/850: $0\a_mask[3:0]
   821/850: $0\p_oe[0:0]
   822/850: $0\a_oe[0:0]
   823/850: $0\p_kind[1:0]
   824/850: $0\a_kind[1:0]
   825/850: $0\msb_cfg[0:0]
   826/850: $6$mem2reg_rd$\rf$src/tick_core.sv:452$35_DATA[7:0]$571
   827/850: $6$mem2reg_rd$\rf$src/tick_core.sv:448$32_DATA[7:0]$568
   828/850: $0\time_cnt[15:0]
   829/850: $0\phase_left[15:0]
   830/850: $0\accum[19:0]
   831/850: $0\timer_run[0:0]
   832/850: $0\mfs_rd[1:0]
   833/850: $0\mfs_block[0:0]
   834/850: $0\pull_rd[1:0]
   835/850: $0\pull_block[0:0]
   836/850: $0\wait_tc[1:0]
   837/850: $0\wait_mask[4:0]
   838/850: $0\waiting[0:0]
   839/850: $0\miss[0:0]
   840/850: $0\cmd_f[0:0]
   841/850: $0\last_f[0:0]
   842/850: $0\pc[5:0]
   843/850: $0\rx_r[2:0]
   844/850: $0\rx_w[2:0]
   845/850: $0\tx_r[2:0]
   846/850: $0\tx_w[2:0]
   847/850: $0\pin0_oe[0:0]
   848/850: $0\pin0_out[0:0]
   849/850: $0\z[0:0]
   850/850: $0\c[0:0]

4.8. Executing PROC_DLATCH pass (convert process syncs to latches).
No latch inferred for signal `\tick_core.$mem2reg_rd$\imem$src/tick_core.sv:87$4_DATA' from process `\tick_core.$proc$src/tick_core.sv:87$583'.

4.9. Executing PROC_DFF pass (convert process syncs to FFs).
Creating register for signal `\tt_um_larsnitschke_tick.\load_addr' using process `\tt_um_larsnitschke_tick.$proc$src/tt_um_larsnitschke_tick.sv:60$594'.
  created $adff cell `$procdff$10818' with positive edge clock and positive level reset.
Creating register for signal `\tt_um_larsnitschke_tick.\load_word' using process `\tt_um_larsnitschke_tick.$proc$src/tt_um_larsnitschke_tick.sv:60$594'.
  created $adff cell `$procdff$10823' with positive edge clock and positive level reset.
Creating register for signal `\tt_um_larsnitschke_tick.\host_word' using process `\tt_um_larsnitschke_tick.$proc$src/tt_um_larsnitschke_tick.sv:60$594'.
  created $adff cell `$procdff$10828' with positive edge clock and positive level reset.
Creating register for signal `\tt_um_larsnitschke_tick.\prev_wr' using process `\tt_um_larsnitschke_tick.$proc$src/tt_um_larsnitschke_tick.sv:60$594'.
  created $adff cell `$procdff$10833' with positive edge clock and positive level reset.
Creating register for signal `\tt_um_larsnitschke_tick.\prev_imem' using process `\tt_um_larsnitschke_tick.$proc$src/tt_um_larsnitschke_tick.sv:60$594'.
  created $adff cell `$procdff$10838' with positive edge clock and positive level reset.
Creating register for signal `\tick_core.\c' using process `\tick_core.$proc$src/tick_core.sv:91$47'.
  created $adff cell `$procdff$10843' with positive edge clock and positive level reset.
Creating register for signal `\tick_core.\z' using process `\tick_core.$proc$src/tick_core.sv:91$47'.
  created $adff cell `$procdff$10848' with positive edge clock and positive level reset.
Creating register for signal `\tick_core.\host_rdata' using process `\tick_core.$proc$src/tick_core.sv:91$47'.
  created $adff cell `$procdff$10853' with positive edge clock and positive level reset.
Creating register for signal `\tick_core.\pin0_out' using process `\tick_core.$proc$src/tick_core.sv:91$47'.
  created $adff cell `$procdff$10858' with positive edge clock and positive level reset.
Creating register for signal `\tick_core.\pin0_oe' using process `\tick_core.$proc$src/tick_core.sv:91$47'.
  created $adff cell `$procdff$10863' with positive edge clock and positive level reset.
Creating register for signal `\tick_core.\ii' using process `\tick_core.$proc$src/tick_core.sv:91$47'.
  created $adff cell `$procdff$10868' with positive edge clock and positive level reset.
Creating register for signal `\tick_core.\tx_w' using process `\tick_core.$proc$src/tick_core.sv:91$47'.
  created $adff cell `$procdff$10873' with positive edge clock and positive level reset.
Creating register for signal `\tick_core.\tx_r' using process `\tick_core.$proc$src/tick_core.sv:91$47'.
  created $adff cell `$procdff$10878' with positive edge clock and positive level reset.
Creating register for signal `\tick_core.\rx_w' using process `\tick_core.$proc$src/tick_core.sv:91$47'.
  created $adff cell `$procdff$10883' with positive edge clock and positive level reset.
Creating register for signal `\tick_core.\rx_r' using process `\tick_core.$proc$src/tick_core.sv:91$47'.
  created $adff cell `$procdff$10888' with positive edge clock and positive level reset.
Creating register for signal `\tick_core.\pc' using process `\tick_core.$proc$src/tick_core.sv:91$47'.
  created $adff cell `$procdff$10893' with positive edge clock and positive level reset.
Creating register for signal `\tick_core.\last_f' using process `\tick_core.$proc$src/tick_core.sv:91$47'.
  created $adff cell `$procdff$10898' with positive edge clock and positive level reset.
Creating register for signal `\tick_core.\cmd_f' using process `\tick_core.$proc$src/tick_core.sv:91$47'.
  created $adff cell `$procdff$10903' with positive edge clock and positive level reset.
Creating register for signal `\tick_core.\miss' using process `\tick_core.$proc$src/tick_core.sv:91$47'.
  created $adff cell `$procdff$10908' with positive edge clock and positive level reset.
Creating register for signal `\tick_core.\waiting' using process `\tick_core.$proc$src/tick_core.sv:91$47'.
  created $adff cell `$procdff$10913' with positive edge clock and positive level reset.
Creating register for signal `\tick_core.\wait_mask' using process `\tick_core.$proc$src/tick_core.sv:91$47'.
  created $adff cell `$procdff$10918' with positive edge clock and positive level reset.
Creating register for signal `\tick_core.\wait_tc' using process `\tick_core.$proc$src/tick_core.sv:91$47'.
  created $adff cell `$procdff$10923' with positive edge clock and positive level reset.
Creating register for signal `\tick_core.\pull_block' using process `\tick_core.$proc$src/tick_core.sv:91$47'.
  created $adff cell `$procdff$10928' with positive edge clock and positive level reset.
Creating register for signal `\tick_core.\pull_rd' using process `\tick_core.$proc$src/tick_core.sv:91$47'.
  created $dff cell `$procdff$10935' with positive edge clock.
Creating register for signal `\tick_core.\mfs_block' using process `\tick_core.$proc$src/tick_core.sv:91$47'.
  created $adff cell `$procdff$10940' with positive edge clock and positive level reset.
Creating register for signal `\tick_core.\mfs_rd' using process `\tick_core.$proc$src/tick_core.sv:91$47'.
  created $dff cell `$procdff$10947' with positive edge clock.
Creating register for signal `\tick_core.\timer_run' using process `\tick_core.$proc$src/tick_core.sv:91$47'.
  created $adff cell `$procdff$10952' with positive edge clock and positive level reset.
Creating register for signal `\tick_core.\accum' using process `\tick_core.$proc$src/tick_core.sv:91$47'.
  created $adff cell `$procdff$10957' with positive edge clock and positive level reset.
Creating register for signal `\tick_core.\phase_left' using process `\tick_core.$proc$src/tick_core.sv:91$47'.
  created $adff cell `$procdff$10962' with positive edge clock and positive level reset.
Creating register for signal `\tick_core.\time_cnt' using process `\tick_core.$proc$src/tick_core.sv:91$47'.
  created $adff cell `$procdff$10967' with positive edge clock and positive level reset.
Creating register for signal `\tick_core.\tick' using process `\tick_core.$proc$src/tick_core.sv:91$47'.
  created $adff cell `$procdff$10972' with positive edge clock and positive level reset.
Creating register for signal `\tick_core.\per_fp' using process `\tick_core.$proc$src/tick_core.sv:91$47'.
Warning: Async reset value `\cfg_per_fp' is not constant!
  created $aldff cell `$procdff$10977' with positive edge clock and positive level non-const reset.
Creating register for signal `\tick_core.\phase_cfg' using process `\tick_core.$proc$src/tick_core.sv:91$47'.
Warning: Async reset value `\cfg_phase' is not constant!
  created $aldff cell `$procdff$10982' with positive edge clock and positive level non-const reset.
Creating register for signal `\tick_core.\msb_cfg' using process `\tick_core.$proc$src/tick_core.sv:91$47'.
Warning: Async reset value `\cfg_msb_first' is not constant!
  created $aldff cell `$procdff$10987' with positive edge clock and positive level non-const reset.
Creating register for signal `\tick_core.\a_kind' using process `\tick_core.$proc$src/tick_core.sv:91$47'.
  created $adff cell `$procdff$10992' with positive edge clock and positive level reset.
Creating register for signal `\tick_core.\p_kind' using process `\tick_core.$proc$src/tick_core.sv:91$47'.
  created $adff cell `$procdff$10997' with positive edge clock and positive level reset.
Creating register for signal `\tick_core.\a_oe' using process `\tick_core.$proc$src/tick_core.sv:91$47'.
  created $dff cell `$procdff$11004' with positive edge clock.
Creating register for signal `\tick_core.\p_oe' using process `\tick_core.$proc$src/tick_core.sv:91$47'.
  created $dff cell `$procdff$11011' with positive edge clock.
Creating register for signal `\tick_core.\a_mask' using process `\tick_core.$proc$src/tick_core.sv:91$47'.
  created $dff cell `$procdff$11018' with positive edge clock.
Creating register for signal `\tick_core.\p_mask' using process `\tick_core.$proc$src/tick_core.sv:91$47'.
  created $dff cell `$procdff$11025' with positive edge clock.
Creating register for signal `\tick_core.\a_val' using process `\tick_core.$proc$src/tick_core.sv:91$47'.
  created $dff cell `$procdff$11032' with positive edge clock.
Creating register for signal `\tick_core.\p_val' using process `\tick_core.$proc$src/tick_core.sv:91$47'.
  created $dff cell `$procdff$11039' with positive edge clock.
Creating register for signal `\tick_core.\a_mode' using process `\tick_core.$proc$src/tick_core.sv:91$47'.
  created $dff cell `$procdff$11046' with positive edge clock.
Creating register for signal `\tick_core.\p_mode' using process `\tick_core.$proc$src/tick_core.sv:91$47'.
  created $dff cell `$procdff$11053' with positive edge clock.
Creating register for signal `\tick_core.\a_nm1' using process `\tick_core.$proc$src/tick_core.sv:91$47'.
  created $dff cell `$procdff$11060' with positive edge clock.
Creating register for signal `\tick_core.\p_nm1' using process `\tick_core.$proc$src/tick_core.sv:91$47'.
  created $dff cell `$procdff$11067' with positive edge clock.
Creating register for signal `\tick_core.\a_data' using process `\tick_core.$proc$src/tick_core.sv:91$47'.
  created $dff cell `$procdff$11074' with positive edge clock.
Creating register for signal `\tick_core.\p_data' using process `\tick_core.$proc$src/tick_core.sv:91$47'.
  created $dff cell `$procdff$11081' with positive edge clock.
Creating register for signal `\tick_core.\a_done' using process `\tick_core.$proc$src/tick_core.sv:91$47'.
  created $dff cell `$procdff$11088' with positive edge clock.
Creating register for signal `\tick_core.\a_res' using process `\tick_core.$proc$src/tick_core.sv:91$47'.
  created $dff cell `$procdff$11095' with positive edge clock.
Creating register for signal `\tick_core.\a_msb' using process `\tick_core.$proc$src/tick_core.sv:91$47'.
  created $dff cell `$procdff$11102' with positive edge clock.
Creating register for signal `\tick_core.\p_msb' using process `\tick_core.$proc$src/tick_core.sv:91$47'.
  created $dff cell `$procdff$11109' with positive edge clock.
Creating register for signal `\tick_core.\res_valid' using process `\tick_core.$proc$src/tick_core.sv:91$47'.
  created $adff cell `$procdff$11114' with positive edge clock and positive level reset.
Creating register for signal `\tick_core.\result' using process `\tick_core.$proc$src/tick_core.sv:91$47'.
  created $adff cell `$procdff$11119' with positive edge clock and positive level reset.
Creating register for signal `\tick_core.\main.do_tick' using process `\tick_core.$proc$src/tick_core.sv:91$47'.
  created $dff cell `$procdff$11126' with positive edge clock.
Creating register for signal `\tick_core.\main.rem' using process `\tick_core.$proc$src/tick_core.sv:91$47'.
  created $dff cell `$procdff$11133' with positive edge clock.
Creating register for signal `\tick_core.\main.sh' using process `\tick_core.$proc$src/tick_core.sv:91$47'.
  created $dff cell `$procdff$11140' with positive edge clock.
Creating register for signal `\tick_core.\main.outb' using process `\tick_core.$proc$src/tick_core.sv:91$47'.
  created $dff cell `$procdff$11147' with positive edge clock.
Creating register for signal `\tick_core.\main.tmp' using process `\tick_core.$proc$src/tick_core.sv:91$47'.
  created $dff cell `$procdff$11154' with positive edge clock.
Creating register for signal `\tick_core.\main.sum' using process `\tick_core.$proc$src/tick_core.sv:91$47'.
  created $dff cell `$procdff$11161' with positive edge clock.
Creating register for signal `\tick_core.\main.take' using process `\tick_core.$proc$src/tick_core.sv:91$47'.
  created $dff cell `$procdff$11168' with positive edge clock.
Creating register for signal `\tick_core.\main.issued' using process `\tick_core.$proc$src/tick_core.sv:91$47'.
  created $dff cell `$procdff$11175' with positive edge clock.
Creating register for signal `\tick_core.\main.next_pc' using process `\tick_core.$proc$src/tick_core.sv:91$47'.
  created $dff cell `$procdff$11182' with positive edge clock.
Creating register for signal `\tick_core.\main.stalled' using process `\tick_core.$proc$src/tick_core.sv:91$47'.
  created $dff cell `$procdff$11189' with positive edge clock.
Creating register for signal `\tick_core.\main.had_timed' using process `\tick_core.$proc$src/tick_core.sv:91$47'.
  created $dff cell `$procdff$11196' with positive edge clock.
Creating register for signal `\tick_core.\main.a_k' using process `\tick_core.$proc$src/tick_core.sv:91$47'.
  created $dff cell `$procdff$11203' with positive edge clock.
Creating register for signal `\tick_core.\main.p_k' using process `\tick_core.$proc$src/tick_core.sv:91$47'.
  created $dff cell `$procdff$11210' with positive edge clock.
Creating register for signal `\tick_core.\main.a_oe_n' using process `\tick_core.$proc$src/tick_core.sv:91$47'.
  created $dff cell `$procdff$11217' with positive edge clock.
Creating register for signal `\tick_core.\main.p_oe_n' using process `\tick_core.$proc$src/tick_core.sv:91$47'.
  created $dff cell `$procdff$11224' with positive edge clock.
Creating register for signal `\tick_core.\main.a_msb_n' using process `\tick_core.$proc$src/tick_core.sv:91$47'.
  created $dff cell `$procdff$11231' with positive edge clock.
Creating register for signal `\tick_core.\main.p_msb_n' using process `\tick_core.$proc$src/tick_core.sv:91$47'.
  created $dff cell `$procdff$11238' with positive edge clock.
Creating register for signal `\tick_core.\main.a_mask_n' using process `\tick_core.$proc$src/tick_core.sv:91$47'.
  created $dff cell `$procdff$11245' with positive edge clock.
Creating register for signal `\tick_core.\main.p_mask_n' using process `\tick_core.$proc$src/tick_core.sv:91$47'.
  created $dff cell `$procdff$11252' with positive edge clock.
Creating register for signal `\tick_core.\main.a_val_n' using process `\tick_core.$proc$src/tick_core.sv:91$47'.
  created $dff cell `$procdff$11259' with positive edge clock.
Creating register for signal `\tick_core.\main.p_val_n' using process `\tick_core.$proc$src/tick_core.sv:91$47'.
  created $dff cell `$procdff$11266' with positive edge clock.
Creating register for signal `\tick_core.\main.a_mode_n' using process `\tick_core.$proc$src/tick_core.sv:91$47'.
  created $dff cell `$procdff$11273' with positive edge clock.
Creating register for signal `\tick_core.\main.p_mode_n' using process `\tick_core.$proc$src/tick_core.sv:91$47'.
  created $dff cell `$procdff$11280' with positive edge clock.
Creating register for signal `\tick_core.\main.a_nm1_n' using process `\tick_core.$proc$src/tick_core.sv:91$47'.
  created $dff cell `$procdff$11287' with positive edge clock.
Creating register for signal `\tick_core.\main.p_nm1_n' using process `\tick_core.$proc$src/tick_core.sv:91$47'.
  created $dff cell `$procdff$11294' with positive edge clock.
Creating register for signal `\tick_core.\main.a_done_n' using process `\tick_core.$proc$src/tick_core.sv:91$47'.
  created $dff cell `$procdff$11301' with positive edge clock.
Creating register for signal `\tick_core.\main.a_data_n' using process `\tick_core.$proc$src/tick_core.sv:91$47'.
  created $dff cell `$procdff$11308' with positive edge clock.
Creating register for signal `\tick_core.\main.p_data_n' using process `\tick_core.$proc$src/tick_core.sv:91$47'.
  created $dff cell `$procdff$11315' with positive edge clock.
Creating register for signal `\tick_core.\main.a_res_n' using process `\tick_core.$proc$src/tick_core.sv:91$47'.
  created $dff cell `$procdff$11322' with positive edge clock.
Creating register for signal `\tick_core.\main.slots_full_n' using process `\tick_core.$proc$src/tick_core.sv:91$47'.
  created $dff cell `$procdff$11329' with positive edge clock.
Creating register for signal `\tick_core.\main.xfer_done' using process `\tick_core.$proc$src/tick_core.sv:91$47'.
  created $dff cell `$procdff$11336' with positive edge clock.
Creating register for signal `\tick_core.\main.do_post' using process `\tick_core.$proc$src/tick_core.sv:91$47'.
  created $dff cell `$procdff$11343' with positive edge clock.
Creating register for signal `\tick_core.\main.post_kind' using process `\tick_core.$proc$src/tick_core.sv:91$47'.
  created $dff cell `$procdff$11350' with positive edge clock.
Creating register for signal `\tick_core.\main.post_oe' using process `\tick_core.$proc$src/tick_core.sv:91$47'.
  created $dff cell `$procdff$11357' with positive edge clock.
Creating register for signal `\tick_core.\main.post_mask' using process `\tick_core.$proc$src/tick_core.sv:91$47'.
  created $dff cell `$procdff$11364' with positive edge clock.
Creating register for signal `\tick_core.\main.post_val' using process `\tick_core.$proc$src/tick_core.sv:91$47'.
  created $dff cell `$procdff$11371' with positive edge clock.
Creating register for signal `\tick_core.\main.post_nm1' using process `\tick_core.$proc$src/tick_core.sv:91$47'.
  created $dff cell `$procdff$11378' with positive edge clock.
Creating register for signal `\tick_core.\main.post_mode' using process `\tick_core.$proc$src/tick_core.sv:91$47'.
  created $dff cell `$procdff$11385' with positive edge clock.
Creating register for signal `\tick_core.\main.post_data' using process `\tick_core.$proc$src/tick_core.sv:91$47'.
  created $dff cell `$procdff$11392' with positive edge clock.
Creating register for signal `\tick_core.\main.post_msb' using process `\tick_core.$proc$src/tick_core.sv:91$47'.
  created $dff cell `$procdff$11399' with positive edge clock.
Creating register for signal `\tick_core.\main.waiting_n' using process `\tick_core.$proc$src/tick_core.sv:91$47'.
  created $dff cell `$procdff$11406' with positive edge clock.
Creating register for signal `\tick_core.$bitselwrite$pos$src/tick_core.sv:221$3' using process `\tick_core.$proc$src/tick_core.sv:91$47'.
  created $adff cell `$procdff$11411' with positive edge clock and positive level reset.
Creating register for signal `\tick_core.\imem[0]' using process `\tick_core.$proc$src/tick_core.sv:91$47'.
  created $adff cell `$procdff$11416' with positive edge clock and positive level reset.
Creating register for signal `\tick_core.\imem[1]' using process `\tick_core.$proc$src/tick_core.sv:91$47'.
  created $adff cell `$procdff$11421' with positive edge clock and positive level reset.
Creating register for signal `\tick_core.\imem[2]' using process `\tick_core.$proc$src/tick_core.sv:91$47'.
  created $adff cell `$procdff$11426' with positive edge clock and positive level reset.
Creating register for signal `\tick_core.\imem[3]' using process `\tick_core.$proc$src/tick_core.sv:91$47'.
  created $adff cell `$procdff$11431' with positive edge clock and positive level reset.
Creating register for signal `\tick_core.\imem[4]' using process `\tick_core.$proc$src/tick_core.sv:91$47'.
  created $adff cell `$procdff$11436' with positive edge clock and positive level reset.
Creating register for signal `\tick_core.\imem[5]' using process `\tick_core.$proc$src/tick_core.sv:91$47'.
  created $adff cell `$procdff$11441' with positive edge clock and positive level reset.
Creating register for signal `\tick_core.\imem[6]' using process `\tick_core.$proc$src/tick_core.sv:91$47'.
  created $adff cell `$procdff$11446' with positive edge clock and positive level reset.
Creating register for signal `\tick_core.\imem[7]' using process `\tick_core.$proc$src/tick_core.sv:91$47'.
  created $adff cell `$procdff$11451' with positive edge clock and positive level reset.
Creating register for signal `\tick_core.\imem[8]' using process `\tick_core.$proc$src/tick_core.sv:91$47'.
  created $adff cell `$procdff$11456' with positive edge clock and positive level reset.
Creating register for signal `\tick_core.\imem[9]' using process `\tick_core.$proc$src/tick_core.sv:91$47'.
  created $adff cell `$procdff$11461' with positive edge clock and positive level reset.
Creating register for signal `\tick_core.\imem[10]' using process `\tick_core.$proc$src/tick_core.sv:91$47'.
  created $adff cell `$procdff$11466' with positive edge clock and positive level reset.
Creating register for signal `\tick_core.\imem[11]' using process `\tick_core.$proc$src/tick_core.sv:91$47'.
  created $adff cell `$procdff$11471' with positive edge clock and positive level reset.
Creating register for signal `\tick_core.\imem[12]' using process `\tick_core.$proc$src/tick_core.sv:91$47'.
  created $adff cell `$procdff$11476' with positive edge clock and positive level reset.
Creating register for signal `\tick_core.\imem[13]' using process `\tick_core.$proc$src/tick_core.sv:91$47'.
  created $adff cell `$procdff$11481' with positive edge clock and positive level reset.
Creating register for signal `\tick_core.\imem[14]' using process `\tick_core.$proc$src/tick_core.sv:91$47'.
  created $adff cell `$procdff$11486' with positive edge clock and positive level reset.
Creating register for signal `\tick_core.\imem[15]' using process `\tick_core.$proc$src/tick_core.sv:91$47'.
  created $adff cell `$procdff$11491' with positive edge clock and positive level reset.
Creating register for signal `\tick_core.\imem[16]' using process `\tick_core.$proc$src/tick_core.sv:91$47'.
  created $adff cell `$procdff$11496' with positive edge clock and positive level reset.
Creating register for signal `\tick_core.\imem[17]' using process `\tick_core.$proc$src/tick_core.sv:91$47'.
  created $adff cell `$procdff$11501' with positive edge clock and positive level reset.
Creating register for signal `\tick_core.\imem[18]' using process `\tick_core.$proc$src/tick_core.sv:91$47'.
  created $adff cell `$procdff$11506' with positive edge clock and positive level reset.
Creating register for signal `\tick_core.\imem[19]' using process `\tick_core.$proc$src/tick_core.sv:91$47'.
  created $adff cell `$procdff$11511' with positive edge clock and positive level reset.
Creating register for signal `\tick_core.\imem[20]' using process `\tick_core.$proc$src/tick_core.sv:91$47'.
  created $adff cell `$procdff$11516' with positive edge clock and positive level reset.
Creating register for signal `\tick_core.\imem[21]' using process `\tick_core.$proc$src/tick_core.sv:91$47'.
  created $adff cell `$procdff$11521' with positive edge clock and positive level reset.
Creating register for signal `\tick_core.\imem[22]' using process `\tick_core.$proc$src/tick_core.sv:91$47'.
  created $adff cell `$procdff$11526' with positive edge clock and positive level reset.
Creating register for signal `\tick_core.\imem[23]' using process `\tick_core.$proc$src/tick_core.sv:91$47'.
  created $adff cell `$procdff$11531' with positive edge clock and positive level reset.
Creating register for signal `\tick_core.\imem[24]' using process `\tick_core.$proc$src/tick_core.sv:91$47'.
  created $adff cell `$procdff$11536' with positive edge clock and positive level reset.
Creating register for signal `\tick_core.\imem[25]' using process `\tick_core.$proc$src/tick_core.sv:91$47'.
  created $adff cell `$procdff$11541' with positive edge clock and positive level reset.
Creating register for signal `\tick_core.\imem[26]' using process `\tick_core.$proc$src/tick_core.sv:91$47'.
  created $adff cell `$procdff$11546' with positive edge clock and positive level reset.
Creating register for signal `\tick_core.\imem[27]' using process `\tick_core.$proc$src/tick_core.sv:91$47'.
  created $adff cell `$procdff$11551' with positive edge clock and positive level reset.
Creating register for signal `\tick_core.\imem[28]' using process `\tick_core.$proc$src/tick_core.sv:91$47'.
  created $adff cell `$procdff$11556' with positive edge clock and positive level reset.
Creating register for signal `\tick_core.\imem[29]' using process `\tick_core.$proc$src/tick_core.sv:91$47'.
  created $adff cell `$procdff$11561' with positive edge clock and positive level reset.
Creating register for signal `\tick_core.\imem[30]' using process `\tick_core.$proc$src/tick_core.sv:91$47'.
  created $adff cell `$procdff$11566' with positive edge clock and positive level reset.
Creating register for signal `\tick_core.\imem[31]' using process `\tick_core.$proc$src/tick_core.sv:91$47'.
  created $adff cell `$procdff$11571' with positive edge clock and positive level reset.
Creating register for signal `\tick_core.\imem[32]' using process `\tick_core.$proc$src/tick_core.sv:91$47'.
  created $adff cell `$procdff$11576' with positive edge clock and positive level reset.
Creating register for signal `\tick_core.\imem[33]' using process `\tick_core.$proc$src/tick_core.sv:91$47'.
  created $adff cell `$procdff$11581' with positive edge clock and positive level reset.
Creating register for signal `\tick_core.\imem[34]' using process `\tick_core.$proc$src/tick_core.sv:91$47'.
  created $adff cell `$procdff$11586' with positive edge clock and positive level reset.
Creating register for signal `\tick_core.\imem[35]' using process `\tick_core.$proc$src/tick_core.sv:91$47'.
  created $adff cell `$procdff$11591' with positive edge clock and positive level reset.
Creating register for signal `\tick_core.\imem[36]' using process `\tick_core.$proc$src/tick_core.sv:91$47'.
  created $adff cell `$procdff$11596' with positive edge clock and positive level reset.
Creating register for signal `\tick_core.\imem[37]' using process `\tick_core.$proc$src/tick_core.sv:91$47'.
  created $adff cell `$procdff$11601' with positive edge clock and positive level reset.
Creating register for signal `\tick_core.\imem[38]' using process `\tick_core.$proc$src/tick_core.sv:91$47'.
  created $adff cell `$procdff$11606' with positive edge clock and positive level reset.
Creating register for signal `\tick_core.\imem[39]' using process `\tick_core.$proc$src/tick_core.sv:91$47'.
  created $adff cell `$procdff$11611' with positive edge clock and positive level reset.
Creating register for signal `\tick_core.\imem[40]' using process `\tick_core.$proc$src/tick_core.sv:91$47'.
  created $adff cell `$procdff$11616' with positive edge clock and positive level reset.
Creating register for signal `\tick_core.\imem[41]' using process `\tick_core.$proc$src/tick_core.sv:91$47'.
  created $adff cell `$procdff$11621' with positive edge clock and positive level reset.
Creating register for signal `\tick_core.\imem[42]' using process `\tick_core.$proc$src/tick_core.sv:91$47'.
  created $adff cell `$procdff$11626' with positive edge clock and positive level reset.
Creating register for signal `\tick_core.\imem[43]' using process `\tick_core.$proc$src/tick_core.sv:91$47'.
  created $adff cell `$procdff$11631' with positive edge clock and positive level reset.
Creating register for signal `\tick_core.\imem[44]' using process `\tick_core.$proc$src/tick_core.sv:91$47'.
  created $adff cell `$procdff$11636' with positive edge clock and positive level reset.
Creating register for signal `\tick_core.\imem[45]' using process `\tick_core.$proc$src/tick_core.sv:91$47'.
  created $adff cell `$procdff$11641' with positive edge clock and positive level reset.
Creating register for signal `\tick_core.\imem[46]' using process `\tick_core.$proc$src/tick_core.sv:91$47'.
  created $adff cell `$procdff$11646' with positive edge clock and positive level reset.
Creating register for signal `\tick_core.\imem[47]' using process `\tick_core.$proc$src/tick_core.sv:91$47'.
  created $adff cell `$procdff$11651' with positive edge clock and positive level reset.
Creating register for signal `\tick_core.\imem[48]' using process `\tick_core.$proc$src/tick_core.sv:91$47'.
  created $adff cell `$procdff$11656' with positive edge clock and positive level reset.
Creating register for signal `\tick_core.\imem[49]' using process `\tick_core.$proc$src/tick_core.sv:91$47'.
  created $adff cell `$procdff$11661' with positive edge clock and positive level reset.
Creating register for signal `\tick_core.\imem[50]' using process `\tick_core.$proc$src/tick_core.sv:91$47'.
  created $adff cell `$procdff$11666' with positive edge clock and positive level reset.
Creating register for signal `\tick_core.\imem[51]' using process `\tick_core.$proc$src/tick_core.sv:91$47'.
  created $adff cell `$procdff$11671' with positive edge clock and positive level reset.
Creating register for signal `\tick_core.\imem[52]' using process `\tick_core.$proc$src/tick_core.sv:91$47'.
  created $adff cell `$procdff$11676' with positive edge clock and positive level reset.
Creating register for signal `\tick_core.\imem[53]' using process `\tick_core.$proc$src/tick_core.sv:91$47'.
  created $adff cell `$procdff$11681' with positive edge clock and positive level reset.
Creating register for signal `\tick_core.\imem[54]' using process `\tick_core.$proc$src/tick_core.sv:91$47'.
  created $adff cell `$procdff$11686' with positive edge clock and positive level reset.
Creating register for signal `\tick_core.\imem[55]' using process `\tick_core.$proc$src/tick_core.sv:91$47'.
  created $adff cell `$procdff$11691' with positive edge clock and positive level reset.
Creating register for signal `\tick_core.\imem[56]' using process `\tick_core.$proc$src/tick_core.sv:91$47'.
  created $adff cell `$procdff$11696' with positive edge clock and positive level reset.
Creating register for signal `\tick_core.\imem[57]' using process `\tick_core.$proc$src/tick_core.sv:91$47'.
  created $adff cell `$procdff$11701' with positive edge clock and positive level reset.
Creating register for signal `\tick_core.\imem[58]' using process `\tick_core.$proc$src/tick_core.sv:91$47'.
  created $adff cell `$procdff$11706' with positive edge clock and positive level reset.
Creating register for signal `\tick_core.\imem[59]' using process `\tick_core.$proc$src/tick_core.sv:91$47'.
  created $adff cell `$procdff$11711' with positive edge clock and positive level reset.
Creating register for signal `\tick_core.\imem[60]' using process `\tick_core.$proc$src/tick_core.sv:91$47'.
  created $adff cell `$procdff$11716' with positive edge clock and positive level reset.
Creating register for signal `\tick_core.\imem[61]' using process `\tick_core.$proc$src/tick_core.sv:91$47'.
  created $adff cell `$procdff$11721' with positive edge clock and positive level reset.
Creating register for signal `\tick_core.\imem[62]' using process `\tick_core.$proc$src/tick_core.sv:91$47'.
  created $adff cell `$procdff$11726' with positive edge clock and positive level reset.
Creating register for signal `\tick_core.\imem[63]' using process `\tick_core.$proc$src/tick_core.sv:91$47'.
  created $adff cell `$procdff$11731' with positive edge clock and positive level reset.
Creating register for signal `\tick_core.\rf[0]' using process `\tick_core.$proc$src/tick_core.sv:91$47'.
  created $adff cell `$procdff$11736' with positive edge clock and positive level reset.
Creating register for signal `\tick_core.\rf[1]' using process `\tick_core.$proc$src/tick_core.sv:91$47'.
  created $adff cell `$procdff$11741' with positive edge clock and positive level reset.
Creating register for signal `\tick_core.\rf[2]' using process `\tick_core.$proc$src/tick_core.sv:91$47'.
  created $adff cell `$procdff$11746' with positive edge clock and positive level reset.
Creating register for signal `\tick_core.\rf[3]' using process `\tick_core.$proc$src/tick_core.sv:91$47'.
  created $adff cell `$procdff$11751' with positive edge clock and positive level reset.
Creating register for signal `\tick_core.\txfifo[0]' using process `\tick_core.$proc$src/tick_core.sv:91$47'.
  created $dff cell `$procdff$11758' with positive edge clock.
Creating register for signal `\tick_core.\txfifo[1]' using process `\tick_core.$proc$src/tick_core.sv:91$47'.
  created $dff cell `$procdff$11765' with positive edge clock.
Creating register for signal `\tick_core.\txfifo[2]' using process `\tick_core.$proc$src/tick_core.sv:91$47'.
  created $dff cell `$procdff$11772' with positive edge clock.
Creating register for signal `\tick_core.\txfifo[3]' using process `\tick_core.$proc$src/tick_core.sv:91$47'.
  created $dff cell `$procdff$11779' with positive edge clock.
Creating register for signal `\tick_core.\txfifo[4]' using process `\tick_core.$proc$src/tick_core.sv:91$47'.
  created $dff cell `$procdff$11786' with positive edge clock.
Creating register for signal `\tick_core.\txfifo[5]' using process `\tick_core.$proc$src/tick_core.sv:91$47'.
  created $dff cell `$procdff$11793' with positive edge clock.
Creating register for signal `\tick_core.\txfifo[6]' using process `\tick_core.$proc$src/tick_core.sv:91$47'.
  created $dff cell `$procdff$11800' with positive edge clock.
Creating register for signal `\tick_core.\txfifo[7]' using process `\tick_core.$proc$src/tick_core.sv:91$47'.
  created $dff cell `$procdff$11807' with positive edge clock.
Creating register for signal `\tick_core.\rxfifo[0]' using process `\tick_core.$proc$src/tick_core.sv:91$47'.
  created $dff cell `$procdff$11814' with positive edge clock.
Creating register for signal `\tick_core.\rxfifo[1]' using process `\tick_core.$proc$src/tick_core.sv:91$47'.
  created $dff cell `$procdff$11821' with positive edge clock.
Creating register for signal `\tick_core.\rxfifo[2]' using process `\tick_core.$proc$src/tick_core.sv:91$47'.
  created $dff cell `$procdff$11828' with positive edge clock.
Creating register for signal `\tick_core.\rxfifo[3]' using process `\tick_core.$proc$src/tick_core.sv:91$47'.
  created $dff cell `$procdff$11835' with positive edge clock.
Creating register for signal `\tick_core.\rxfifo[4]' using process `\tick_core.$proc$src/tick_core.sv:91$47'.
  created $dff cell `$procdff$11842' with positive edge clock.
Creating register for signal `\tick_core.\rxfifo[5]' using process `\tick_core.$proc$src/tick_core.sv:91$47'.
  created $dff cell `$procdff$11849' with positive edge clock.
Creating register for signal `\tick_core.\rxfifo[6]' using process `\tick_core.$proc$src/tick_core.sv:91$47'.
  created $dff cell `$procdff$11856' with positive edge clock.
Creating register for signal `\tick_core.\rxfifo[7]' using process `\tick_core.$proc$src/tick_core.sv:91$47'.
  created $dff cell `$procdff$11863' with positive edge clock.
Creating register for signal `\tick_core.$mem2reg_wr$\imem$src/tick_core.sv:136$5_ADDR' using process `\tick_core.$proc$src/tick_core.sv:91$47'.
  created $adff cell `$procdff$11868' with positive edge clock and positive level reset.
Creating register for signal `\tick_core.$mem2reg_wr$\imem$src/tick_core.sv:136$5_DATA' using process `\tick_core.$proc$src/tick_core.sv:91$47'.
  created $adff cell `$procdff$11873' with positive edge clock and positive level reset.
Creating register for signal `\tick_core.$mem2reg_wr$\txfifo$src/tick_core.sv:138$6_ADDR' using process `\tick_core.$proc$src/tick_core.sv:91$47'.
  created $adff cell `$procdff$11878' with positive edge clock and positive level reset.
Creating register for signal `\tick_core.$mem2reg_wr$\txfifo$src/tick_core.sv:138$6_DATA' using process `\tick_core.$proc$src/tick_core.sv:91$47'.
  created $adff cell `$procdff$11883' with positive edge clock and positive level reset.
Creating register for signal `\tick_core.$mem2reg_rd$\rxfifo$src/tick_core.sv:142$7_ADDR' using process `\tick_core.$proc$src/tick_core.sv:91$47'.
  created $adff cell `$procdff$11888' with positive edge clock and positive level reset.
Creating register for signal `\tick_core.$mem2reg_rd$\rxfifo$src/tick_core.sv:142$7_DATA' using process `\tick_core.$proc$src/tick_core.sv:91$47'.
  created $adff cell `$procdff$11893' with positive edge clock and positive level reset.
Creating register for signal `\tick_core.$mem2reg_rd$\txfifo$src/tick_core.sv:256$8_ADDR' using process `\tick_core.$proc$src/tick_core.sv:91$47'.
  created $adff cell `$procdff$11898' with positive edge clock and positive level reset.
Creating register for signal `\tick_core.$mem2reg_rd$\txfifo$src/tick_core.sv:256$8_DATA' using process `\tick_core.$proc$src/tick_core.sv:91$47'.
  created $adff cell `$procdff$11903' with positive edge clock and positive level reset.
Creating register for signal `\tick_core.$mem2reg_wr$\rf$src/tick_core.sv:257$9_ADDR' using process `\tick_core.$proc$src/tick_core.sv:91$47'.
  created $adff cell `$procdff$11908' with positive edge clock and positive level reset.
Creating register for signal `\tick_core.$mem2reg_wr$\rf$src/tick_core.sv:257$9_DATA' using process `\tick_core.$proc$src/tick_core.sv:91$47'.
  created $adff cell `$procdff$11913' with positive edge clock and positive level reset.
Creating register for signal `\tick_core.$mem2reg_rd$\txfifo$src/tick_core.sv:258$10_ADDR' using process `\tick_core.$proc$src/tick_core.sv:91$47'.
  created $adff cell `$procdff$11918' with positive edge clock and positive level reset.
Creating register for signal `\tick_core.$mem2reg_rd$\txfifo$src/tick_core.sv:258$10_DATA' using process `\tick_core.$proc$src/tick_core.sv:91$47'.
  created $adff cell `$procdff$11923' with positive edge clock and positive level reset.
Creating register for signal `\tick_core.$mem2reg_rd$\txfifo$src/tick_core.sv:259$11_ADDR' using process `\tick_core.$proc$src/tick_core.sv:91$47'.
  created $adff cell `$procdff$11928' with positive edge clock and positive level reset.
Creating register for signal `\tick_core.$mem2reg_rd$\txfifo$src/tick_core.sv:259$11_DATA' using process `\tick_core.$proc$src/tick_core.sv:91$47'.
  created $adff cell `$procdff$11933' with positive edge clock and positive level reset.
Creating register for signal `\tick_core.$mem2reg_wr$\rf$src/tick_core.sv:265$12_ADDR' using process `\tick_core.$proc$src/tick_core.sv:91$47'.
  created $adff cell `$procdff$11938' with positive edge clock and positive level reset.
Creating register for signal `\tick_core.$mem2reg_wr$\rf$src/tick_core.sv:265$12_DATA' using process `\tick_core.$proc$src/tick_core.sv:91$47'.
  created $adff cell `$procdff$11943' with positive edge clock and positive level reset.
Creating register for signal `\tick_core.$mem2reg_wr$\rf$src/tick_core.sv:360$13_ADDR' using process `\tick_core.$proc$src/tick_core.sv:91$47'.
  created $adff cell `$procdff$11948' with positive edge clock and positive level reset.
Creating register for signal `\tick_core.$mem2reg_wr$\rf$src/tick_core.sv:360$13_DATA' using process `\tick_core.$proc$src/tick_core.sv:91$47'.
  created $adff cell `$procdff$11953' with positive edge clock and positive level reset.
Creating register for signal `\tick_core.$mem2reg_wr$\rf$src/tick_core.sv:367$14_ADDR' using process `\tick_core.$proc$src/tick_core.sv:91$47'.
  created $adff cell `$procdff$11958' with positive edge clock and positive level reset.
Creating register for signal `\tick_core.$mem2reg_wr$\rf$src/tick_core.sv:367$14_DATA' using process `\tick_core.$proc$src/tick_core.sv:91$47'.
  created $adff cell `$procdff$11963' with positive edge clock and positive level reset.
Creating register for signal `\tick_core.$mem2reg_rd$\rf$src/tick_core.sv:367$15_ADDR' using process `\tick_core.$proc$src/tick_core.sv:91$47'.
  created $adff cell `$procdff$11968' with positive edge clock and positive level reset.
Creating register for signal `\tick_core.$mem2reg_rd$\rf$src/tick_core.sv:367$15_DATA' using process `\tick_core.$proc$src/tick_core.sv:91$47'.
  created $adff cell `$procdff$11973' with positive edge clock and positive level reset.
Creating register for signal `\tick_core.$mem2reg_rd$\rf$src/tick_core.sv:368$16_ADDR' using process `\tick_core.$proc$src/tick_core.sv:91$47'.
  created $adff cell `$procdff$11978' with positive edge clock and positive level reset.
Creating register for signal `\tick_core.$mem2reg_rd$\rf$src/tick_core.sv:368$16_DATA' using process `\tick_core.$proc$src/tick_core.sv:91$47'.
  created $adff cell `$procdff$11983' with positive edge clock and positive level reset.
Creating register for signal `\tick_core.$mem2reg_rd$\rf$src/tick_core.sv:371$17_ADDR' using process `\tick_core.$proc$src/tick_core.sv:91$47'.
  created $adff cell `$procdff$11988' with positive edge clock and positive level reset.
Creating register for signal `\tick_core.$mem2reg_rd$\rf$src/tick_core.sv:371$17_DATA' using process `\tick_core.$proc$src/tick_core.sv:91$47'.
  created $adff cell `$procdff$11993' with positive edge clock and positive level reset.
Creating register for signal `\tick_core.$mem2reg_rd$\rf$src/tick_core.sv:371$18_ADDR' using process `\tick_core.$proc$src/tick_core.sv:91$47'.
  created $adff cell `$procdff$11998' with positive edge clock and positive level reset.
Creating register for signal `\tick_core.$mem2reg_rd$\rf$src/tick_core.sv:371$18_DATA' using process `\tick_core.$proc$src/tick_core.sv:91$47'.
  created $adff cell `$procdff$12003' with positive edge clock and positive level reset.
Creating register for signal `\tick_core.$mem2reg_wr$\rf$src/tick_core.sv:372$19_ADDR' using process `\tick_core.$proc$src/tick_core.sv:91$47'.
  created $adff cell `$procdff$12008' with positive edge clock and positive level reset.
Creating register for signal `\tick_core.$mem2reg_wr$\rf$src/tick_core.sv:372$19_DATA' using process `\tick_core.$proc$src/tick_core.sv:91$47'.
  created $adff cell `$procdff$12013' with positive edge clock and positive level reset.
Creating register for signal `\tick_core.$mem2reg_rd$\rf$src/tick_core.sv:377$20_ADDR' using process `\tick_core.$proc$src/tick_core.sv:91$47'.
  created $adff cell `$procdff$12018' with positive edge clock and positive level reset.
Creating register for signal `\tick_core.$mem2reg_rd$\rf$src/tick_core.sv:377$20_DATA' using process `\tick_core.$proc$src/tick_core.sv:91$47'.
  created $adff cell `$procdff$12023' with positive edge clock and positive level reset.
Creating register for signal `\tick_core.$mem2reg_rd$\rf$src/tick_core.sv:378$21_ADDR' using process `\tick_core.$proc$src/tick_core.sv:91$47'.
  created $adff cell `$procdff$12028' with positive edge clock and positive level reset.
Creating register for signal `\tick_core.$mem2reg_rd$\rf$src/tick_core.sv:378$21_DATA' using process `\tick_core.$proc$src/tick_core.sv:91$47'.
  created $adff cell `$procdff$12033' with positive edge clock and positive level reset.
Creating register for signal `\tick_core.$mem2reg_wr$\rf$src/tick_core.sv:379$22_ADDR' using process `\tick_core.$proc$src/tick_core.sv:91$47'.
  created $adff cell `$procdff$12038' with positive edge clock and positive level reset.
Creating register for signal `\tick_core.$mem2reg_wr$\rf$src/tick_core.sv:379$22_DATA' using process `\tick_core.$proc$src/tick_core.sv:91$47'.
  created $adff cell `$procdff$12043' with positive edge clock and positive level reset.
Creating register for signal `\tick_core.$mem2reg_rd$\rf$src/tick_core.sv:396$23_ADDR' using process `\tick_core.$proc$src/tick_core.sv:91$47'.
  created $adff cell `$procdff$12048' with positive edge clock and positive level reset.
Creating register for signal `\tick_core.$mem2reg_rd$\rf$src/tick_core.sv:396$23_DATA' using process `\tick_core.$proc$src/tick_core.sv:91$47'.
  created $adff cell `$procdff$12053' with positive edge clock and positive level reset.
Creating register for signal `\tick_core.$mem2reg_wr$\rf$src/tick_core.sv:404$24_ADDR' using process `\tick_core.$proc$src/tick_core.sv:91$47'.
  created $adff cell `$procdff$12058' with positive edge clock and positive level reset.
Creating register for signal `\tick_core.$mem2reg_wr$\rf$src/tick_core.sv:404$24_DATA' using process `\tick_core.$proc$src/tick_core.sv:91$47'.
  created $adff cell `$procdff$12063' with positive edge clock and positive level reset.
Creating register for signal `\tick_core.$mem2reg_rd$\txfifo$src/tick_core.sv:415$25_ADDR' using process `\tick_core.$proc$src/tick_core.sv:91$47'.
  created $adff cell `$procdff$12068' with positive edge clock and positive level reset.
Creating register for signal `\tick_core.$mem2reg_rd$\txfifo$src/tick_core.sv:415$25_DATA' using process `\tick_core.$proc$src/tick_core.sv:91$47'.
  created $adff cell `$procdff$12073' with positive edge clock and positive level reset.
Creating register for signal `\tick_core.$mem2reg_wr$\rf$src/tick_core.sv:416$26_ADDR' using process `\tick_core.$proc$src/tick_core.sv:91$47'.
  created $adff cell `$procdff$12078' with positive edge clock and positive level reset.
Creating register for signal `\tick_core.$mem2reg_wr$\rf$src/tick_core.sv:416$26_DATA' using process `\tick_core.$proc$src/tick_core.sv:91$47'.
  created $adff cell `$procdff$12083' with positive edge clock and positive level reset.
Creating register for signal `\tick_core.$mem2reg_rd$\txfifo$src/tick_core.sv:417$27_ADDR' using process `\tick_core.$proc$src/tick_core.sv:91$47'.
  created $adff cell `$procdff$12088' with positive edge clock and positive level reset.
Creating register for signal `\tick_core.$mem2reg_rd$\txfifo$src/tick_core.sv:417$27_DATA' using process `\tick_core.$proc$src/tick_core.sv:91$47'.
  created $adff cell `$procdff$12093' with positive edge clock and positive level reset.
Creating register for signal `\tick_core.$mem2reg_rd$\txfifo$src/tick_core.sv:418$28_ADDR' using process `\tick_core.$proc$src/tick_core.sv:91$47'.
  created $adff cell `$procdff$12098' with positive edge clock and positive level reset.
Creating register for signal `\tick_core.$mem2reg_rd$\txfifo$src/tick_core.sv:418$28_DATA' using process `\tick_core.$proc$src/tick_core.sv:91$47'.
  created $adff cell `$procdff$12103' with positive edge clock and positive level reset.
Creating register for signal `\tick_core.$mem2reg_wr$\rxfifo$src/tick_core.sv:426$29_ADDR' using process `\tick_core.$proc$src/tick_core.sv:91$47'.
  created $adff cell `$procdff$12108' with positive edge clock and positive level reset.
Creating register for signal `\tick_core.$mem2reg_wr$\rxfifo$src/tick_core.sv:426$29_DATA' using process `\tick_core.$proc$src/tick_core.sv:91$47'.
  created $adff cell `$procdff$12113' with positive edge clock and positive level reset.
Creating register for signal `\tick_core.$mem2reg_rd$\rf$src/tick_core.sv:426$30_ADDR' using process `\tick_core.$proc$src/tick_core.sv:91$47'.
  created $adff cell `$procdff$12118' with positive edge clock and positive level reset.
Creating register for signal `\tick_core.$mem2reg_rd$\rf$src/tick_core.sv:426$30_DATA' using process `\tick_core.$proc$src/tick_core.sv:91$47'.
  created $adff cell `$procdff$12123' with positive edge clock and positive level reset.
Creating register for signal `\tick_core.$mem2reg_wr$\rf$src/tick_core.sv:437$31_ADDR' using process `\tick_core.$proc$src/tick_core.sv:91$47'.
  created $adff cell `$procdff$12128' with positive edge clock and positive level reset.
Creating register for signal `\tick_core.$mem2reg_wr$\rf$src/tick_core.sv:437$31_DATA' using process `\tick_core.$proc$src/tick_core.sv:91$47'.
  created $adff cell `$procdff$12133' with positive edge clock and positive level reset.
Creating register for signal `\tick_core.$mem2reg_rd$\rf$src/tick_core.sv:448$32_ADDR' using process `\tick_core.$proc$src/tick_core.sv:91$47'.
  created $adff cell `$procdff$12138' with positive edge clock and positive level reset.
Creating register for signal `\tick_core.$mem2reg_rd$\rf$src/tick_core.sv:448$32_DATA' using process `\tick_core.$proc$src/tick_core.sv:91$47'.
  created $adff cell `$procdff$12143' with positive edge clock and positive level reset.
Creating register for signal `\tick_core.$mem2reg_rd$\rf$src/tick_core.sv:450$33_ADDR' using process `\tick_core.$proc$src/tick_core.sv:91$47'.
  created $adff cell `$procdff$12148' with positive edge clock and positive level reset.
Creating register for signal `\tick_core.$mem2reg_rd$\rf$src/tick_core.sv:450$33_DATA' using process `\tick_core.$proc$src/tick_core.sv:91$47'.
  created $adff cell `$procdff$12153' with positive edge clock and positive level reset.
Creating register for signal `\tick_core.$mem2reg_rd$\rf$src/tick_core.sv:451$34_ADDR' using process `\tick_core.$proc$src/tick_core.sv:91$47'.
  created $adff cell `$procdff$12158' with positive edge clock and positive level reset.
Creating register for signal `\tick_core.$mem2reg_rd$\rf$src/tick_core.sv:451$34_DATA' using process `\tick_core.$proc$src/tick_core.sv:91$47'.
  created $adff cell `$procdff$12163' with positive edge clock and positive level reset.
Creating register for signal `\tick_core.$mem2reg_rd$\rf$src/tick_core.sv:452$35_ADDR' using process `\tick_core.$proc$src/tick_core.sv:91$47'.
  created $adff cell `$procdff$12168' with positive edge clock and positive level reset.
Creating register for signal `\tick_core.$mem2reg_rd$\rf$src/tick_core.sv:452$35_DATA' using process `\tick_core.$proc$src/tick_core.sv:91$47'.
  created $adff cell `$procdff$12173' with positive edge clock and positive level reset.
Creating register for signal `\tick_core.$mem2reg_rd$\rf$src/tick_core.sv:453$36_ADDR' using process `\tick_core.$proc$src/tick_core.sv:91$47'.
  created $adff cell `$procdff$12178' with positive edge clock and positive level reset.
Creating register for signal `\tick_core.$mem2reg_rd$\rf$src/tick_core.sv:453$36_DATA' using process `\tick_core.$proc$src/tick_core.sv:91$47'.
  created $adff cell `$procdff$12183' with positive edge clock and positive level reset.
Creating register for signal `\tick_core.$mem2reg_rd$\rf$src/tick_core.sv:454$37_ADDR' using process `\tick_core.$proc$src/tick_core.sv:91$47'.
  created $adff cell `$procdff$12188' with positive edge clock and positive level reset.
Creating register for signal `\tick_core.$mem2reg_rd$\rf$src/tick_core.sv:454$37_DATA' using process `\tick_core.$proc$src/tick_core.sv:91$47'.
  created $adff cell `$procdff$12193' with positive edge clock and positive level reset.
Creating register for signal `\tick_core.$mem2reg_rd$\rf$src/tick_core.sv:455$38_ADDR' using process `\tick_core.$proc$src/tick_core.sv:91$47'.
  created $adff cell `$procdff$12198' with positive edge clock and positive level reset.
Creating register for signal `\tick_core.$mem2reg_rd$\rf$src/tick_core.sv:455$38_DATA' using process `\tick_core.$proc$src/tick_core.sv:91$47'.
  created $adff cell `$procdff$12203' with positive edge clock and positive level reset.
Creating register for signal `\tick_core.$mem2reg_rd$\rf$src/tick_core.sv:456$39_ADDR' using process `\tick_core.$proc$src/tick_core.sv:91$47'.
  created $adff cell `$procdff$12208' with positive edge clock and positive level reset.
Creating register for signal `\tick_core.$mem2reg_rd$\rf$src/tick_core.sv:456$39_DATA' using process `\tick_core.$proc$src/tick_core.sv:91$47'.
  created $adff cell `$procdff$12213' with positive edge clock and positive level reset.

4.10. Executing PROC_MEMWR pass (convert process memory writes to cells).

4.11. Executing PROC_CLEAN pass (remove empty switches from decision trees).
Found and cleaned up 5 empty switches in `\tt_um_larsnitschke_tick.$proc$src/tt_um_larsnitschke_tick.sv:60$594'.
Removing empty process `tt_um_larsnitschke_tick.$proc$src/tt_um_larsnitschke_tick.sv:60$594'.
Found and cleaned up 1 empty switch in `\tick_core.$proc$src/tick_core.sv:87$583'.
Removing empty process `tick_core.$proc$src/tick_core.sv:87$583'.
Found and cleaned up 96 empty switches in `\tick_core.$proc$src/tick_core.sv:91$47'.
Removing empty process `tick_core.$proc$src/tick_core.sv:91$47'.
Cleaned up 102 empty switches.

4.12. Executing OPT_EXPR pass (perform const folding).
Optimizing module tt_um_larsnitschke_tick.
<suppressed ~11 debug messages>
Optimizing module tick_core.
<suppressed ~1648 debug messages>

5. Executing OPT pass (performing simple optimizations).

5.1. Executing OPT_EXPR pass (perform const folding).
Optimizing module tt_um_larsnitschke_tick.
Optimizing module tick_core.

5.2. Executing OPT_MERGE pass (detect identical cells).
Finding identical cells in module `\tt_um_larsnitschke_tick'.
Computing hashes of 41 cells of `\tt_um_larsnitschke_tick'.
Finding duplicate cells in `\tt_um_larsnitschke_tick'.
Computing hashes of 32 cells of `\tt_um_larsnitschke_tick'.
Finding duplicate cells in `\tt_um_larsnitschke_tick'.
<suppressed ~27 debug messages>
Finding identical cells in module `\tick_core'.
Computing hashes of 3696 cells of `\tick_core'.
Finding duplicate cells in `\tick_core'.
Computing hashes of 2922 cells of `\tick_core'.
Finding duplicate cells in `\tick_core'.
Computing hashes of 2920 cells of `\tick_core'.
Finding duplicate cells in `\tick_core'.
<suppressed ~2328 debug messages>
Removed a total of 785 cells.

5.3. Executing OPT_MUXTREE pass (detect dead branches in mux trees).
Running muxtree optimizer on module \tt_um_larsnitschke_tick..
  Creating internal representation of mux trees.
  Evaluating internal representation of mux trees.
  Analyzing evaluation results.
Running muxtree optimizer on module \tick_core..
  Creating internal representation of mux trees.
  Evaluating internal representation of mux trees.
      Replacing known input bits on port A of cell $procmux$5275: $4\main.waiting_n[0:0] -> 1'0
      Replacing known input bits on port A of cell $procmux$4967: $4\main.waiting_n[0:0] -> 1'1
      Replacing known input bits on port B of cell $procmux$4870: $9\main.waiting_n[0:0] -> 1'1
      Replacing known input bits on port A of cell $procmux$4323: $9\main.waiting_n[0:0] -> 1'0
      Replacing known input bits on port A of cell $procmux$1858: $9\main.waiting_n[0:0] -> 1'0
      Replacing known input bits on port B of cell $procmux$1785: $9\main.waiting_n[0:0] -> 1'0
      Replacing known input bits on port A of cell $procmux$2162: $9\main.waiting_n[0:0] -> 1'0
      Replacing known input bits on port B of cell $procmux$2115: $9\main.waiting_n[0:0] -> 1'0
      Replacing known input bits on port B of cell $procmux$3076: $9\main.waiting_n[0:0] -> 1'0
  Analyzing evaluation results.
    dead port 2/2 on $mux $procmux$10056.
    dead port 1/2 on $mux $procmux$10053.
    dead port 2/2 on $mux $procmux$10051.
    dead port 2/2 on $mux $procmux$10049.
    dead port 1/2 on $mux $procmux$7062.
    dead port 2/2 on $mux $procmux$7062.
    dead port 1/2 on $mux $procmux$7059.
    dead port 2/2 on $mux $procmux$7059.
    dead port 1/2 on $mux $procmux$7056.
    dead port 2/2 on $mux $procmux$7056.
    dead port 1/2 on $mux $procmux$7053.
    dead port 2/2 on $mux $procmux$7053.
    dead port 1/2 on $mux $procmux$6918.
    dead port 2/2 on $mux $procmux$6918.
    dead port 1/2 on $mux $procmux$6915.
    dead port 2/2 on $mux $procmux$6915.
    dead port 1/2 on $mux $procmux$6912.
    dead port 2/2 on $mux $procmux$6912.
    dead port 1/2 on $mux $procmux$6909.
    dead port 2/2 on $mux $procmux$6909.
    dead port 1/2 on $mux $procmux$6906.
    dead port 2/2 on $mux $procmux$6906.
    dead port 1/2 on $mux $procmux$6903.
    dead port 2/2 on $mux $procmux$6903.
    dead port 1/2 on $mux $procmux$6900.
    dead port 2/2 on $mux $procmux$6900.
    dead port 1/2 on $mux $procmux$6897.
    dead port 2/2 on $mux $procmux$6897.
    dead port 1/2 on $mux $procmux$6894.
    dead port 2/2 on $mux $procmux$6894.
    dead port 1/2 on $mux $procmux$6891.
    dead port 2/2 on $mux $procmux$6891.
    dead port 1/2 on $mux $procmux$6888.
    dead port 2/2 on $mux $procmux$6888.
    dead port 1/2 on $mux $procmux$6885.
    dead port 2/2 on $mux $procmux$6885.
    dead port 1/2 on $mux $procmux$6882.
    dead port 2/2 on $mux $procmux$6882.
    dead port 1/2 on $mux $procmux$6879.
    dead port 2/2 on $mux $procmux$6879.
    dead port 1/2 on $mux $procmux$6876.
    dead port 2/2 on $mux $procmux$6876.
    dead port 1/2 on $mux $procmux$6873.
    dead port 2/2 on $mux $procmux$6873.
    dead port 1/2 on $mux $procmux$6870.
    dead port 2/2 on $mux $procmux$6870.
    dead port 1/2 on $mux $procmux$6867.
    dead port 2/2 on $mux $procmux$6867.
    dead port 1/2 on $mux $procmux$6864.
    dead port 2/2 on $mux $procmux$6864.
    dead port 1/2 on $mux $procmux$6861.
    dead port 2/2 on $mux $procmux$6861.
    dead port 1/2 on $mux $procmux$6858.
    dead port 2/2 on $mux $procmux$6858.
    dead port 1/2 on $mux $procmux$6855.
    dead port 2/2 on $mux $procmux$6855.
    dead port 1/2 on $mux $procmux$6852.
    dead port 2/2 on $mux $procmux$6852.
    dead port 1/2 on $mux $procmux$6849.
    dead port 2/2 on $mux $procmux$6849.
    dead port 1/2 on $mux $procmux$6846.
    dead port 2/2 on $mux $procmux$6846.
    dead port 1/2 on $mux $procmux$6843.
    dead port 2/2 on $mux $procmux$6843.
    dead port 1/2 on $mux $procmux$6840.
    dead port 2/2 on $mux $procmux$6840.
    dead port 1/2 on $mux $procmux$6837.
    dead port 2/2 on $mux $procmux$6837.
    dead port 1/2 on $mux $procmux$6834.
    dead port 2/2 on $mux $procmux$6834.
    dead port 1/2 on $mux $procmux$6831.
    dead port 2/2 on $mux $procmux$6831.
    dead port 1/2 on $mux $procmux$6828.
    dead port 2/2 on $mux $procmux$6828.
    dead port 1/2 on $mux $procmux$6825.
    dead port 2/2 on $mux $procmux$6825.
    dead port 1/2 on $mux $procmux$6822.
    dead port 2/2 on $mux $procmux$6822.
    dead port 1/2 on $mux $procmux$6819.
    dead port 2/2 on $mux $procmux$6819.
    dead port 1/2 on $mux $procmux$6816.
    dead port 2/2 on $mux $procmux$6816.
    dead port 1/2 on $mux $procmux$6813.
    dead port 2/2 on $mux $procmux$6813.
    dead port 1/2 on $mux $procmux$6810.
    dead port 2/2 on $mux $procmux$6810.
    dead port 1/2 on $mux $procmux$6807.
    dead port 2/2 on $mux $procmux$6807.
    dead port 1/2 on $mux $procmux$6804.
    dead port 2/2 on $mux $procmux$6804.
    dead port 1/2 on $mux $procmux$6801.
    dead port 2/2 on $mux $procmux$6801.
    dead port 1/2 on $mux $procmux$6798.
    dead port 2/2 on $mux $procmux$6798.
    dead port 1/2 on $mux $procmux$6795.
    dead port 2/2 on $mux $procmux$6795.
    dead port 1/2 on $mux $procmux$6792.
    dead port 2/2 on $mux $procmux$6792.
    dead port 1/2 on $mux $procmux$6789.
    dead port 2/2 on $mux $procmux$6789.
    dead port 1/2 on $mux $procmux$6786.
    dead port 2/2 on $mux $procmux$6786.
    dead port 1/2 on $mux $procmux$6783.
    dead port 2/2 on $mux $procmux$6783.
    dead port 1/2 on $mux $procmux$6780.
    dead port 2/2 on $mux $procmux$6780.
    dead port 1/2 on $mux $procmux$6777.
    dead port 2/2 on $mux $procmux$6777.
    dead port 1/2 on $mux $procmux$6774.
    dead port 2/2 on $mux $procmux$6774.
    dead port 1/2 on $mux $procmux$6771.
    dead port 2/2 on $mux $procmux$6771.
    dead port 1/2 on $mux $procmux$6768.
    dead port 2/2 on $mux $procmux$6768.
    dead port 1/2 on $mux $procmux$6765.
    dead port 2/2 on $mux $procmux$6765.
    dead port 1/2 on $mux $procmux$6762.
    dead port 2/2 on $mux $procmux$6762.
    dead port 1/2 on $mux $procmux$6759.
    dead port 2/2 on $mux $procmux$6759.
    dead port 1/2 on $mux $procmux$6756.
    dead port 2/2 on $mux $procmux$6756.
    dead port 1/2 on $mux $procmux$6753.
    dead port 2/2 on $mux $procmux$6753.
    dead port 1/2 on $mux $procmux$6750.
    dead port 2/2 on $mux $procmux$6750.
    dead port 1/2 on $mux $procmux$6747.
    dead port 2/2 on $mux $procmux$6747.
    dead port 1/2 on $mux $procmux$6744.
    dead port 2/2 on $mux $procmux$6744.
    dead port 1/2 on $mux $procmux$6741.
    dead port 2/2 on $mux $procmux$6741.
    dead port 1/2 on $mux $procmux$6738.
    dead port 2/2 on $mux $procmux$6738.
    dead port 1/2 on $mux $procmux$6735.
    dead port 2/2 on $mux $procmux$6735.
    dead port 1/2 on $mux $procmux$6732.
    dead port 2/2 on $mux $procmux$6732.
    dead port 1/2 on $mux $procmux$6729.
    dead port 2/2 on $mux $procmux$6729.
    dead port 1/2 on $mux $procmux$6726.
    dead port 2/2 on $mux $procmux$6726.
    dead port 2/2 on $mux $procmux$6717.
    dead port 2/2 on $mux $procmux$6714.
    dead port 2/2 on $mux $procmux$6708.
    dead port 2/2 on $mux $procmux$6705.
    dead port 2/2 on $mux $procmux$6703.
    dead port 2/2 on $mux $procmux$6696.
    dead port 2/2 on $mux $procmux$6693.
    dead port 1/2 on $mux $procmux$6691.
    dead port 2/2 on $mux $procmux$6678.
    dead port 2/2 on $mux $procmux$6654.
    dead port 2/2 on $mux $procmux$6618.
    dead port 2/2 on $mux $procmux$6612.
    dead port 2/2 on $mux $procmux$6609.
    dead port 2/2 on $mux $procmux$6603.
    dead port 2/2 on $mux $procmux$6600.
    dead port 2/2 on $mux $procmux$6594.
    dead port 2/2 on $mux $procmux$6591.
    dead port 2/2 on $mux $procmux$6585.
    dead port 2/2 on $mux $procmux$6582.
    dead port 2/2 on $mux $procmux$6576.
    dead port 2/2 on $mux $procmux$6573.
    dead port 2/2 on $mux $procmux$6567.
    dead port 2/2 on $mux $procmux$6564.
    dead port 2/2 on $mux $procmux$6558.
    dead port 2/2 on $mux $procmux$6555.
    dead port 2/2 on $mux $procmux$6549.
    dead port 2/2 on $mux $procmux$6546.
    dead port 2/2 on $mux $procmux$6540.
    dead port 2/2 on $mux $procmux$6537.
    dead port 2/2 on $mux $procmux$6531.
    dead port 2/2 on $mux $procmux$6528.
    dead port 2/2 on $mux $procmux$6522.
    dead port 2/2 on $mux $procmux$6519.
    dead port 2/2 on $mux $procmux$6514.
    dead port 2/2 on $mux $procmux$6508.
    dead port 2/2 on $mux $procmux$6502.
    dead port 2/2 on $mux $procmux$6484.
    dead port 2/2 on $mux $procmux$6478.
    dead port 2/2 on $mux $procmux$6472.
    dead port 2/2 on $mux $procmux$6466.
    dead port 2/2 on $mux $procmux$6460.
    dead port 2/2 on $mux $procmux$6454.
    dead port 2/2 on $mux $procmux$6448.
    dead port 2/2 on $mux $procmux$6442.
    dead port 2/2 on $mux $procmux$6436.
    dead port 2/2 on $mux $procmux$6430.
    dead port 1/2 on $mux $procmux$6418.
    dead port 2/2 on $mux $procmux$6418.
    dead port 1/2 on $mux $procmux$6415.
    dead port 2/2 on $mux $procmux$6415.
    dead port 2/2 on $mux $procmux$6412.
    dead port 2/2 on $mux $procmux$6409.
    dead port 2/2 on $mux $procmux$6403.
    dead port 2/2 on $mux $procmux$6400.
    dead port 2/2 on $mux $procmux$6394.
    dead port 2/2 on $mux $procmux$6391.
    dead port 2/2 on $mux $procmux$6385.
    dead port 2/2 on $mux $procmux$6382.
    dead port 2/2 on $mux $procmux$6376.
    dead port 2/2 on $mux $procmux$6373.
    dead port 2/2 on $mux $procmux$6367.
    dead port 2/2 on $mux $procmux$6364.
    dead port 2/2 on $mux $procmux$6358.
    dead port 2/2 on $mux $procmux$6355.
    dead port 2/2 on $mux $procmux$6349.
    dead port 2/2 on $mux $procmux$6346.
    dead port 2/2 on $mux $procmux$6340.
    dead port 2/2 on $mux $procmux$6337.
    dead port 2/2 on $mux $procmux$6331.
    dead port 2/2 on $mux $procmux$6328.
    dead port 2/2 on $mux $procmux$6322.
    dead port 2/2 on $mux $procmux$6319.
    dead port 2/2 on $mux $procmux$6313.
    dead port 2/2 on $mux $procmux$6310.
    dead port 2/2 on $mux $procmux$6304.
    dead port 2/2 on $mux $procmux$6301.
    dead port 2/2 on $mux $procmux$6295.
    dead port 2/2 on $mux $procmux$6292.
    dead port 2/2 on $mux $procmux$6286.
    dead port 2/2 on $mux $procmux$6283.
    dead port 2/2 on $mux $procmux$6277.
    dead port 2/2 on $mux $procmux$6274.
    dead port 1/2 on $mux $procmux$6268.
    dead port 2/2 on $mux $procmux$6268.
    dead port 1/2 on $mux $procmux$6265.
    dead port 2/2 on $mux $procmux$6265.
    dead port 1/2 on $mux $procmux$6263.
    dead port 2/2 on $mux $procmux$6263.
    dead port 2/2 on $mux $procmux$6259.
    dead port 2/2 on $mux $procmux$6256.
    dead port 1/2 on $mux $procmux$6254.
    dead port 2/2 on $mux $procmux$6247.
    dead port 2/2 on $mux $procmux$6244.
    dead port 1/2 on $mux $procmux$6242.
    dead port 2/2 on $mux $procmux$6235.
    dead port 2/2 on $mux $procmux$6232.
    dead port 1/2 on $mux $procmux$6230.
    dead port 2/2 on $mux $procmux$6223.
    dead port 2/2 on $mux $procmux$6220.
    dead port 1/2 on $mux $procmux$6218.
    dead port 2/2 on $mux $procmux$6211.
    dead port 2/2 on $mux $procmux$6208.
    dead port 1/2 on $mux $procmux$6206.
    dead port 1/2 on $mux $procmux$6199.
    dead port 2/2 on $mux $procmux$6199.
    dead port 1/2 on $mux $procmux$6196.
    dead port 2/2 on $mux $procmux$6196.
    dead port 1/2 on $mux $procmux$6194.
    dead port 2/2 on $mux $procmux$6194.
    dead port 1/2 on $mux $procmux$6191.
    dead port 2/2 on $mux $procmux$6191.
    dead port 2/2 on $mux $procmux$6187.
    dead port 2/2 on $mux $procmux$6184.
    dead port 1/2 on $mux $procmux$6182.
    dead port 2/2 on $mux $procmux$6175.
    dead port 2/2 on $mux $procmux$6172.
    dead port 1/2 on $mux $procmux$6170.
    dead port 2/2 on $mux $procmux$6163.
    dead port 2/2 on $mux $procmux$6160.
    dead port 1/2 on $mux $procmux$6158.
    dead port 2/2 on $mux $procmux$6151.
    dead port 2/2 on $mux $procmux$6148.
    dead port 1/2 on $mux $procmux$6146.
    dead port 2/2 on $mux $procmux$6139.
    dead port 2/2 on $mux $procmux$6136.
    dead port 1/2 on $mux $procmux$6134.
    dead port 2/2 on $mux $procmux$6127.
    dead port 2/2 on $mux $procmux$6124.
    dead port 1/2 on $mux $procmux$6122.
    dead port 2/2 on $mux $procmux$6115.
    dead port 2/2 on $mux $procmux$6112.
    dead port 1/2 on $mux $procmux$6110.
    dead port 2/2 on $mux $procmux$6103.
    dead port 2/2 on $mux $procmux$6100.
    dead port 1/2 on $mux $procmux$6098.
    dead port 2/2 on $mux $procmux$6091.
    dead port 2/2 on $mux $procmux$6088.
    dead port 1/2 on $mux $procmux$6086.
    dead port 2/2 on $mux $procmux$6079.
    dead port 2/2 on $mux $procmux$6076.
    dead port 1/2 on $mux $procmux$6074.
    dead port 2/2 on $mux $procmux$6067.
    dead port 2/2 on $mux $procmux$6064.
    dead port 1/2 on $mux $procmux$6062.
    dead port 2/2 on $mux $procmux$6055.
    dead port 2/2 on $mux $procmux$6052.
    dead port 1/2 on $mux $procmux$6050.
    dead port 1/2 on $mux $procmux$6047.
    dead port 2/2 on $mux $procmux$6040.
    dead port 2/2 on $mux $procmux$6037.
    dead port 1/2 on $mux $procmux$6035.
    dead port 1/2 on $mux $procmux$6032.
    dead port 2/2 on $mux $procmux$6025.
    dead port 2/2 on $mux $procmux$6022.
    dead port 1/2 on $mux $procmux$6020.
    dead port 1/2 on $mux $procmux$6017.
    dead port 2/2 on $mux $procmux$6010.
    dead port 2/2 on $mux $procmux$6007.
    dead port 1/2 on $mux $procmux$6005.
    dead port 1/2 on $mux $procmux$6002.
    dead port 1/2 on $mux $procmux$5995.
    dead port 2/2 on $mux $procmux$5995.
    dead port 1/2 on $mux $procmux$5992.
    dead port 2/2 on $mux $procmux$5992.
    dead port 1/2 on $mux $procmux$5990.
    dead port 2/2 on $mux $procmux$5990.
    dead port 1/2 on $mux $procmux$5987.
    dead port 2/2 on $mux $procmux$5987.
    dead port 1/2 on $mux $procmux$5984.
    dead port 2/2 on $mux $procmux$5984.
    dead port 2/2 on $mux $procmux$5980.
    dead port 2/2 on $mux $procmux$5977.
    dead port 1/2 on $mux $procmux$5975.
    dead port 1/2 on $mux $procmux$5972.
    dead port 2/2 on $mux $procmux$5965.
    dead port 2/2 on $mux $procmux$5962.
    dead port 1/2 on $mux $procmux$5960.
    dead port 1/2 on $mux $procmux$5957.
    dead port 2/2 on $mux $procmux$5950.
    dead port 2/2 on $mux $procmux$5947.
    dead port 1/2 on $mux $procmux$5945.
    dead port 1/2 on $mux $procmux$5942.
    dead port 2/2 on $mux $procmux$5935.
    dead port 2/2 on $mux $procmux$5932.
    dead port 1/2 on $mux $procmux$5930.
    dead port 1/2 on $mux $procmux$5927.
    dead port 2/2 on $mux $procmux$5920.
    dead port 2/2 on $mux $procmux$5917.
    dead port 1/2 on $mux $procmux$5915.
    dead port 1/2 on $mux $procmux$5912.
    dead port 2/2 on $mux $procmux$5905.
    dead port 2/2 on $mux $procmux$5902.
    dead port 1/2 on $mux $procmux$5900.
    dead port 1/2 on $mux $procmux$5897.
    dead port 2/2 on $mux $procmux$5890.
    dead port 2/2 on $mux $procmux$5887.
    dead port 1/2 on $mux $procmux$5885.
    dead port 1/2 on $mux $procmux$5882.
    dead port 2/2 on $mux $procmux$5875.
    dead port 2/2 on $mux $procmux$5872.
    dead port 1/2 on $mux $procmux$5870.
    dead port 1/2 on $mux $procmux$5867.
    dead port 2/2 on $mux $procmux$5860.
    dead port 2/2 on $mux $procmux$5857.
    dead port 1/2 on $mux $procmux$5855.
    dead port 1/2 on $mux $procmux$5852.
    dead port 2/2 on $mux $procmux$5845.
    dead port 2/2 on $mux $procmux$5842.
    dead port 1/2 on $mux $procmux$5840.
    dead port 1/2 on $mux $procmux$5837.
    dead port 2/2 on $mux $procmux$5830.
    dead port 2/2 on $mux $procmux$5827.
    dead port 1/2 on $mux $procmux$5825.
    dead port 1/2 on $mux $procmux$5822.
    dead port 2/2 on $mux $procmux$5815.
    dead port 2/2 on $mux $procmux$5812.
    dead port 1/2 on $mux $procmux$5810.
    dead port 1/2 on $mux $procmux$5807.
    dead port 2/2 on $mux $procmux$5800.
    dead port 2/2 on $mux $procmux$5797.
    dead port 1/2 on $mux $procmux$5795.
    dead port 1/2 on $mux $procmux$5792.
    dead port 2/2 on $mux $procmux$5789.
    dead port 1/2 on $mux $procmux$5782.
    dead port 2/2 on $mux $procmux$5782.
    dead port 1/2 on $mux $procmux$5779.
    dead port 2/2 on $mux $procmux$5779.
    dead port 1/2 on $mux $procmux$5777.
    dead port 2/2 on $mux $procmux$5777.
    dead port 1/2 on $mux $procmux$5774.
    dead port 2/2 on $mux $procmux$5774.
    dead port 1/2 on $mux $procmux$5771.
    dead port 2/2 on $mux $procmux$5771.
    dead port 1/2 on $mux $procmux$5769.
    dead port 2/2 on $mux $procmux$5769.
    dead port 1/2 on $mux $procmux$5764.
    dead port 2/2 on $mux $procmux$5764.
    dead port 1/2 on $mux $procmux$5761.
    dead port 2/2 on $mux $procmux$5761.
    dead port 1/2 on $mux $procmux$5759.
    dead port 2/2 on $mux $procmux$5759.
    dead port 1/2 on $mux $procmux$5756.
    dead port 2/2 on $mux $procmux$5756.
    dead port 1/2 on $mux $procmux$5753.
    dead port 2/2 on $mux $procmux$5753.
    dead port 1/2 on $mux $procmux$5751.
    dead port 2/2 on $mux $procmux$5751.
    dead port 1/2 on $mux $procmux$5749.
    dead port 2/2 on $mux $procmux$5749.
    dead port 2/2 on $mux $procmux$5743.
    dead port 2/2 on $mux $procmux$5740.
    dead port 1/2 on $mux $procmux$5738.
    dead port 1/2 on $mux $procmux$5735.
    dead port 2/2 on $mux $procmux$5732.
    dead port 2/2 on $mux $procmux$5730.
    dead port 2/2 on $mux $procmux$5722.
    dead port 2/2 on $mux $procmux$5719.
    dead port 1/2 on $mux $procmux$5717.
    dead port 1/2 on $mux $procmux$5714.
    dead port 2/2 on $mux $procmux$5711.
    dead port 2/2 on $mux $procmux$5704.
    dead port 2/2 on $mux $procmux$5701.
    dead port 1/2 on $mux $procmux$5699.
    dead port 1/2 on $mux $procmux$5696.
    dead port 2/2 on $mux $procmux$5693.
    dead port 2/2 on $mux $procmux$5686.
    dead port 2/2 on $mux $procmux$5683.
    dead port 1/2 on $mux $procmux$5681.
    dead port 1/2 on $mux $procmux$5678.
    dead port 2/2 on $mux $procmux$5675.
    dead port 2/2 on $mux $procmux$5668.
    dead port 2/2 on $mux $procmux$5665.
    dead port 1/2 on $mux $procmux$5663.
    dead port 1/2 on $mux $procmux$5660.
    dead port 2/2 on $mux $procmux$5657.
    dead port 2/2 on $mux $procmux$5650.
    dead port 2/2 on $mux $procmux$5647.
    dead port 1/2 on $mux $procmux$5645.
    dead port 1/2 on $mux $procmux$5642.
    dead port 2/2 on $mux $procmux$5639.
    dead port 2/2 on $mux $procmux$5632.
    dead port 2/2 on $mux $procmux$5629.
    dead port 1/2 on $mux $procmux$5627.
    dead port 1/2 on $mux $procmux$5624.
    dead port 2/2 on $mux $procmux$5621.
    dead port 2/2 on $mux $procmux$5614.
    dead port 2/2 on $mux $procmux$5611.
    dead port 1/2 on $mux $procmux$5609.
    dead port 1/2 on $mux $procmux$5606.
    dead port 2/2 on $mux $procmux$5603.
    dead port 2/2 on $mux $procmux$5596.
    dead port 2/2 on $mux $procmux$5593.
    dead port 1/2 on $mux $procmux$5591.
    dead port 1/2 on $mux $procmux$5588.
    dead port 2/2 on $mux $procmux$5585.
    dead port 2/2 on $mux $procmux$5578.
    dead port 2/2 on $mux $procmux$5575.
    dead port 1/2 on $mux $procmux$5573.
    dead port 1/2 on $mux $procmux$5570.
    dead port 2/2 on $mux $procmux$5567.
    dead port 2/2 on $mux $procmux$5560.
    dead port 2/2 on $mux $procmux$5557.
    dead port 1/2 on $mux $procmux$5555.
    dead port 1/2 on $mux $procmux$5552.
    dead port 2/2 on $mux $procmux$5549.
    dead port 2/2 on $mux $procmux$5542.
    dead port 2/2 on $mux $procmux$5539.
    dead port 1/2 on $mux $procmux$5537.
    dead port 1/2 on $mux $procmux$5534.
    dead port 2/2 on $mux $procmux$5531.
    dead port 2/2 on $mux $procmux$5524.
    dead port 2/2 on $mux $procmux$5521.
    dead port 1/2 on $mux $procmux$5519.
    dead port 1/2 on $mux $procmux$5516.
    dead port 2/2 on $mux $procmux$5513.
    dead port 2/2 on $mux $procmux$5506.
    dead port 2/2 on $mux $procmux$5503.
    dead port 1/2 on $mux $procmux$5501.
    dead port 1/2 on $mux $procmux$5498.
    dead port 1/2 on $mux $procmux$5495.
    dead port 2/2 on $mux $procmux$5488.
    dead port 2/2 on $mux $procmux$5485.
    dead port 1/2 on $mux $procmux$5483.
    dead port 1/2 on $mux $procmux$5480.
    dead port 1/2 on $mux $procmux$5477.
    dead port 2/2 on $mux $procmux$5470.
    dead port 2/2 on $mux $procmux$5467.
    dead port 1/2 on $mux $procmux$5465.
    dead port 1/2 on $mux $procmux$5462.
    dead port 1/2 on $mux $procmux$5459.
    dead port 2/2 on $mux $procmux$5452.
    dead port 2/2 on $mux $procmux$5449.
    dead port 1/2 on $mux $procmux$5447.
    dead port 1/2 on $mux $procmux$5444.
    dead port 1/2 on $mux $procmux$5441.
    dead port 2/2 on $mux $procmux$5434.
    dead port 2/2 on $mux $procmux$5431.
    dead port 1/2 on $mux $procmux$5429.
    dead port 1/2 on $mux $procmux$5426.
    dead port 1/2 on $mux $procmux$5423.
    dead port 2/2 on $mux $procmux$5416.
    dead port 2/2 on $mux $procmux$5413.
    dead port 1/2 on $mux $procmux$5411.
    dead port 1/2 on $mux $procmux$5408.
    dead port 1/2 on $mux $procmux$5405.
    dead port 2/2 on $mux $procmux$5398.
    dead port 2/2 on $mux $procmux$5395.
    dead port 1/2 on $mux $procmux$5393.
    dead port 1/2 on $mux $procmux$5390.
    dead port 1/2 on $mux $procmux$5387.
    dead port 2/2 on $mux $procmux$5380.
    dead port 2/2 on $mux $procmux$5377.
    dead port 1/2 on $mux $procmux$5375.
    dead port 1/2 on $mux $procmux$5372.
    dead port 1/2 on $mux $procmux$5369.
    dead port 2/2 on $mux $procmux$5362.
    dead port 2/2 on $mux $procmux$5359.
    dead port 1/2 on $mux $procmux$5357.
    dead port 1/2 on $mux $procmux$5354.
    dead port 1/2 on $mux $procmux$5351.
    dead port 2/2 on $mux $procmux$5344.
    dead port 2/2 on $mux $procmux$5341.
    dead port 1/2 on $mux $procmux$5339.
    dead port 1/2 on $mux $procmux$5336.
    dead port 1/2 on $mux $procmux$5333.
    dead port 2/2 on $mux $procmux$5326.
    dead port 2/2 on $mux $procmux$5323.
    dead port 1/2 on $mux $procmux$5321.
    dead port 1/2 on $mux $procmux$5318.
    dead port 1/2 on $mux $procmux$5315.
    dead port 2/2 on $mux $procmux$5308.
    dead port 2/2 on $mux $procmux$5305.
    dead port 1/2 on $mux $procmux$5303.
    dead port 1/2 on $mux $procmux$5300.
    dead port 1/2 on $mux $procmux$5297.
    dead port 2/2 on $mux $procmux$5290.
    dead port 2/2 on $mux $procmux$5284.
    dead port 1/2 on $mux $procmux$5272.
    dead port 2/2 on $mux $procmux$5272.
    dead port 1/2 on $mux $procmux$5269.
    dead port 2/2 on $mux $procmux$5269.
    dead port 1/2 on $mux $procmux$5266.
    dead port 2/2 on $mux $procmux$5266.
    dead port 1/2 on $mux $procmux$5263.
    dead port 2/2 on $mux $procmux$5263.
    dead port 1/2 on $mux $procmux$5260.
    dead port 2/2 on $mux $procmux$5260.
    dead port 1/2 on $mux $procmux$5257.
    dead port 2/2 on $mux $procmux$5257.
    dead port 1/2 on $mux $procmux$5254.
    dead port 2/2 on $mux $procmux$5254.
    dead port 1/2 on $mux $procmux$5251.
    dead port 2/2 on $mux $procmux$5251.
    dead port 1/2 on $mux $procmux$5248.
    dead port 2/2 on $mux $procmux$5248.
    dead port 1/2 on $mux $procmux$5245.
    dead port 2/2 on $mux $procmux$5245.
    dead port 1/2 on $mux $procmux$5242.
    dead port 2/2 on $mux $procmux$5242.
    dead port 1/2 on $mux $procmux$5239.
    dead port 2/2 on $mux $procmux$5239.
    dead port 1/2 on $mux $procmux$5236.
    dead port 2/2 on $mux $procmux$5236.
    dead port 1/2 on $mux $procmux$5233.
    dead port 2/2 on $mux $procmux$5233.
    dead port 1/2 on $mux $procmux$5230.
    dead port 2/2 on $mux $procmux$5230.
    dead port 1/2 on $mux $procmux$5227.
    dead port 2/2 on $mux $procmux$5227.
    dead port 1/2 on $mux $procmux$5224.
    dead port 2/2 on $mux $procmux$5224.
    dead port 1/2 on $mux $procmux$5221.
    dead port 2/2 on $mux $procmux$5221.
    dead port 1/2 on $mux $procmux$5218.
    dead port 2/2 on $mux $procmux$5218.
    dead port 1/2 on $mux $procmux$5215.
    dead port 2/2 on $mux $procmux$5215.
    dead port 2/2 on $mux $procmux$5212.
    dead port 2/2 on $mux $procmux$5209.
    dead port 1/2 on $mux $procmux$5203.
    dead port 2/2 on $mux $procmux$5203.
    dead port 1/2 on $mux $procmux$5200.
    dead port 2/2 on $mux $procmux$5200.
    dead port 1/2 on $mux $procmux$5198.
    dead port 2/2 on $mux $procmux$5198.
    dead port 1/2 on $mux $procmux$5194.
    dead port 2/2 on $mux $procmux$5194.
    dead port 1/2 on $mux $procmux$5191.
    dead port 2/2 on $mux $procmux$5191.
    dead port 1/2 on $mux $procmux$5189.
    dead port 2/2 on $mux $procmux$5189.
    dead port 1/2 on $mux $procmux$5185.
    dead port 2/2 on $mux $procmux$5185.
    dead port 1/2 on $mux $procmux$5182.
    dead port 2/2 on $mux $procmux$5182.
    dead port 1/2 on $mux $procmux$5180.
    dead port 2/2 on $mux $procmux$5180.
    dead port 1/2 on $mux $procmux$5176.
    dead port 2/2 on $mux $procmux$5176.
    dead port 1/2 on $mux $procmux$5173.
    dead port 2/2 on $mux $procmux$5173.
    dead port 1/2 on $mux $procmux$5171.
    dead port 2/2 on $mux $procmux$5171.
    dead port 2/2 on $mux $procmux$5167.
    dead port 2/2 on $mux $procmux$5164.
    dead port 1/2 on $mux $procmux$5158.
    dead port 2/2 on $mux $procmux$5158.
    dead port 1/2 on $mux $procmux$5155.
    dead port 2/2 on $mux $procmux$5155.
    dead port 1/2 on $mux $procmux$5153.
    dead port 2/2 on $mux $procmux$5153.
    dead port 1/2 on $mux $procmux$5149.
    dead port 2/2 on $mux $procmux$5149.
    dead port 1/2 on $mux $procmux$5146.
    dead port 2/2 on $mux $procmux$5146.
    dead port 1/2 on $mux $procmux$5144.
    dead port 2/2 on $mux $procmux$5144.
    dead port 1/2 on $mux $procmux$5140.
    dead port 2/2 on $mux $procmux$5140.
    dead port 1/2 on $mux $procmux$5137.
    dead port 2/2 on $mux $procmux$5137.
    dead port 1/2 on $mux $procmux$5135.
    dead port 2/2 on $mux $procmux$5135.
    dead port 1/2 on $mux $procmux$5131.
    dead port 2/2 on $mux $procmux$5131.
    dead port 1/2 on $mux $procmux$5128.
    dead port 2/2 on $mux $procmux$5128.
    dead port 1/2 on $mux $procmux$5126.
    dead port 2/2 on $mux $procmux$5126.
    dead port 1/2 on $mux $procmux$5122.
    dead port 2/2 on $mux $procmux$5122.
    dead port 1/2 on $mux $procmux$5119.
    dead port 2/2 on $mux $procmux$5119.
    dead port 1/2 on $mux $procmux$5117.
    dead port 2/2 on $mux $procmux$5117.
    dead port 1/2 on $mux $procmux$5113.
    dead port 2/2 on $mux $procmux$5113.
    dead port 1/2 on $mux $procmux$5110.
    dead port 2/2 on $mux $procmux$5110.
    dead port 1/2 on $mux $procmux$5108.
    dead port 2/2 on $mux $procmux$5108.
    dead port 2/2 on $mux $procmux$5104.
    dead port 2/2 on $mux $procmux$5101.
    dead port 2/2 on $mux $procmux$5077.
    dead port 2/2 on $mux $procmux$5074.
    dead port 2/2 on $mux $procmux$5072.
    dead port 2/2 on $mux $procmux$5059.
    dead port 2/2 on $mux $procmux$5056.
    dead port 2/2 on $mux $procmux$5054.
    dead port 2/2 on $mux $procmux$5041.
    dead port 2/2 on $mux $procmux$5038.
    dead port 1/2 on $mux $procmux$5036.
    dead port 1/2 on $mux $procmux$5029.
    dead port 2/2 on $mux $procmux$5029.
    dead port 1/2 on $mux $procmux$5026.
    dead port 2/2 on $mux $procmux$5026.
    dead port 1/2 on $mux $procmux$5024.
    dead port 2/2 on $mux $procmux$5024.
    dead port 1/2 on $mux $procmux$5021.
    dead port 2/2 on $mux $procmux$5021.
    dead port 1/2 on $mux $procmux$5017.
    dead port 2/2 on $mux $procmux$5017.
    dead port 1/2 on $mux $procmux$5014.
    dead port 2/2 on $mux $procmux$5014.
    dead port 1/2 on $mux $procmux$5012.
    dead port 2/2 on $mux $procmux$5012.
    dead port 1/2 on $mux $procmux$5009.
    dead port 2/2 on $mux $procmux$5009.
    dead port 2/2 on $mux $procmux$5005.
    dead port 2/2 on $mux $procmux$5002.
    dead port 1/2 on $mux $procmux$5000.
    dead port 2/2 on $mux $procmux$4978.
    dead port 2/2 on $mux $procmux$4975.
    dead port 1/2 on $mux $procmux$4973.
    dead port 1/2 on $mux $procmux$4970.
    dead port 2/2 on $mux $procmux$4963.
    dead port 2/2 on $mux $procmux$4957.
    dead port 2/2 on $mux $procmux$4951.
    dead port 2/2 on $mux $procmux$4945.
    dead port 2/2 on $mux $procmux$4939.
    dead port 2/2 on $mux $procmux$4933.
    dead port 2/2 on $mux $procmux$4927.
    dead port 2/2 on $mux $procmux$4921.
    dead port 2/2 on $mux $procmux$4915.
    dead port 2/2 on $mux $procmux$4909.
    dead port 2/2 on $mux $procmux$4903.
    dead port 2/2 on $mux $procmux$4897.
    dead port 2/2 on $mux $procmux$4891.
    dead port 2/2 on $mux $procmux$4885.
    dead port 2/2 on $mux $procmux$4879.
    dead port 2/2 on $mux $procmux$4873.
    dead port 1/2 on $mux $procmux$4867.
    dead port 2/2 on $mux $procmux$4867.
    dead port 1/2 on $mux $procmux$4864.
    dead port 2/2 on $mux $procmux$4864.
    dead port 1/2 on $mux $procmux$4861.
    dead port 2/2 on $mux $procmux$4861.
    dead port 1/2 on $mux $procmux$4858.
    dead port 2/2 on $mux $procmux$4858.
    dead port 1/2 on $mux $procmux$4855.
    dead port 2/2 on $mux $procmux$4855.
    dead port 1/2 on $mux $procmux$4852.
    dead port 2/2 on $mux $procmux$4852.
    dead port 1/2 on $mux $procmux$4849.
    dead port 2/2 on $mux $procmux$4849.
    dead port 1/2 on $mux $procmux$4846.
    dead port 2/2 on $mux $procmux$4846.
    dead port 1/2 on $mux $procmux$4843.
    dead port 2/2 on $mux $procmux$4843.
    dead port 1/2 on $mux $procmux$4840.
    dead port 2/2 on $mux $procmux$4840.
    dead port 1/2 on $mux $procmux$4837.
    dead port 2/2 on $mux $procmux$4837.
    dead port 1/2 on $mux $procmux$4834.
    dead port 2/2 on $mux $procmux$4834.
    dead port 1/2 on $mux $procmux$4831.
    dead port 2/2 on $mux $procmux$4831.
    dead port 1/2 on $mux $procmux$4828.
    dead port 2/2 on $mux $procmux$4828.
    dead port 1/2 on $mux $procmux$4825.
    dead port 2/2 on $mux $procmux$4825.
    dead port 1/2 on $mux $procmux$4822.
    dead port 2/2 on $mux $procmux$4822.
    dead port 1/2 on $mux $procmux$4819.
    dead port 2/2 on $mux $procmux$4819.
    dead port 1/2 on $mux $procmux$4816.
    dead port 2/2 on $mux $procmux$4816.
    dead port 1/2 on $mux $procmux$4813.
    dead port 2/2 on $mux $procmux$4813.
    dead port 1/2 on $mux $procmux$4810.
    dead port 2/2 on $mux $procmux$4810.
    dead port 1/2 on $mux $procmux$4807.
    dead port 2/2 on $mux $procmux$4807.
    dead port 1/2 on $mux $procmux$4804.
    dead port 2/2 on $mux $procmux$4804.
    dead port 1/2 on $mux $procmux$4801.
    dead port 2/2 on $mux $procmux$4801.
    dead port 1/2 on $mux $procmux$4798.
    dead port 2/2 on $mux $procmux$4798.
    dead port 1/2 on $mux $procmux$4795.
    dead port 2/2 on $mux $procmux$4795.
    dead port 1/2 on $mux $procmux$4792.
    dead port 2/2 on $mux $procmux$4792.
    dead port 1/2 on $mux $procmux$4789.
    dead port 2/2 on $mux $procmux$4789.
    dead port 1/2 on $mux $procmux$4786.
    dead port 2/2 on $mux $procmux$4786.
    dead port 1/2 on $mux $procmux$4783.
    dead port 2/2 on $mux $procmux$4783.
    dead port 1/2 on $mux $procmux$4780.
    dead port 2/2 on $mux $procmux$4780.
    dead port 1/2 on $mux $procmux$4777.
    dead port 2/2 on $mux $procmux$4777.
    dead port 1/2 on $mux $procmux$4774.
    dead port 2/2 on $mux $procmux$4774.
    dead port 1/2 on $mux $procmux$4771.
    dead port 2/2 on $mux $procmux$4771.
    dead port 1/2 on $mux $procmux$4768.
    dead port 2/2 on $mux $procmux$4768.
    dead port 1/2 on $mux $procmux$4765.
    dead port 2/2 on $mux $procmux$4765.
    dead port 1/2 on $mux $procmux$4762.
    dead port 2/2 on $mux $procmux$4762.
    dead port 1/2 on $mux $procmux$4759.
    dead port 2/2 on $mux $procmux$4759.
    dead port 1/2 on $mux $procmux$4756.
    dead port 2/2 on $mux $procmux$4756.
    dead port 1/2 on $mux $procmux$4753.
    dead port 2/2 on $mux $procmux$4753.
    dead port 1/2 on $mux $procmux$4750.
    dead port 2/2 on $mux $procmux$4750.
    dead port 1/2 on $mux $procmux$4747.
    dead port 2/2 on $mux $procmux$4747.
    dead port 1/2 on $mux $procmux$4744.
    dead port 2/2 on $mux $procmux$4744.
    dead port 1/2 on $mux $procmux$4741.
    dead port 2/2 on $mux $procmux$4741.
    dead port 1/2 on $mux $procmux$4738.
    dead port 2/2 on $mux $procmux$4738.
    dead port 1/2 on $mux $procmux$4735.
    dead port 2/2 on $mux $procmux$4735.
    dead port 1/2 on $mux $procmux$4732.
    dead port 2/2 on $mux $procmux$4732.
    dead port 1/2 on $mux $procmux$4729.
    dead port 2/2 on $mux $procmux$4729.
    dead port 1/2 on $mux $procmux$4726.
    dead port 2/2 on $mux $procmux$4726.
    dead port 1/2 on $mux $procmux$4723.
    dead port 2/2 on $mux $procmux$4723.
    dead port 1/2 on $mux $procmux$4720.
    dead port 2/2 on $mux $procmux$4720.
    dead port 1/2 on $mux $procmux$4717.
    dead port 2/2 on $mux $procmux$4717.
    dead port 1/2 on $mux $procmux$4714.
    dead port 2/2 on $mux $procmux$4714.
    dead port 1/2 on $mux $procmux$4711.
    dead port 2/2 on $mux $procmux$4711.
    dead port 1/2 on $mux $procmux$4708.
    dead port 2/2 on $mux $procmux$4708.
    dead port 1/2 on $mux $procmux$4705.
    dead port 2/2 on $mux $procmux$4705.
    dead port 1/2 on $mux $procmux$4702.
    dead port 2/2 on $mux $procmux$4702.
    dead port 1/2 on $mux $procmux$4699.
    dead port 2/2 on $mux $procmux$4699.
    dead port 1/2 on $mux $procmux$4696.
    dead port 2/2 on $mux $procmux$4696.
    dead port 1/2 on $mux $procmux$4693.
    dead port 2/2 on $mux $procmux$4693.
    dead port 1/2 on $mux $procmux$4690.
    dead port 2/2 on $mux $procmux$4690.
    dead port 1/2 on $mux $procmux$4687.
    dead port 2/2 on $mux $procmux$4687.
    dead port 1/2 on $mux $procmux$4684.
    dead port 2/2 on $mux $procmux$4684.
    dead port 1/2 on $mux $procmux$4681.
    dead port 2/2 on $mux $procmux$4681.
    dead port 1/2 on $mux $procmux$4678.
    dead port 2/2 on $mux $procmux$4678.
    dead port 1/2 on $mux $procmux$4675.
    dead port 2/2 on $mux $procmux$4675.
    dead port 1/2 on $mux $procmux$4672.
    dead port 2/2 on $mux $procmux$4672.
    dead port 1/2 on $mux $procmux$4669.
    dead port 2/2 on $mux $procmux$4669.
    dead port 1/2 on $mux $procmux$4666.
    dead port 2/2 on $mux $procmux$4666.
    dead port 1/2 on $mux $procmux$4663.
    dead port 2/2 on $mux $procmux$4663.
    dead port 1/2 on $mux $procmux$4660.
    dead port 2/2 on $mux $procmux$4660.
    dead port 1/2 on $mux $procmux$4657.
    dead port 2/2 on $mux $procmux$4657.
    dead port 1/2 on $mux $procmux$4654.
    dead port 2/2 on $mux $procmux$4654.
    dead port 1/2 on $mux $procmux$4651.
    dead port 2/2 on $mux $procmux$4651.
    dead port 1/2 on $mux $procmux$4648.
    dead port 2/2 on $mux $procmux$4648.
    dead port 1/2 on $mux $procmux$4645.
    dead port 2/2 on $mux $procmux$4645.
    dead port 1/2 on $mux $procmux$4642.
    dead port 2/2 on $mux $procmux$4642.
    dead port 1/2 on $mux $procmux$4639.
    dead port 2/2 on $mux $procmux$4639.
    dead port 1/2 on $mux $procmux$4636.
    dead port 2/2 on $mux $procmux$4636.
    dead port 1/2 on $mux $procmux$4633.
    dead port 2/2 on $mux $procmux$4633.
    dead port 1/2 on $mux $procmux$4630.
    dead port 2/2 on $mux $procmux$4630.
    dead port 1/2 on $mux $procmux$4627.
    dead port 2/2 on $mux $procmux$4627.
    dead port 1/2 on $mux $procmux$4624.
    dead port 2/2 on $mux $procmux$4624.
    dead port 1/2 on $mux $procmux$4621.
    dead port 2/2 on $mux $procmux$4621.
    dead port 1/2 on $mux $procmux$4618.
    dead port 2/2 on $mux $procmux$4618.
    dead port 1/2 on $mux $procmux$4615.
    dead port 2/2 on $mux $procmux$4615.
    dead port 1/2 on $mux $procmux$4612.
    dead port 2/2 on $mux $procmux$4612.
    dead port 1/2 on $mux $procmux$4609.
    dead port 2/2 on $mux $procmux$4609.
    dead port 1/2 on $mux $procmux$4606.
    dead port 2/2 on $mux $procmux$4606.
    dead port 1/2 on $mux $procmux$4603.
    dead port 2/2 on $mux $procmux$4603.
    dead port 1/2 on $mux $procmux$4600.
    dead port 2/2 on $mux $procmux$4600.
    dead port 1/2 on $mux $procmux$4597.
    dead port 2/2 on $mux $procmux$4597.
    dead port 1/2 on $mux $procmux$4594.
    dead port 2/2 on $mux $procmux$4594.
    dead port 1/2 on $mux $procmux$4591.
    dead port 2/2 on $mux $procmux$4591.
    dead port 1/2 on $mux $procmux$4588.
    dead port 2/2 on $mux $procmux$4588.
    dead port 1/2 on $mux $procmux$4585.
    dead port 2/2 on $mux $procmux$4585.
    dead port 1/2 on $mux $procmux$4582.
    dead port 2/2 on $mux $procmux$4582.
    dead port 1/2 on $mux $procmux$4579.
    dead port 2/2 on $mux $procmux$4579.
    dead port 1/2 on $mux $procmux$4576.
    dead port 2/2 on $mux $procmux$4576.
    dead port 1/2 on $mux $procmux$4573.
    dead port 2/2 on $mux $procmux$4573.
    dead port 1/2 on $mux $procmux$4570.
    dead port 2/2 on $mux $procmux$4570.
    dead port 1/2 on $mux $procmux$4567.
    dead port 2/2 on $mux $procmux$4567.
    dead port 1/2 on $mux $procmux$4564.
    dead port 2/2 on $mux $procmux$4564.
    dead port 1/2 on $mux $procmux$4561.
    dead port 2/2 on $mux $procmux$4561.
    dead port 1/2 on $mux $procmux$4558.
    dead port 2/2 on $mux $procmux$4558.
    dead port 1/2 on $mux $procmux$4555.
    dead port 2/2 on $mux $procmux$4555.
    dead port 1/2 on $mux $procmux$4552.
    dead port 2/2 on $mux $procmux$4552.
    dead port 1/2 on $mux $procmux$4549.
    dead port 2/2 on $mux $procmux$4549.
    dead port 1/2 on $mux $procmux$4546.
    dead port 2/2 on $mux $procmux$4546.
    dead port 2/2 on $mux $procmux$4543.
    dead port 2/2 on $mux $procmux$4537.
    dead port 2/2 on $mux $procmux$4531.
    dead port 2/2 on $mux $procmux$4525.
    dead port 2/2 on $mux $procmux$4519.
    dead port 2/2 on $mux $procmux$4513.
    dead port 2/2 on $mux $procmux$4507.
    dead port 2/2 on $mux $procmux$4501.
    dead port 2/2 on $mux $procmux$4495.
    dead port 2/2 on $mux $procmux$4489.
    dead port 2/2 on $mux $procmux$4483.
    dead port 2/2 on $mux $procmux$4477.
    dead port 2/2 on $mux $procmux$4471.
    dead port 2/2 on $mux $procmux$4465.
    dead port 2/2 on $mux $procmux$4459.
    dead port 2/2 on $mux $procmux$4453.
    dead port 2/2 on $mux $procmux$4447.
    dead port 2/2 on $mux $procmux$4441.
    dead port 2/2 on $mux $procmux$4435.
    dead port 1/2 on $mux $procmux$4432.
    dead port 2/2 on $mux $procmux$4422.
    dead port 1/2 on $mux $procmux$4419.
    dead port 2/2 on $mux $procmux$4408.
    dead port 1/2 on $mux $procmux$4405.
    dead port 2/2 on $mux $procmux$4392.
    dead port 1/2 on $mux $procmux$4389.
    dead port 2/2 on $mux $procmux$4382.
    dead port 1/2 on $mux $procmux$4379.
    dead port 2/2 on $mux $procmux$4369.
    dead port 1/2 on $mux $procmux$4366.
    dead port 2/2 on $mux $procmux$4356.
    dead port 1/2 on $mux $procmux$4353.
    dead port 2/2 on $mux $procmux$4343.
    dead port 1/2 on $mux $procmux$4340.
    dead port 2/2 on $mux $procmux$4330.
    dead port 1/2 on $mux $procmux$4327.
    dead port 1/2 on $mux $procmux$4318.
    dead port 2/2 on $mux $procmux$4318.
    dead port 1/2 on $mux $procmux$4315.
    dead port 2/2 on $mux $procmux$4315.
    dead port 1/2 on $mux $procmux$4313.
    dead port 2/2 on $mux $procmux$4313.
    dead port 1/2 on $mux $procmux$4303.
    dead port 2/2 on $mux $procmux$4303.
    dead port 1/2 on $mux $procmux$4300.
    dead port 2/2 on $mux $procmux$4300.
    dead port 1/2 on $mux $procmux$4298.
    dead port 2/2 on $mux $procmux$4298.
    dead port 1/2 on $mux $procmux$4288.
    dead port 2/2 on $mux $procmux$4288.
    dead port 1/2 on $mux $procmux$4285.
    dead port 2/2 on $mux $procmux$4285.
    dead port 1/2 on $mux $procmux$4283.
    dead port 2/2 on $mux $procmux$4283.
    dead port 1/2 on $mux $procmux$4274.
    dead port 2/2 on $mux $procmux$4274.
    dead port 1/2 on $mux $procmux$4271.
    dead port 2/2 on $mux $procmux$4271.
    dead port 1/2 on $mux $procmux$4269.
    dead port 2/2 on $mux $procmux$4269.
    dead port 1/2 on $mux $procmux$4260.
    dead port 2/2 on $mux $procmux$4260.
    dead port 1/2 on $mux $procmux$4257.
    dead port 2/2 on $mux $procmux$4257.
    dead port 1/2 on $mux $procmux$4255.
    dead port 2/2 on $mux $procmux$4255.
    dead port 1/2 on $mux $procmux$4246.
    dead port 2/2 on $mux $procmux$4246.
    dead port 1/2 on $mux $procmux$4243.
    dead port 2/2 on $mux $procmux$4243.
    dead port 1/2 on $mux $procmux$4241.
    dead port 2/2 on $mux $procmux$4241.
    dead port 1/2 on $mux $procmux$4232.
    dead port 2/2 on $mux $procmux$4232.
    dead port 1/2 on $mux $procmux$4229.
    dead port 2/2 on $mux $procmux$4229.
    dead port 1/2 on $mux $procmux$4227.
    dead port 2/2 on $mux $procmux$4227.
    dead port 1/2 on $mux $procmux$4218.
    dead port 2/2 on $mux $procmux$4218.
    dead port 1/2 on $mux $procmux$4215.
    dead port 2/2 on $mux $procmux$4215.
    dead port 1/2 on $mux $procmux$4213.
    dead port 2/2 on $mux $procmux$4213.
    dead port 1/2 on $mux $procmux$4204.
    dead port 2/2 on $mux $procmux$4204.
    dead port 1/2 on $mux $procmux$4201.
    dead port 2/2 on $mux $procmux$4201.
    dead port 1/2 on $mux $procmux$4199.
    dead port 2/2 on $mux $procmux$4199.
    dead port 1/2 on $mux $procmux$4190.
    dead port 2/2 on $mux $procmux$4190.
    dead port 1/2 on $mux $procmux$4187.
    dead port 2/2 on $mux $procmux$4187.
    dead port 1/2 on $mux $procmux$4185.
    dead port 2/2 on $mux $procmux$4185.
    dead port 1/2 on $mux $procmux$4176.
    dead port 2/2 on $mux $procmux$4176.
    dead port 1/2 on $mux $procmux$4173.
    dead port 2/2 on $mux $procmux$4173.
    dead port 1/2 on $mux $procmux$4171.
    dead port 2/2 on $mux $procmux$4171.
    dead port 1/2 on $mux $procmux$4162.
    dead port 2/2 on $mux $procmux$4162.
    dead port 1/2 on $mux $procmux$4159.
    dead port 2/2 on $mux $procmux$4159.
    dead port 1/2 on $mux $procmux$4157.
    dead port 2/2 on $mux $procmux$4157.
    dead port 1/2 on $mux $procmux$4148.
    dead port 2/2 on $mux $procmux$4148.
    dead port 1/2 on $mux $procmux$4145.
    dead port 2/2 on $mux $procmux$4145.
    dead port 1/2 on $mux $procmux$4143.
    dead port 2/2 on $mux $procmux$4143.
    dead port 1/2 on $mux $procmux$4134.
    dead port 2/2 on $mux $procmux$4134.
    dead port 1/2 on $mux $procmux$4131.
    dead port 2/2 on $mux $procmux$4131.
    dead port 1/2 on $mux $procmux$4129.
    dead port 2/2 on $mux $procmux$4129.
    dead port 1/2 on $mux $procmux$4120.
    dead port 2/2 on $mux $procmux$4120.
    dead port 1/2 on $mux $procmux$4117.
    dead port 2/2 on $mux $procmux$4117.
    dead port 1/2 on $mux $procmux$4115.
    dead port 2/2 on $mux $procmux$4115.
    dead port 1/2 on $mux $procmux$4106.
    dead port 2/2 on $mux $procmux$4106.
    dead port 1/2 on $mux $procmux$4103.
    dead port 2/2 on $mux $procmux$4103.
    dead port 1/2 on $mux $procmux$4101.
    dead port 2/2 on $mux $procmux$4101.
    dead port 1/2 on $mux $procmux$4092.
    dead port 2/2 on $mux $procmux$4092.
    dead port 1/2 on $mux $procmux$4089.
    dead port 2/2 on $mux $procmux$4089.
    dead port 1/2 on $mux $procmux$4087.
    dead port 2/2 on $mux $procmux$4087.
    dead port 1/2 on $mux $procmux$4078.
    dead port 2/2 on $mux $procmux$4078.
    dead port 1/2 on $mux $procmux$4075.
    dead port 2/2 on $mux $procmux$4075.
    dead port 1/2 on $mux $procmux$4073.
    dead port 2/2 on $mux $procmux$4073.
    dead port 1/2 on $mux $procmux$4064.
    dead port 2/2 on $mux $procmux$4064.
    dead port 1/2 on $mux $procmux$4061.
    dead port 2/2 on $mux $procmux$4061.
    dead port 1/2 on $mux $procmux$4059.
    dead port 2/2 on $mux $procmux$4059.
    dead port 1/2 on $mux $procmux$4050.
    dead port 2/2 on $mux $procmux$4050.
    dead port 1/2 on $mux $procmux$4047.
    dead port 2/2 on $mux $procmux$4047.
    dead port 1/2 on $mux $procmux$4045.
    dead port 2/2 on $mux $procmux$4045.
    dead port 1/2 on $mux $procmux$4036.
    dead port 2/2 on $mux $procmux$4036.
    dead port 1/2 on $mux $procmux$4033.
    dead port 2/2 on $mux $procmux$4033.
    dead port 1/2 on $mux $procmux$4031.
    dead port 2/2 on $mux $procmux$4031.
    dead port 1/2 on $mux $procmux$4023.
    dead port 2/2 on $mux $procmux$4023.
    dead port 1/2 on $mux $procmux$4020.
    dead port 2/2 on $mux $procmux$4020.
    dead port 1/2 on $mux $procmux$4018.
    dead port 2/2 on $mux $procmux$4018.
    dead port 1/2 on $mux $procmux$4010.
    dead port 2/2 on $mux $procmux$4010.
    dead port 1/2 on $mux $procmux$4007.
    dead port 2/2 on $mux $procmux$4007.
    dead port 1/2 on $mux $procmux$4005.
    dead port 2/2 on $mux $procmux$4005.
    dead port 1/2 on $mux $procmux$3998.
    dead port 2/2 on $mux $procmux$3998.
    dead port 1/2 on $mux $procmux$3995.
    dead port 2/2 on $mux $procmux$3995.
    dead port 1/2 on $mux $procmux$3993.
    dead port 2/2 on $mux $procmux$3993.
    dead port 1/2 on $mux $procmux$3986.
    dead port 2/2 on $mux $procmux$3986.
    dead port 1/2 on $mux $procmux$3983.
    dead port 2/2 on $mux $procmux$3983.
    dead port 1/2 on $mux $procmux$3981.
    dead port 2/2 on $mux $procmux$3981.
    dead port 1/2 on $mux $procmux$3974.
    dead port 2/2 on $mux $procmux$3974.
    dead port 1/2 on $mux $procmux$3971.
    dead port 2/2 on $mux $procmux$3971.
    dead port 1/2 on $mux $procmux$3969.
    dead port 2/2 on $mux $procmux$3969.
    dead port 1/2 on $mux $procmux$3962.
    dead port 2/2 on $mux $procmux$3962.
    dead port 1/2 on $mux $procmux$3959.
    dead port 2/2 on $mux $procmux$3959.
    dead port 1/2 on $mux $procmux$3957.
    dead port 2/2 on $mux $procmux$3957.
    dead port 1/2 on $mux $procmux$3950.
    dead port 2/2 on $mux $procmux$3950.
    dead port 1/2 on $mux $procmux$3947.
    dead port 2/2 on $mux $procmux$3947.
    dead port 1/2 on $mux $procmux$3945.
    dead port 2/2 on $mux $procmux$3945.
    dead port 1/2 on $mux $procmux$3938.
    dead port 2/2 on $mux $procmux$3938.
    dead port 1/2 on $mux $procmux$3935.
    dead port 2/2 on $mux $procmux$3935.
    dead port 1/2 on $mux $procmux$3933.
    dead port 2/2 on $mux $procmux$3933.
    dead port 1/2 on $mux $procmux$3926.
    dead port 2/2 on $mux $procmux$3926.
    dead port 1/2 on $mux $procmux$3923.
    dead port 2/2 on $mux $procmux$3923.
    dead port 1/2 on $mux $procmux$3921.
    dead port 2/2 on $mux $procmux$3921.
    dead port 1/2 on $mux $procmux$3914.
    dead port 2/2 on $mux $procmux$3914.
    dead port 1/2 on $mux $procmux$3911.
    dead port 2/2 on $mux $procmux$3911.
    dead port 1/2 on $mux $procmux$3909.
    dead port 2/2 on $mux $procmux$3909.
    dead port 1/2 on $mux $procmux$3902.
    dead port 2/2 on $mux $procmux$3902.
    dead port 1/2 on $mux $procmux$3899.
    dead port 2/2 on $mux $procmux$3899.
    dead port 1/2 on $mux $procmux$3897.
    dead port 2/2 on $mux $procmux$3897.
    dead port 1/2 on $mux $procmux$3890.
    dead port 2/2 on $mux $procmux$3890.
    dead port 1/2 on $mux $procmux$3887.
    dead port 2/2 on $mux $procmux$3887.
    dead port 1/2 on $mux $procmux$3885.
    dead port 2/2 on $mux $procmux$3885.
    dead port 1/2 on $mux $procmux$3879.
    dead port 2/2 on $mux $procmux$3879.
    dead port 1/2 on $mux $procmux$3876.
    dead port 2/2 on $mux $procmux$3876.
    dead port 1/2 on $mux $procmux$3874.
    dead port 2/2 on $mux $procmux$3874.
    dead port 1/2 on $mux $procmux$3868.
    dead port 2/2 on $mux $procmux$3868.
    dead port 1/2 on $mux $procmux$3865.
    dead port 2/2 on $mux $procmux$3865.
    dead port 1/2 on $mux $procmux$3863.
    dead port 2/2 on $mux $procmux$3863.
    dead port 1/2 on $mux $procmux$3857.
    dead port 2/2 on $mux $procmux$3857.
    dead port 1/2 on $mux $procmux$3854.
    dead port 2/2 on $mux $procmux$3854.
    dead port 1/2 on $mux $procmux$3852.
    dead port 2/2 on $mux $procmux$3852.
    dead port 1/2 on $mux $procmux$3846.
    dead port 2/2 on $mux $procmux$3846.
    dead port 1/2 on $mux $procmux$3843.
    dead port 2/2 on $mux $procmux$3843.
    dead port 1/2 on $mux $procmux$3841.
    dead port 2/2 on $mux $procmux$3841.
    dead port 1/2 on $mux $procmux$3836.
    dead port 2/2 on $mux $procmux$3836.
    dead port 1/2 on $mux $procmux$3833.
    dead port 2/2 on $mux $procmux$3833.
    dead port 1/2 on $mux $procmux$3831.
    dead port 2/2 on $mux $procmux$3831.
    dead port 1/2 on $mux $procmux$3826.
    dead port 2/2 on $mux $procmux$3826.
    dead port 1/2 on $mux $procmux$3823.
    dead port 2/2 on $mux $procmux$3823.
    dead port 1/2 on $mux $procmux$3821.
    dead port 2/2 on $mux $procmux$3821.
    dead port 1/2 on $mux $procmux$3817.
    dead port 2/2 on $mux $procmux$3817.
    dead port 1/2 on $mux $procmux$3814.
    dead port 2/2 on $mux $procmux$3814.
    dead port 1/2 on $mux $procmux$3812.
    dead port 2/2 on $mux $procmux$3812.
    dead port 1/2 on $mux $procmux$3808.
    dead port 2/2 on $mux $procmux$3808.
    dead port 1/2 on $mux $procmux$3805.
    dead port 2/2 on $mux $procmux$3805.
    dead port 1/2 on $mux $procmux$3803.
    dead port 2/2 on $mux $procmux$3803.
    dead port 1/2 on $mux $procmux$3799.
    dead port 2/2 on $mux $procmux$3799.
    dead port 1/2 on $mux $procmux$3796.
    dead port 2/2 on $mux $procmux$3796.
    dead port 1/2 on $mux $procmux$3794.
    dead port 2/2 on $mux $procmux$3794.
    dead port 1/2 on $mux $procmux$3790.
    dead port 2/2 on $mux $procmux$3790.
    dead port 1/2 on $mux $procmux$3787.
    dead port 2/2 on $mux $procmux$3787.
    dead port 1/2 on $mux $procmux$3785.
    dead port 2/2 on $mux $procmux$3785.
    dead port 1/2 on $mux $procmux$3781.
    dead port 2/2 on $mux $procmux$3781.
    dead port 1/2 on $mux $procmux$3778.
    dead port 2/2 on $mux $procmux$3778.
    dead port 1/2 on $mux $procmux$3776.
    dead port 2/2 on $mux $procmux$3776.
    dead port 1/2 on $mux $procmux$3772.
    dead port 2/2 on $mux $procmux$3772.
    dead port 1/2 on $mux $procmux$3769.
    dead port 2/2 on $mux $procmux$3769.
    dead port 1/2 on $mux $procmux$3767.
    dead port 2/2 on $mux $procmux$3767.
    dead port 1/2 on $mux $procmux$3763.
    dead port 2/2 on $mux $procmux$3763.
    dead port 1/2 on $mux $procmux$3760.
    dead port 2/2 on $mux $procmux$3760.
    dead port 1/2 on $mux $procmux$3758.
    dead port 2/2 on $mux $procmux$3758.
    dead port 1/2 on $mux $procmux$3754.
    dead port 2/2 on $mux $procmux$3754.
    dead port 1/2 on $mux $procmux$3751.
    dead port 2/2 on $mux $procmux$3751.
    dead port 1/2 on $mux $procmux$3749.
    dead port 2/2 on $mux $procmux$3749.
    dead port 1/2 on $mux $procmux$3745.
    dead port 2/2 on $mux $procmux$3745.
    dead port 1/2 on $mux $procmux$3742.
    dead port 2/2 on $mux $procmux$3742.
    dead port 1/2 on $mux $procmux$3740.
    dead port 2/2 on $mux $procmux$3740.
    dead port 1/2 on $mux $procmux$3736.
    dead port 2/2 on $mux $procmux$3736.
    dead port 1/2 on $mux $procmux$3733.
    dead port 2/2 on $mux $procmux$3733.
    dead port 1/2 on $mux $procmux$3731.
    dead port 2/2 on $mux $procmux$3731.
    dead port 1/2 on $mux $procmux$3727.
    dead port 2/2 on $mux $procmux$3727.
    dead port 1/2 on $mux $procmux$3724.
    dead port 2/2 on $mux $procmux$3724.
    dead port 1/2 on $mux $procmux$3722.
    dead port 2/2 on $mux $procmux$3722.
    dead port 1/2 on $mux $procmux$3718.
    dead port 2/2 on $mux $procmux$3718.
    dead port 1/2 on $mux $procmux$3715.
    dead port 2/2 on $mux $procmux$3715.
    dead port 1/2 on $mux $procmux$3713.
    dead port 2/2 on $mux $procmux$3713.
    dead port 1/2 on $mux $procmux$3709.
    dead port 2/2 on $mux $procmux$3709.
    dead port 1/2 on $mux $procmux$3706.
    dead port 2/2 on $mux $procmux$3706.
    dead port 1/2 on $mux $procmux$3704.
    dead port 2/2 on $mux $procmux$3704.
    dead port 1/2 on $mux $procmux$3700.
    dead port 2/2 on $mux $procmux$3700.
    dead port 1/2 on $mux $procmux$3697.
    dead port 2/2 on $mux $procmux$3697.
    dead port 1/2 on $mux $procmux$3695.
    dead port 2/2 on $mux $procmux$3695.
    dead port 1/2 on $mux $procmux$3691.
    dead port 2/2 on $mux $procmux$3691.
    dead port 1/2 on $mux $procmux$3688.
    dead port 2/2 on $mux $procmux$3688.
    dead port 1/2 on $mux $procmux$3686.
    dead port 2/2 on $mux $procmux$3686.
    dead port 2/2 on $mux $procmux$3623.
    dead port 1/2 on $mux $procmux$3620.
    dead port 2/2 on $mux $procmux$3605.
    dead port 1/2 on $mux $procmux$3602.
    dead port 2/2 on $mux $procmux$3587.
    dead port 1/2 on $mux $procmux$3584.
    dead port 2/2 on $mux $procmux$3569.
    dead port 1/2 on $mux $procmux$3566.
    dead port 2/2 on $mux $procmux$3564.
    dead port 2/2 on $mux $procmux$3548.
    dead port 1/2 on $mux $procmux$3545.
    dead port 2/2 on $mux $procmux$3543.
    dead port 2/2 on $mux $procmux$3527.
    dead port 1/2 on $mux $procmux$3524.
    dead port 2/2 on $mux $procmux$3522.
    dead port 2/2 on $mux $procmux$3506.
    dead port 1/2 on $mux $procmux$3503.
    dead port 2/2 on $mux $procmux$3501.
    dead port 2/2 on $mux $procmux$3485.
    dead port 1/2 on $mux $procmux$3482.
    dead port 2/2 on $mux $procmux$3480.
    dead port 2/2 on $mux $procmux$3464.
    dead port 1/2 on $mux $procmux$3461.
    dead port 2/2 on $mux $procmux$3459.
    dead port 2/2 on $mux $procmux$3443.
    dead port 1/2 on $mux $procmux$3440.
    dead port 2/2 on $mux $procmux$3438.
    dead port 2/2 on $mux $procmux$3422.
    dead port 1/2 on $mux $procmux$3419.
    dead port 2/2 on $mux $procmux$3417.
    dead port 2/2 on $mux $procmux$3415.
    dead port 2/2 on $mux $procmux$3398.
    dead port 1/2 on $mux $procmux$3395.
    dead port 2/2 on $mux $procmux$3393.
    dead port 2/2 on $mux $procmux$3391.
    dead port 2/2 on $mux $procmux$3374.
    dead port 1/2 on $mux $procmux$3371.
    dead port 2/2 on $mux $procmux$3369.
    dead port 2/2 on $mux $procmux$3367.
    dead port 2/2 on $mux $procmux$3350.
    dead port 1/2 on $mux $procmux$3347.
    dead port 2/2 on $mux $procmux$3345.
    dead port 2/2 on $mux $procmux$3343.
    dead port 2/2 on $mux $procmux$3326.
    dead port 1/2 on $mux $procmux$3323.
    dead port 2/2 on $mux $procmux$3321.
    dead port 2/2 on $mux $procmux$3319.
    dead port 2/2 on $mux $procmux$3302.
    dead port 1/2 on $mux $procmux$3299.
    dead port 2/2 on $mux $procmux$3297.
    dead port 2/2 on $mux $procmux$3295.
    dead port 2/2 on $mux $procmux$3278.
    dead port 1/2 on $mux $procmux$3275.
    dead port 2/2 on $mux $procmux$3273.
    dead port 2/2 on $mux $procmux$3271.
    dead port 2/2 on $mux $procmux$3254.
    dead port 1/2 on $mux $procmux$3251.
    dead port 2/2 on $mux $procmux$3249.
    dead port 2/2 on $mux $procmux$3234.
    dead port 1/2 on $mux $procmux$3231.
    dead port 2/2 on $mux $procmux$3229.
    dead port 2/2 on $mux $procmux$3214.
    dead port 1/2 on $mux $procmux$3211.
    dead port 2/2 on $mux $procmux$3209.
    dead port 2/2 on $mux $procmux$3194.
    dead port 1/2 on $mux $procmux$3191.
    dead port 2/2 on $mux $procmux$3189.
    dead port 2/2 on $mux $procmux$3174.
    dead port 1/2 on $mux $procmux$3171.
    dead port 2/2 on $mux $procmux$3169.
    dead port 2/2 on $mux $procmux$3154.
    dead port 1/2 on $mux $procmux$3151.
    dead port 2/2 on $mux $procmux$3149.
    dead port 2/2 on $mux $procmux$3147.
    dead port 2/2 on $mux $procmux$3131.
    dead port 1/2 on $mux $procmux$3128.
    dead port 2/2 on $mux $procmux$3126.
    dead port 2/2 on $mux $procmux$3124.
    dead port 2/2 on $mux $procmux$3108.
    dead port 1/2 on $mux $procmux$3105.
    dead port 2/2 on $mux $procmux$3103.
    dead port 2/2 on $mux $procmux$3101.
    dead port 2/2 on $mux $procmux$3085.
    dead port 1/2 on $mux $procmux$3082.
    dead port 2/2 on $mux $procmux$3080.
    dead port 2/2 on $mux $procmux$3078.
    dead port 2/2 on $mux $procmux$3062.
    dead port 1/2 on $mux $procmux$3059.
    dead port 2/2 on $mux $procmux$3057.
    dead port 2/2 on $mux $procmux$3055.
    dead port 2/2 on $mux $procmux$3015.
    dead port 1/2 on $mux $procmux$3012.
    dead port 2/2 on $mux $procmux$3010.
    dead port 2/2 on $mux $procmux$2996.
    dead port 1/2 on $mux $procmux$2993.
    dead port 2/2 on $mux $procmux$2991.
    dead port 2/2 on $mux $procmux$2979.
    dead port 1/2 on $mux $procmux$2976.
    dead port 2/2 on $mux $procmux$2974.
    dead port 1/2 on $mux $procmux$2961.
    dead port 2/2 on $mux $procmux$2961.
    dead port 1/2 on $mux $procmux$2958.
    dead port 2/2 on $mux $procmux$2958.
    dead port 1/2 on $mux $procmux$2956.
    dead port 2/2 on $mux $procmux$2956.
    dead port 1/2 on $mux $procmux$2954.
    dead port 2/2 on $mux $procmux$2954.
    dead port 1/2 on $mux $procmux$2943.
    dead port 2/2 on $mux $procmux$2943.
    dead port 1/2 on $mux $procmux$2940.
    dead port 2/2 on $mux $procmux$2940.
    dead port 1/2 on $mux $procmux$2938.
    dead port 2/2 on $mux $procmux$2938.
    dead port 1/2 on $mux $procmux$2936.
    dead port 2/2 on $mux $procmux$2936.
    dead port 1/2 on $mux $procmux$2925.
    dead port 2/2 on $mux $procmux$2925.
    dead port 1/2 on $mux $procmux$2922.
    dead port 2/2 on $mux $procmux$2922.
    dead port 1/2 on $mux $procmux$2920.
    dead port 2/2 on $mux $procmux$2920.
    dead port 1/2 on $mux $procmux$2918.
    dead port 2/2 on $mux $procmux$2918.
    dead port 1/2 on $mux $procmux$2907.
    dead port 2/2 on $mux $procmux$2907.
    dead port 1/2 on $mux $procmux$2904.
    dead port 2/2 on $mux $procmux$2904.
    dead port 1/2 on $mux $procmux$2902.
    dead port 2/2 on $mux $procmux$2902.
    dead port 1/2 on $mux $procmux$2900.
    dead port 2/2 on $mux $procmux$2900.
    dead port 1/2 on $mux $procmux$2889.
    dead port 2/2 on $mux $procmux$2889.
    dead port 1/2 on $mux $procmux$2886.
    dead port 2/2 on $mux $procmux$2886.
    dead port 1/2 on $mux $procmux$2884.
    dead port 2/2 on $mux $procmux$2884.
    dead port 1/2 on $mux $procmux$2882.
    dead port 2/2 on $mux $procmux$2882.
    dead port 1/2 on $mux $procmux$2871.
    dead port 2/2 on $mux $procmux$2871.
    dead port 1/2 on $mux $procmux$2868.
    dead port 2/2 on $mux $procmux$2868.
    dead port 1/2 on $mux $procmux$2866.
    dead port 2/2 on $mux $procmux$2866.
    dead port 1/2 on $mux $procmux$2864.
    dead port 2/2 on $mux $procmux$2864.
    dead port 1/2 on $mux $procmux$2853.
    dead port 2/2 on $mux $procmux$2853.
    dead port 1/2 on $mux $procmux$2850.
    dead port 2/2 on $mux $procmux$2850.
    dead port 1/2 on $mux $procmux$2848.
    dead port 2/2 on $mux $procmux$2848.
    dead port 1/2 on $mux $procmux$2846.
    dead port 2/2 on $mux $procmux$2846.
    dead port 1/2 on $mux $procmux$2836.
    dead port 2/2 on $mux $procmux$2836.
    dead port 1/2 on $mux $procmux$2833.
    dead port 2/2 on $mux $procmux$2833.
    dead port 1/2 on $mux $procmux$2831.
    dead port 2/2 on $mux $procmux$2831.
    dead port 1/2 on $mux $procmux$2829.
    dead port 2/2 on $mux $procmux$2829.
    dead port 1/2 on $mux $procmux$2819.
    dead port 2/2 on $mux $procmux$2819.
    dead port 1/2 on $mux $procmux$2816.
    dead port 2/2 on $mux $procmux$2816.
    dead port 1/2 on $mux $procmux$2814.
    dead port 2/2 on $mux $procmux$2814.
    dead port 1/2 on $mux $procmux$2812.
    dead port 2/2 on $mux $procmux$2812.
    dead port 1/2 on $mux $procmux$2802.
    dead port 2/2 on $mux $procmux$2802.
    dead port 1/2 on $mux $procmux$2799.
    dead port 2/2 on $mux $procmux$2799.
    dead port 1/2 on $mux $procmux$2797.
    dead port 2/2 on $mux $procmux$2797.
    dead port 1/2 on $mux $procmux$2795.
    dead port 2/2 on $mux $procmux$2795.
    dead port 1/2 on $mux $procmux$2785.
    dead port 2/2 on $mux $procmux$2785.
    dead port 1/2 on $mux $procmux$2782.
    dead port 2/2 on $mux $procmux$2782.
    dead port 1/2 on $mux $procmux$2780.
    dead port 2/2 on $mux $procmux$2780.
    dead port 1/2 on $mux $procmux$2778.
    dead port 2/2 on $mux $procmux$2778.
    dead port 1/2 on $mux $procmux$2768.
    dead port 2/2 on $mux $procmux$2768.
    dead port 1/2 on $mux $procmux$2765.
    dead port 2/2 on $mux $procmux$2765.
    dead port 1/2 on $mux $procmux$2763.
    dead port 2/2 on $mux $procmux$2763.
    dead port 1/2 on $mux $procmux$2761.
    dead port 2/2 on $mux $procmux$2761.
    dead port 1/2 on $mux $procmux$2751.
    dead port 2/2 on $mux $procmux$2751.
    dead port 1/2 on $mux $procmux$2748.
    dead port 2/2 on $mux $procmux$2748.
    dead port 1/2 on $mux $procmux$2746.
    dead port 2/2 on $mux $procmux$2746.
    dead port 1/2 on $mux $procmux$2744.
    dead port 2/2 on $mux $procmux$2744.
    dead port 1/2 on $mux $procmux$2732.
    dead port 2/2 on $mux $procmux$2732.
    dead port 1/2 on $mux $procmux$2729.
    dead port 2/2 on $mux $procmux$2729.
    dead port 1/2 on $mux $procmux$2727.
    dead port 2/2 on $mux $procmux$2727.
    dead port 1/2 on $mux $procmux$2725.
    dead port 2/2 on $mux $procmux$2725.
    dead port 1/2 on $mux $procmux$2713.
    dead port 2/2 on $mux $procmux$2713.
    dead port 1/2 on $mux $procmux$2710.
    dead port 2/2 on $mux $procmux$2710.
    dead port 1/2 on $mux $procmux$2708.
    dead port 2/2 on $mux $procmux$2708.
    dead port 1/2 on $mux $procmux$2706.
    dead port 2/2 on $mux $procmux$2706.
    dead port 1/2 on $mux $procmux$2694.
    dead port 2/2 on $mux $procmux$2694.
    dead port 1/2 on $mux $procmux$2691.
    dead port 2/2 on $mux $procmux$2691.
    dead port 1/2 on $mux $procmux$2689.
    dead port 2/2 on $mux $procmux$2689.
    dead port 1/2 on $mux $procmux$2687.
    dead port 2/2 on $mux $procmux$2687.
    dead port 1/2 on $mux $procmux$2675.
    dead port 2/2 on $mux $procmux$2675.
    dead port 1/2 on $mux $procmux$2672.
    dead port 2/2 on $mux $procmux$2672.
    dead port 1/2 on $mux $procmux$2670.
    dead port 2/2 on $mux $procmux$2670.
    dead port 1/2 on $mux $procmux$2668.
    dead port 2/2 on $mux $procmux$2668.
    dead port 1/2 on $mux $procmux$2656.
    dead port 2/2 on $mux $procmux$2656.
    dead port 1/2 on $mux $procmux$2653.
    dead port 2/2 on $mux $procmux$2653.
    dead port 1/2 on $mux $procmux$2651.
    dead port 2/2 on $mux $procmux$2651.
    dead port 1/2 on $mux $procmux$2649.
    dead port 2/2 on $mux $procmux$2649.
    dead port 2/2 on $mux $procmux$2637.
    dead port 1/2 on $mux $procmux$2634.
    dead port 2/2 on $mux $procmux$2632.
    dead port 2/2 on $mux $procmux$2630.
    dead port 2/2 on $mux $procmux$2543.
    dead port 1/2 on $mux $procmux$2540.
    dead port 2/2 on $mux $procmux$2538.
    dead port 2/2 on $mux $procmux$2536.
    dead port 2/2 on $mux $procmux$2499.
    dead port 1/2 on $mux $procmux$2496.
    dead port 2/2 on $mux $procmux$2494.
    dead port 2/2 on $mux $procmux$2483.
    dead port 1/2 on $mux $procmux$2480.
    dead port 2/2 on $mux $procmux$2478.
    dead port 2/2 on $mux $procmux$2467.
    dead port 1/2 on $mux $procmux$2464.
    dead port 2/2 on $mux $procmux$2462.
    dead port 2/2 on $mux $procmux$2451.
    dead port 1/2 on $mux $procmux$2448.
    dead port 2/2 on $mux $procmux$2446.
    dead port 2/2 on $mux $procmux$2435.
    dead port 1/2 on $mux $procmux$2432.
    dead port 2/2 on $mux $procmux$2430.
    dead port 2/2 on $mux $procmux$2419.
    dead port 1/2 on $mux $procmux$2416.
    dead port 2/2 on $mux $procmux$2414.
    dead port 2/2 on $mux $procmux$2403.
    dead port 1/2 on $mux $procmux$2400.
    dead port 2/2 on $mux $procmux$2398.
    dead port 1/2 on $mux $procmux$2388.
    dead port 2/2 on $mux $procmux$2388.
    dead port 1/2 on $mux $procmux$2385.
    dead port 2/2 on $mux $procmux$2385.
    dead port 1/2 on $mux $procmux$2383.
    dead port 2/2 on $mux $procmux$2383.
    dead port 1/2 on $mux $procmux$2381.
    dead port 2/2 on $mux $procmux$2381.
    dead port 1/2 on $mux $procmux$2372.
    dead port 2/2 on $mux $procmux$2372.
    dead port 1/2 on $mux $procmux$2369.
    dead port 2/2 on $mux $procmux$2369.
    dead port 1/2 on $mux $procmux$2367.
    dead port 2/2 on $mux $procmux$2367.
    dead port 1/2 on $mux $procmux$2365.
    dead port 2/2 on $mux $procmux$2365.
    dead port 2/2 on $mux $procmux$2356.
    dead port 1/2 on $mux $procmux$2353.
    dead port 2/2 on $mux $procmux$2351.
    dead port 2/2 on $mux $procmux$2340.
    dead port 1/2 on $mux $procmux$2337.
    dead port 2/2 on $mux $procmux$2335.
    dead port 1/2 on $mux $procmux$2333.
    dead port 2/2 on $mux $procmux$2319.
    dead port 1/2 on $mux $procmux$2316.
    dead port 2/2 on $mux $procmux$2314.
    dead port 1/2 on $mux $procmux$2304.
    dead port 2/2 on $mux $procmux$2304.
    dead port 1/2 on $mux $procmux$2301.
    dead port 2/2 on $mux $procmux$2301.
    dead port 1/2 on $mux $procmux$2299.
    dead port 2/2 on $mux $procmux$2299.
    dead port 1/2 on $mux $procmux$2297.
    dead port 2/2 on $mux $procmux$2297.
    dead port 1/2 on $mux $procmux$2289.
    dead port 2/2 on $mux $procmux$2289.
    dead port 1/2 on $mux $procmux$2286.
    dead port 2/2 on $mux $procmux$2286.
    dead port 1/2 on $mux $procmux$2284.
    dead port 2/2 on $mux $procmux$2284.
    dead port 1/2 on $mux $procmux$2282.
    dead port 2/2 on $mux $procmux$2282.
    dead port 1/2 on $mux $procmux$2274.
    dead port 2/2 on $mux $procmux$2274.
    dead port 1/2 on $mux $procmux$2271.
    dead port 2/2 on $mux $procmux$2271.
    dead port 1/2 on $mux $procmux$2269.
    dead port 2/2 on $mux $procmux$2269.
    dead port 1/2 on $mux $procmux$2267.
    dead port 2/2 on $mux $procmux$2267.
    dead port 1/2 on $mux $procmux$2259.
    dead port 2/2 on $mux $procmux$2259.
    dead port 1/2 on $mux $procmux$2256.
    dead port 2/2 on $mux $procmux$2256.
    dead port 1/2 on $mux $procmux$2254.
    dead port 2/2 on $mux $procmux$2254.
    dead port 1/2 on $mux $procmux$2252.
    dead port 2/2 on $mux $procmux$2252.
    dead port 1/2 on $mux $procmux$2244.
    dead port 2/2 on $mux $procmux$2244.
    dead port 1/2 on $mux $procmux$2241.
    dead port 2/2 on $mux $procmux$2241.
    dead port 1/2 on $mux $procmux$2239.
    dead port 2/2 on $mux $procmux$2239.
    dead port 1/2 on $mux $procmux$2237.
    dead port 2/2 on $mux $procmux$2237.
    dead port 1/2 on $mux $procmux$2229.
    dead port 2/2 on $mux $procmux$2229.
    dead port 1/2 on $mux $procmux$2226.
    dead port 2/2 on $mux $procmux$2226.
    dead port 1/2 on $mux $procmux$2224.
    dead port 2/2 on $mux $procmux$2224.
    dead port 1/2 on $mux $procmux$2222.
    dead port 2/2 on $mux $procmux$2222.
    dead port 1/2 on $mux $procmux$2214.
    dead port 2/2 on $mux $procmux$2214.
    dead port 1/2 on $mux $procmux$2211.
    dead port 2/2 on $mux $procmux$2211.
    dead port 1/2 on $mux $procmux$2209.
    dead port 2/2 on $mux $procmux$2209.
    dead port 1/2 on $mux $procmux$2207.
    dead port 2/2 on $mux $procmux$2207.
    dead port 1/2 on $mux $procmux$2199.
    dead port 2/2 on $mux $procmux$2199.
    dead port 1/2 on $mux $procmux$2196.
    dead port 2/2 on $mux $procmux$2196.
    dead port 1/2 on $mux $procmux$2194.
    dead port 2/2 on $mux $procmux$2194.
    dead port 1/2 on $mux $procmux$2192.
    dead port 2/2 on $mux $procmux$2192.
    dead port 2/2 on $mux $procmux$2184.
    dead port 1/2 on $mux $procmux$2181.
    dead port 2/2 on $mux $procmux$2179.
    dead port 2/2 on $mux $procmux$2169.
    dead port 1/2 on $mux $procmux$2166.
    dead port 2/2 on $mux $procmux$2164.
    dead port 1/2 on $mux $procmux$2154.
    dead port 2/2 on $mux $procmux$2154.
    dead port 1/2 on $mux $procmux$2151.
    dead port 2/2 on $mux $procmux$2151.
    dead port 1/2 on $mux $procmux$2149.
    dead port 2/2 on $mux $procmux$2149.
    dead port 1/2 on $mux $procmux$2147.
    dead port 2/2 on $mux $procmux$2147.
    dead port 1/2 on $mux $procmux$2139.
    dead port 2/2 on $mux $procmux$2139.
    dead port 1/2 on $mux $procmux$2136.
    dead port 2/2 on $mux $procmux$2136.
    dead port 1/2 on $mux $procmux$2134.
    dead port 2/2 on $mux $procmux$2134.
    dead port 1/2 on $mux $procmux$2132.
    dead port 2/2 on $mux $procmux$2132.
    dead port 2/2 on $mux $procmux$2124.
    dead port 1/2 on $mux $procmux$2121.
    dead port 2/2 on $mux $procmux$2119.
    dead port 2/2 on $mux $procmux$2117.
    dead port 1/2 on $mux $procmux$2106.
    dead port 2/2 on $mux $procmux$2106.
    dead port 1/2 on $mux $procmux$2103.
    dead port 2/2 on $mux $procmux$2103.
    dead port 1/2 on $mux $procmux$2101.
    dead port 2/2 on $mux $procmux$2101.
    dead port 1/2 on $mux $procmux$2099.
    dead port 2/2 on $mux $procmux$2099.
    dead port 1/2 on $mux $procmux$2097.
    dead port 2/2 on $mux $procmux$2097.
    dead port 1/2 on $mux $procmux$2088.
    dead port 2/2 on $mux $procmux$2088.
    dead port 1/2 on $mux $procmux$2085.
    dead port 2/2 on $mux $procmux$2085.
    dead port 1/2 on $mux $procmux$2083.
    dead port 2/2 on $mux $procmux$2083.
    dead port 1/2 on $mux $procmux$2081.
    dead port 2/2 on $mux $procmux$2081.
    dead port 1/2 on $mux $procmux$2079.
    dead port 2/2 on $mux $procmux$2079.
    dead port 2/2 on $mux $procmux$2070.
    dead port 1/2 on $mux $procmux$2067.
    dead port 2/2 on $mux $procmux$2065.
    dead port 2/2 on $mux $procmux$2063.
    dead port 2/2 on $mux $procmux$2029.
    dead port 1/2 on $mux $procmux$2026.
    dead port 2/2 on $mux $procmux$2024.
    dead port 1/2 on $mux $procmux$2022.
    dead port 2/2 on $mux $procmux$2005.
    dead port 1/2 on $mux $procmux$2002.
    dead port 2/2 on $mux $procmux$2000.
    dead port 1/2 on $mux $procmux$1998.
    dead port 2/2 on $mux $procmux$1981.
    dead port 1/2 on $mux $procmux$1978.
    dead port 2/2 on $mux $procmux$1976.
    dead port 1/2 on $mux $procmux$1967.
    dead port 2/2 on $mux $procmux$1967.
    dead port 1/2 on $mux $procmux$1964.
    dead port 2/2 on $mux $procmux$1964.
    dead port 1/2 on $mux $procmux$1962.
    dead port 2/2 on $mux $procmux$1962.
    dead port 1/2 on $mux $procmux$1960.
    dead port 2/2 on $mux $procmux$1960.
    dead port 1/2 on $mux $procmux$1953.
    dead port 2/2 on $mux $procmux$1953.
    dead port 1/2 on $mux $procmux$1950.
    dead port 2/2 on $mux $procmux$1950.
    dead port 1/2 on $mux $procmux$1948.
    dead port 2/2 on $mux $procmux$1948.
    dead port 1/2 on $mux $procmux$1946.
    dead port 2/2 on $mux $procmux$1946.
    dead port 1/2 on $mux $procmux$1939.
    dead port 2/2 on $mux $procmux$1939.
    dead port 1/2 on $mux $procmux$1936.
    dead port 2/2 on $mux $procmux$1936.
    dead port 1/2 on $mux $procmux$1934.
    dead port 2/2 on $mux $procmux$1934.
    dead port 1/2 on $mux $procmux$1932.
    dead port 2/2 on $mux $procmux$1932.
    dead port 1/2 on $mux $procmux$1925.
    dead port 2/2 on $mux $procmux$1925.
    dead port 1/2 on $mux $procmux$1922.
    dead port 2/2 on $mux $procmux$1922.
    dead port 1/2 on $mux $procmux$1920.
    dead port 2/2 on $mux $procmux$1920.
    dead port 1/2 on $mux $procmux$1918.
    dead port 2/2 on $mux $procmux$1918.
    dead port 2/2 on $mux $procmux$1911.
    dead port 1/2 on $mux $procmux$1908.
    dead port 2/2 on $mux $procmux$1906.
    dead port 2/2 on $mux $procmux$1897.
    dead port 1/2 on $mux $procmux$1894.
    dead port 2/2 on $mux $procmux$1892.
    dead port 1/2 on $mux $procmux$1890.
    dead port 2/2 on $mux $procmux$1878.
    dead port 1/2 on $mux $procmux$1875.
    dead port 2/2 on $mux $procmux$1873.
    dead port 2/2 on $mux $procmux$1865.
    dead port 1/2 on $mux $procmux$1862.
    dead port 2/2 on $mux $procmux$1860.
    dead port 1/2 on $mux $procmux$1852.
    dead port 2/2 on $mux $procmux$1852.
    dead port 1/2 on $mux $procmux$1849.
    dead port 2/2 on $mux $procmux$1849.
    dead port 1/2 on $mux $procmux$1847.
    dead port 2/2 on $mux $procmux$1847.
    dead port 1/2 on $mux $procmux$1845.
    dead port 2/2 on $mux $procmux$1845.
    dead port 1/2 on $mux $procmux$1839.
    dead port 2/2 on $mux $procmux$1839.
    dead port 1/2 on $mux $procmux$1836.
    dead port 2/2 on $mux $procmux$1836.
    dead port 1/2 on $mux $procmux$1834.
    dead port 2/2 on $mux $procmux$1834.
    dead port 1/2 on $mux $procmux$1832.
    dead port 2/2 on $mux $procmux$1832.
    dead port 1/2 on $mux $procmux$1826.
    dead port 2/2 on $mux $procmux$1826.
    dead port 1/2 on $mux $procmux$1823.
    dead port 2/2 on $mux $procmux$1823.
    dead port 1/2 on $mux $procmux$1821.
    dead port 2/2 on $mux $procmux$1821.
    dead port 1/2 on $mux $procmux$1819.
    dead port 2/2 on $mux $procmux$1819.
    dead port 1/2 on $mux $procmux$1817.
    dead port 2/2 on $mux $procmux$1817.
    dead port 1/2 on $mux $procmux$1810.
    dead port 2/2 on $mux $procmux$1810.
    dead port 1/2 on $mux $procmux$1807.
    dead port 2/2 on $mux $procmux$1807.
    dead port 1/2 on $mux $procmux$1805.
    dead port 2/2 on $mux $procmux$1805.
    dead port 1/2 on $mux $procmux$1803.
    dead port 2/2 on $mux $procmux$1803.
    dead port 1/2 on $mux $procmux$1801.
    dead port 2/2 on $mux $procmux$1801.
    dead port 2/2 on $mux $procmux$1794.
    dead port 1/2 on $mux $procmux$1791.
    dead port 2/2 on $mux $procmux$1789.
    dead port 2/2 on $mux $procmux$1787.
    dead port 2/2 on $mux $procmux$1778.
    dead port 1/2 on $mux $procmux$1775.
    dead port 2/2 on $mux $procmux$1773.
    dead port 2/2 on $mux $procmux$1771.
    dead port 2/2 on $mux $procmux$1763.
    dead port 1/2 on $mux $procmux$1760.
    dead port 2/2 on $mux $procmux$1758.
    dead port 1/2 on $mux $procmux$1751.
    dead port 2/2 on $mux $procmux$1751.
    dead port 1/2 on $mux $procmux$1748.
    dead port 2/2 on $mux $procmux$1748.
    dead port 1/2 on $mux $procmux$1746.
    dead port 2/2 on $mux $procmux$1746.
    dead port 1/2 on $mux $procmux$1744.
    dead port 2/2 on $mux $procmux$1744.
    dead port 1/2 on $mux $procmux$1733.
    dead port 2/2 on $mux $procmux$1733.
    dead port 1/2 on $mux $procmux$1730.
    dead port 2/2 on $mux $procmux$1730.
    dead port 1/2 on $mux $procmux$1728.
    dead port 2/2 on $mux $procmux$1728.
    dead port 1/2 on $mux $procmux$1726.
    dead port 2/2 on $mux $procmux$1726.
    dead port 1/2 on $mux $procmux$1715.
    dead port 2/2 on $mux $procmux$1715.
    dead port 1/2 on $mux $procmux$1712.
    dead port 2/2 on $mux $procmux$1712.
    dead port 1/2 on $mux $procmux$1710.
    dead port 2/2 on $mux $procmux$1710.
    dead port 1/2 on $mux $procmux$1708.
    dead port 2/2 on $mux $procmux$1708.
    dead port 1/2 on $mux $procmux$1698.
    dead port 2/2 on $mux $procmux$1698.
    dead port 1/2 on $mux $procmux$1695.
    dead port 2/2 on $mux $procmux$1695.
    dead port 1/2 on $mux $procmux$1693.
    dead port 2/2 on $mux $procmux$1693.
    dead port 1/2 on $mux $procmux$1691.
    dead port 2/2 on $mux $procmux$1691.
    dead port 1/2 on $mux $procmux$1681.
    dead port 2/2 on $mux $procmux$1681.
    dead port 1/2 on $mux $procmux$1678.
    dead port 2/2 on $mux $procmux$1678.
    dead port 1/2 on $mux $procmux$1676.
    dead port 2/2 on $mux $procmux$1676.
    dead port 1/2 on $mux $procmux$1674.
    dead port 2/2 on $mux $procmux$1674.
    dead port 1/2 on $mux $procmux$1665.
    dead port 2/2 on $mux $procmux$1665.
    dead port 1/2 on $mux $procmux$1662.
    dead port 2/2 on $mux $procmux$1662.
    dead port 1/2 on $mux $procmux$1660.
    dead port 2/2 on $mux $procmux$1660.
    dead port 1/2 on $mux $procmux$1658.
    dead port 2/2 on $mux $procmux$1658.
    dead port 1/2 on $mux $procmux$1649.
    dead port 2/2 on $mux $procmux$1649.
    dead port 1/2 on $mux $procmux$1646.
    dead port 2/2 on $mux $procmux$1646.
    dead port 1/2 on $mux $procmux$1644.
    dead port 2/2 on $mux $procmux$1644.
    dead port 1/2 on $mux $procmux$1642.
    dead port 2/2 on $mux $procmux$1642.
    dead port 1/2 on $mux $procmux$1634.
    dead port 2/2 on $mux $procmux$1634.
    dead port 1/2 on $mux $procmux$1631.
    dead port 2/2 on $mux $procmux$1631.
    dead port 1/2 on $mux $procmux$1629.
    dead port 2/2 on $mux $procmux$1629.
    dead port 1/2 on $mux $procmux$1627.
    dead port 2/2 on $mux $procmux$1627.
    dead port 1/2 on $mux $procmux$1619.
    dead port 2/2 on $mux $procmux$1619.
    dead port 1/2 on $mux $procmux$1616.
    dead port 2/2 on $mux $procmux$1616.
    dead port 1/2 on $mux $procmux$1614.
    dead port 2/2 on $mux $procmux$1614.
    dead port 1/2 on $mux $procmux$1612.
    dead port 2/2 on $mux $procmux$1612.
    dead port 1/2 on $mux $procmux$1605.
    dead port 2/2 on $mux $procmux$1605.
    dead port 1/2 on $mux $procmux$1602.
    dead port 2/2 on $mux $procmux$1602.
    dead port 1/2 on $mux $procmux$1600.
    dead port 2/2 on $mux $procmux$1600.
    dead port 1/2 on $mux $procmux$1598.
    dead port 2/2 on $mux $procmux$1598.
    dead port 1/2 on $mux $procmux$1591.
    dead port 2/2 on $mux $procmux$1591.
    dead port 1/2 on $mux $procmux$1588.
    dead port 2/2 on $mux $procmux$1588.
    dead port 1/2 on $mux $procmux$1586.
    dead port 2/2 on $mux $procmux$1586.
    dead port 1/2 on $mux $procmux$1584.
    dead port 2/2 on $mux $procmux$1584.
    dead port 1/2 on $mux $procmux$1578.
    dead port 2/2 on $mux $procmux$1578.
    dead port 1/2 on $mux $procmux$1575.
    dead port 2/2 on $mux $procmux$1575.
    dead port 1/2 on $mux $procmux$1573.
    dead port 2/2 on $mux $procmux$1573.
    dead port 1/2 on $mux $procmux$1571.
    dead port 2/2 on $mux $procmux$1571.
    dead port 1/2 on $mux $procmux$1565.
    dead port 2/2 on $mux $procmux$1565.
    dead port 1/2 on $mux $procmux$1562.
    dead port 2/2 on $mux $procmux$1562.
    dead port 1/2 on $mux $procmux$1560.
    dead port 2/2 on $mux $procmux$1560.
    dead port 1/2 on $mux $procmux$1558.
    dead port 2/2 on $mux $procmux$1558.
    dead port 1/2 on $mux $procmux$1553.
    dead port 2/2 on $mux $procmux$1553.
    dead port 1/2 on $mux $procmux$1550.
    dead port 2/2 on $mux $procmux$1550.
    dead port 1/2 on $mux $procmux$1548.
    dead port 2/2 on $mux $procmux$1548.
    dead port 1/2 on $mux $procmux$1546.
    dead port 2/2 on $mux $procmux$1546.
    dead port 1/2 on $mux $procmux$1541.
    dead port 2/2 on $mux $procmux$1541.
    dead port 1/2 on $mux $procmux$1538.
    dead port 2/2 on $mux $procmux$1538.
    dead port 1/2 on $mux $procmux$1536.
    dead port 2/2 on $mux $procmux$1536.
    dead port 1/2 on $mux $procmux$1534.
    dead port 2/2 on $mux $procmux$1534.
    dead port 1/2 on $mux $procmux$1522.
    dead port 2/2 on $mux $procmux$1522.
    dead port 1/2 on $mux $procmux$1519.
    dead port 2/2 on $mux $procmux$1519.
    dead port 1/2 on $mux $procmux$1517.
    dead port 2/2 on $mux $procmux$1517.
    dead port 1/2 on $mux $procmux$1515.
    dead port 2/2 on $mux $procmux$1515.
    dead port 2/2 on $mux $procmux$1485.
    dead port 1/2 on $mux $procmux$1482.
    dead port 2/2 on $mux $procmux$1480.
    dead port 2/2 on $mux $procmux$1478.
    dead port 2/2 on $mux $procmux$1429.
    dead port 1/2 on $mux $procmux$1426.
    dead port 2/2 on $mux $procmux$1424.
    dead port 2/2 on $mux $procmux$1422.
    dead port 2/2 on $mux $procmux$1378.
    dead port 1/2 on $mux $procmux$1375.
    dead port 2/2 on $mux $procmux$1373.
    dead port 2/2 on $mux $procmux$1371.
    dead port 2/2 on $mux $procmux$1358.
    dead port 1/2 on $mux $procmux$1355.
    dead port 2/2 on $mux $procmux$1353.
    dead port 2/2 on $mux $procmux$1351.
    dead port 2/2 on $mux $procmux$1339.
    dead port 1/2 on $mux $procmux$1336.
    dead port 2/2 on $mux $procmux$1334.
    dead port 2/2 on $mux $procmux$1332.
    dead port 2/2 on $mux $procmux$1321.
    dead port 1/2 on $mux $procmux$1318.
    dead port 2/2 on $mux $procmux$1316.
    dead port 2/2 on $mux $procmux$1314.
    dead port 2/2 on $mux $procmux$1304.
    dead port 1/2 on $mux $procmux$1301.
    dead port 2/2 on $mux $procmux$1295.
    dead port 1/2 on $mux $procmux$1292.
    dead port 2/2 on $mux $procmux$1286.
    dead port 1/2 on $mux $procmux$1283.
    dead port 2/2 on $mux $procmux$1277.
    dead port 1/2 on $mux $procmux$1274.
    dead port 2/2 on $mux $procmux$1268.
    dead port 1/2 on $mux $procmux$1265.
    dead port 2/2 on $mux $procmux$1259.
    dead port 1/2 on $mux $procmux$1256.
    dead port 2/2 on $mux $procmux$1250.
    dead port 1/2 on $mux $procmux$1247.
    dead port 2/2 on $mux $procmux$1241.
    dead port 1/2 on $mux $procmux$1238.
    dead port 2/2 on $mux $procmux$1232.
    dead port 1/2 on $mux $procmux$1229.
    dead port 2/2 on $mux $procmux$1223.
    dead port 1/2 on $mux $procmux$1220.
    dead port 2/2 on $mux $procmux$1214.
    dead port 1/2 on $mux $procmux$1211.
    dead port 2/2 on $mux $procmux$1205.
    dead port 1/2 on $mux $procmux$1202.
    dead port 2/2 on $mux $procmux$1196.
    dead port 1/2 on $mux $procmux$1193.
    dead port 2/2 on $mux $procmux$1187.
    dead port 1/2 on $mux $procmux$1184.
    dead port 2/2 on $mux $procmux$1178.
    dead port 1/2 on $mux $procmux$1175.
    dead port 2/2 on $mux $procmux$1169.
    dead port 1/2 on $mux $procmux$1166.
    dead port 2/2 on $mux $procmux$1160.
    dead port 1/2 on $mux $procmux$1157.
    dead port 2/2 on $mux $procmux$1151.
    dead port 1/2 on $mux $procmux$1148.
    dead port 2/2 on $mux $procmux$1142.
    dead port 1/2 on $mux $procmux$1139.
    dead port 2/2 on $mux $procmux$1137.
    dead port 2/2 on $mux $procmux$1130.
    dead port 1/2 on $mux $procmux$1127.
    dead port 2/2 on $mux $procmux$1125.
    dead port 2/2 on $mux $procmux$1118.
    dead port 1/2 on $mux $procmux$1115.
    dead port 2/2 on $mux $procmux$1113.
    dead port 2/2 on $mux $procmux$1106.
    dead port 1/2 on $mux $procmux$1103.
    dead port 2/2 on $mux $procmux$1101.
    dead port 2/2 on $mux $procmux$1094.
    dead port 1/2 on $mux $procmux$1091.
    dead port 2/2 on $mux $procmux$1089.
    dead port 2/2 on $mux $procmux$1082.
    dead port 1/2 on $mux $procmux$1079.
    dead port 2/2 on $mux $procmux$1077.
    dead port 2/2 on $mux $procmux$1070.
    dead port 1/2 on $mux $procmux$1067.
    dead port 2/2 on $mux $procmux$1065.
    dead port 2/2 on $mux $procmux$1058.
    dead port 1/2 on $mux $procmux$1055.
    dead port 2/2 on $mux $procmux$1053.
    dead port 2/2 on $mux $procmux$1046.
    dead port 1/2 on $mux $procmux$1043.
    dead port 2/2 on $mux $procmux$1041.
    dead port 2/2 on $mux $procmux$1034.
    dead port 1/2 on $mux $procmux$1031.
    dead port 2/2 on $mux $procmux$1029.
    dead port 2/2 on $mux $procmux$1022.
    dead port 1/2 on $mux $procmux$1019.
    dead port 2/2 on $mux $procmux$1017.
    dead port 2/2 on $mux $procmux$1010.
    dead port 1/2 on $mux $procmux$1007.
    dead port 2/2 on $mux $procmux$1005.
    dead port 2/2 on $mux $procmux$998.
    dead port 1/2 on $mux $procmux$995.
    dead port 2/2 on $mux $procmux$993.
    dead port 2/2 on $mux $procmux$986.
    dead port 1/2 on $mux $procmux$983.
    dead port 2/2 on $mux $procmux$981.
    dead port 2/2 on $mux $procmux$974.
    dead port 1/2 on $mux $procmux$971.
    dead port 2/2 on $mux $procmux$969.
    dead port 2/2 on $mux $procmux$962.
    dead port 1/2 on $mux $procmux$959.
    dead port 2/2 on $mux $procmux$957.
    dead port 2/2 on $mux $procmux$950.
    dead port 1/2 on $mux $procmux$947.
    dead port 2/2 on $mux $procmux$945.
    dead port 2/2 on $mux $procmux$938.
    dead port 1/2 on $mux $procmux$935.
    dead port 2/2 on $mux $procmux$933.
    dead port 2/2 on $mux $procmux$926.
    dead port 1/2 on $mux $procmux$923.
    dead port 2/2 on $mux $procmux$921.
    dead port 2/2 on $mux $procmux$919.
    dead port 2/2 on $mux $procmux$911.
    dead port 1/2 on $mux $procmux$908.
    dead port 2/2 on $mux $procmux$906.
    dead port 2/2 on $mux $procmux$904.
    dead port 2/2 on $mux $procmux$896.
    dead port 1/2 on $mux $procmux$893.
    dead port 2/2 on $mux $procmux$891.
    dead port 2/2 on $mux $procmux$889.
    dead port 2/2 on $mux $procmux$881.
    dead port 1/2 on $mux $procmux$878.
    dead port 2/2 on $mux $procmux$876.
    dead port 2/2 on $mux $procmux$874.
    dead port 2/2 on $mux $procmux$866.
    dead port 1/2 on $mux $procmux$863.
    dead port 2/2 on $mux $procmux$861.
    dead port 2/2 on $mux $procmux$859.
    dead port 2/2 on $mux $procmux$851.
    dead port 1/2 on $mux $procmux$848.
    dead port 2/2 on $mux $procmux$846.
    dead port 2/2 on $mux $procmux$844.
    dead port 2/2 on $mux $procmux$836.
    dead port 1/2 on $mux $procmux$833.
    dead port 2/2 on $mux $procmux$831.
    dead port 2/2 on $mux $procmux$829.
    dead port 2/2 on $mux $procmux$821.
    dead port 1/2 on $mux $procmux$818.
    dead port 2/2 on $mux $procmux$816.
    dead port 2/2 on $mux $procmux$814.
    dead port 2/2 on $mux $procmux$806.
    dead port 1/2 on $mux $procmux$803.
    dead port 2/2 on $mux $procmux$801.
    dead port 2/2 on $mux $procmux$799.
    dead port 2/2 on $mux $procmux$791.
    dead port 1/2 on $mux $procmux$788.
    dead port 2/2 on $mux $procmux$786.
    dead port 1/2 on $mux $procmux$784.
    dead port 2/2 on $mux $procmux$776.
    dead port 1/2 on $mux $procmux$773.
    dead port 2/2 on $mux $procmux$771.
    dead port 1/2 on $mux $procmux$769.
    dead port 2/2 on $mux $procmux$761.
    dead port 1/2 on $mux $procmux$758.
    dead port 2/2 on $mux $procmux$756.
    dead port 1/2 on $mux $procmux$754.
    dead port 2/2 on $mux $procmux$746.
    dead port 1/2 on $mux $procmux$743.
    dead port 2/2 on $mux $procmux$741.
    dead port 1/2 on $mux $procmux$739.
    dead port 2/2 on $mux $procmux$731.
    dead port 1/2 on $mux $procmux$728.
    dead port 2/2 on $mux $procmux$726.
    dead port 1/2 on $mux $procmux$724.
    dead port 2/2 on $mux $procmux$716.
    dead port 1/2 on $mux $procmux$713.
    dead port 2/2 on $mux $procmux$711.
    dead port 1/2 on $mux $procmux$709.
    dead port 2/2 on $mux $procmux$701.
    dead port 1/2 on $mux $procmux$698.
    dead port 2/2 on $mux $procmux$696.
    dead port 1/2 on $mux $procmux$694.
Removed 2070 multiplexer ports.
<suppressed ~10482 debug messages>

5.4. Executing OPT_REDUCE pass (consolidate $*mux and $reduce_* inputs).
  Optimizing cells in module \tt_um_larsnitschke_tick.
  Optimizing cells in module \tick_core.
    New ctrl vector for $pmux cell $procmux$3672: { $procmux$10633_CMP $procmux$10392_CMP $procmux$10529_CMP $procmux$10747_CMP }
  Optimizing cells in module \tick_core.
Performed a total of 5 changes.

5.5. Executing OPT_MERGE pass (detect identical cells).
Finding identical cells in module `\tt_um_larsnitschke_tick'.
Computing hashes of 32 cells of `\tt_um_larsnitschke_tick'.
Finding duplicate cells in `\tt_um_larsnitschke_tick'.
Finding identical cells in module `\tick_core'.
Computing hashes of 1498 cells of `\tick_core'.
Finding duplicate cells in `\tick_core'.
Computing hashes of 1467 cells of `\tick_core'.
Finding duplicate cells in `\tick_core'.
Computing hashes of 1462 cells of `\tick_core'.
Finding duplicate cells in `\tick_core'.
<suppressed ~108 debug messages>
Removed a total of 36 cells.

5.6. Executing OPT_DFF pass (perform DFF optimizations).
Adding EN signal on $procdff$10828 ($adff) from module tt_um_larsnitschke_tick (D = \uio_in [1:0], Q = \host_word [9:8]).
Adding EN signal on $procdff$10828 ($adff) from module tt_um_larsnitschke_tick (D = \uio_in, Q = \host_word [7:0]).
Adding EN signal on $procdff$10818 ($adff) from module tt_um_larsnitschke_tick (D = \uio_in [5:0], Q = \load_addr).
Adding EN signal on $procdff$10823 ($adff) from module tt_um_larsnitschke_tick (D = \uio_in, Q = \load_word [7:0]).
Adding EN signal on $procdff$10823 ($adff) from module tt_um_larsnitschke_tick (D = \uio_in, Q = \load_word [15:8]).
Adding EN signal on $procdff$11601 ($adff) from module tick_core (D = \imem_wdata, Q = \imem[37]).
Adding EN signal on $procdff$11793 ($dff) from module tick_core (D = \host_wdata, Q = \txfifo[5]).
Adding EN signal on $procdff$11238 ($dff) from module tick_core (D = $3\main.p_msb_n[0:0], Q = \main.p_msb_n).
Adding EN signal on $procdff$11476 ($adff) from module tick_core (D = \imem_wdata, Q = \imem[12]).
Adding EN signal on $procdff$11119 ($adff) from module tick_core (D = $procmux$9913_Y, Q = \result).
Adding EN signal on $procdff$11561 ($adff) from module tick_core (D = \imem_wdata, Q = \imem[29]).
Adding EN signal on $procdff$11721 ($adff) from module tick_core (D = \imem_wdata, Q = \imem[61]).
Adding EN signal on $procdff$11399 ($dff) from module tick_core (D = $3\main.post_msb[0:0], Q = \main.post_msb).
Adding EN signal on $procdff$11252 ($dff) from module tick_core (D = $3\main.p_mask_n[3:0], Q = \main.p_mask_n).
Adding EN signal on $procdff$11596 ($adff) from module tick_core (D = \imem_wdata, Q = \imem[36]).
Adding EN signal on $procdff$11481 ($adff) from module tick_core (D = \imem_wdata, Q = \imem[13]).
Adding EN signal on $procdff$11126 ($dff) from module tick_core (D = $3\main.do_tick[0:0], Q = \main.do_tick).
Adding EN signal on $procdff$11081 ($dff) from module tick_core (D = $3\main.p_data_n[7:0], Q = \p_data).
Adding EN signal on $procdff$11686 ($adff) from module tick_core (D = \imem_wdata, Q = \imem[54]).
Adding EN signal on $procdff$11421 ($adff) from module tick_core (D = \imem_wdata, Q = \imem[1]).
Adding EN signal on $procdff$11765 ($dff) from module tick_core (D = \host_wdata, Q = \txfifo[1]).
Adding EN signal on $procdff$11259 ($dff) from module tick_core (D = $11\main.a_val_n[3:0], Q = \main.a_val_n).
Adding EN signal on $procdff$11651 ($adff) from module tick_core (D = \imem_wdata, Q = \imem[47]).
Adding EN signal on $procdff$11095 ($dff) from module tick_core (D = $13\main.a_res_n[15:0], Q = \a_res).
Adding EN signal on $procdff$11406 ($dff) from module tick_core (D = $13\main.waiting_n[0:0], Q = \main.waiting_n).
Adding EN signal on $procdff$11102 ($dff) from module tick_core (D = $11\main.a_msb_n[0:0], Q = \a_msb).
Adding EN signal on $procdff$11556 ($adff) from module tick_core (D = \imem_wdata, Q = \imem[28]).
Adding EN signal on $procdff$11109 ($dff) from module tick_core (D = $3\main.p_msb_n[0:0], Q = \p_msb).
Adding EN signal on $procdff$11114 ($adff) from module tick_core (D = $procmux$9965_Y, Q = \res_valid).
Adding EN signal on $procdff$11656 ($adff) from module tick_core (D = \imem_wdata, Q = \imem[48]).
Adding EN signal on $procdff$11606 ($adff) from module tick_core (D = \imem_wdata, Q = \imem[38]).
Adding EN signal on $procdff$11416 ($adff) from module tick_core (D = \imem_wdata, Q = \imem[0]).
Adding EN signal on $procdff$11231 ($dff) from module tick_core (D = $11\main.a_msb_n[0:0], Q = \main.a_msb_n).
Adding EN signal on $procdff$11486 ($adff) from module tick_core (D = \imem_wdata, Q = \imem[14]).
Adding EN signal on $procdff$11133 ($dff) from module tick_core (D = $3\main.rem[3:0], Q = \main.rem).
Adding EN signal on $procdff$11266 ($dff) from module tick_core (D = $3\main.p_val_n[3:0], Q = \main.p_val_n).
Adding EN signal on $procdff$11566 ($adff) from module tick_core (D = \imem_wdata, Q = \imem[30]).
Adding EN signal on $procdff$11426 ($adff) from module tick_core (D = \imem_wdata, Q = \imem[2]).
Adding EN signal on $procdff$11140 ($dff) from module tick_core (D = $3\main.sh[3:0], Q = \main.sh).
Adding EN signal on $procdff$11661 ($adff) from module tick_core (D = \imem_wdata, Q = \imem[49]).
Adding EN signal on $procdff$11471 ($adff) from module tick_core (D = \imem_wdata, Q = \imem[11]).
Adding EN signal on $procdff$11741 ($adff) from module tick_core (D = $procmux$7484_Y, Q = \rf[1]).
Adding EN signal on $procdff$11147 ($dff) from module tick_core (D = $3\main.outb[0:0], Q = \main.outb).
Adding EN signal on $procdff$11431 ($adff) from module tick_core (D = \imem_wdata, Q = \imem[3]).
Adding EN signal on $procdff$11571 ($adff) from module tick_core (D = \imem_wdata, Q = \imem[31]).
Adding EN signal on $procdff$11154 ($dff) from module tick_core (D = $5\main.tmp[7:0], Q = \main.tmp).
Adding EN signal on $procdff$11726 ($adff) from module tick_core (D = \imem_wdata, Q = \imem[62]).
Adding EN signal on $procdff$11088 ($dff) from module tick_core (D = $11\main.a_done_n[3:0], Q = \a_done).
Adding EN signal on $procdff$11436 ($adff) from module tick_core (D = \imem_wdata, Q = \imem[4]).
Adding EN signal on $procdff$11161 ($dff) from module tick_core (D = $3\main.sum[8:0], Q = \main.sum).
Adding EN signal on $procdff$11666 ($adff) from module tick_core (D = \imem_wdata, Q = \imem[50]).
Adding EN signal on $procdff$11576 ($adff) from module tick_core (D = \imem_wdata, Q = \imem[32]).
Adding EN signal on $procdff$11168 ($dff) from module tick_core (D = $7\main.take[0:0], Q = \main.take).
Adding EN signal on $procdff$11441 ($adff) from module tick_core (D = \imem_wdata, Q = \imem[5]).
Adding EN signal on $procdff$11175 ($dff) from module tick_core (D = $3\main.issued[0:0], Q = \main.issued).
Adding EN signal on $procdff$11273 ($dff) from module tick_core (D = $11\main.a_mode_n[1:0], Q = \main.a_mode_n).
Adding EN signal on $procdff$11446 ($adff) from module tick_core (D = \imem_wdata, Q = \imem[6]).
Adding EN signal on $procdff$11182 ($dff) from module tick_core (D = $3\main.next_pc[5:0], Q = \main.next_pc).
Adding EN signal on $procdff$11581 ($adff) from module tick_core (D = \imem_wdata, Q = \imem[33]).
Adding EN signal on $procdff$11671 ($adff) from module tick_core (D = \imem_wdata, Q = \imem[51]).
Adding EN signal on $procdff$11189 ($dff) from module tick_core (D = $3\main.stalled[0:0], Q = \main.stalled).
Adding EN signal on $procdff$11451 ($adff) from module tick_core (D = \imem_wdata, Q = \imem[7]).
Adding EN signal on $procdff$11731 ($adff) from module tick_core (D = \imem_wdata, Q = \imem[63]).
Adding EN signal on $procdff$11196 ($dff) from module tick_core (D = $ne$src/tick_core.sv:162$277_Y, Q = \main.had_timed).
Adding EN signal on $procdff$11586 ($adff) from module tick_core (D = \imem_wdata, Q = \imem[34]).
Adding EN signal on $procdff$11456 ($adff) from module tick_core (D = \imem_wdata, Q = \imem[8]).
Adding EN signal on $procdff$11551 ($adff) from module tick_core (D = \imem_wdata, Q = \imem[27]).
Adding EN signal on $procdff$11491 ($adff) from module tick_core (D = \imem_wdata, Q = \imem[15]).
Adding EN signal on $procdff$11203 ($dff) from module tick_core (D = $11\main.a_k[1:0], Q = \main.a_k).
Adding EN signal on $procdff$11676 ($adff) from module tick_core (D = \imem_wdata, Q = \imem[52]).
Adding EN signal on $procdff$11210 ($dff) from module tick_core (D = $11\main.p_k[1:0], Q = \main.p_k).
Adding EN signal on $procdff$11461 ($adff) from module tick_core (D = \imem_wdata, Q = \imem[9]).
Adding EN signal on $procdff$11591 ($adff) from module tick_core (D = \imem_wdata, Q = \imem[35]).
Adding EN signal on $procdff$11681 ($adff) from module tick_core (D = \imem_wdata, Q = \imem[53]).
Adding EN signal on $procdff$11245 ($dff) from module tick_core (D = $11\main.a_mask_n[3:0], Q = \main.a_mask_n).
Adding EN signal on $procdff$11217 ($dff) from module tick_core (D = $11\main.a_oe_n[0:0], Q = \main.a_oe_n).
Adding EN signal on $procdff$11772 ($dff) from module tick_core (D = \host_wdata, Q = \txfifo[2]).
Adding EN signal on $procdff$11466 ($adff) from module tick_core (D = \imem_wdata, Q = \imem[10]).
Adding EN signal on $procdff$11611 ($adff) from module tick_core (D = \imem_wdata, Q = \imem[39]).
Adding EN signal on $procdff$11280 ($dff) from module tick_core (D = $3\main.p_mode_n[1:0], Q = \main.p_mode_n).
Adding EN signal on $procdff$11691 ($adff) from module tick_core (D = \imem_wdata, Q = \imem[55]).
Adding EN signal on $procdff$11496 ($adff) from module tick_core (D = \imem_wdata, Q = \imem[16]).
Adding EN signal on $procdff$10843 ($adff) from module tick_core (D = $procmux$10809_Y, Q = \c).
Adding EN signal on $procdff$10848 ($adff) from module tick_core (D = $procmux$10779_Y, Q = \z).
Adding EN signal on $procdff$11287 ($dff) from module tick_core (D = $11\main.a_nm1_n[3:0], Q = \main.a_nm1_n).
Adding EN signal on $procdff$11807 ($dff) from module tick_core (D = \host_wdata, Q = \txfifo[7]).
Adding EN signal on $procdff$11616 ($adff) from module tick_core (D = \imem_wdata, Q = \imem[40]).
Adding EN signal on $procdff$10858 ($adff) from module tick_core (D = $procmux$10748_Y, Q = \pin0_out).
Adding EN signal on $procdff$11294 ($dff) from module tick_core (D = $3\main.p_nm1_n[3:0], Q = \main.p_nm1_n).
Adding EN signal on $procdff$11501 ($adff) from module tick_core (D = \imem_wdata, Q = \imem[17]).
Handling D = Q on $procdff$10868 ($adff) from module tick_core (removing D path).
Adding EN signal on $procdff$11746 ($adff) from module tick_core (D = $procmux$7409_Y, Q = \rf[2]).
Adding EN signal on $procdff$11814 ($dff) from module tick_core (D = { $mem2reg_rd$\imem$src/tick_core.sv:87$4_DATA [9:8] $6$mem2reg_rd$\rf$src/tick_core.sv:426$30_DATA[7:0]$544 }, Q = \rxfifo[0]).
Adding EN signal on $procdff$10873 ($adff) from module tick_core (D = $add$src/tick_core.sv:139$197_Y, Q = \tx_w).
Adding EN signal on $procdff$11301 ($dff) from module tick_core (D = $11\main.a_done_n[3:0], Q = \main.a_done_n).
Adding EN signal on $procdff$10878 ($adff) from module tick_core (D = $procmux$10655_Y, Q = \tx_r).
Adding EN signal on $procdff$11696 ($adff) from module tick_core (D = \imem_wdata, Q = \imem[56]).
Adding EN signal on $procdff$11506 ($adff) from module tick_core (D = \imem_wdata, Q = \imem[18]).
Adding EN signal on $procdff$10883 ($adff) from module tick_core (D = $add$src/tick_core.sv:427$545_Y, Q = \rx_w).
Adding EN signal on $procdff$10888 ($adff) from module tick_core (D = $add$src/tick_core.sv:141$200_Y, Q = \rx_r).
Adding EN signal on $procdff$11308 ($dff) from module tick_core (D = $11\main.a_data_n[7:0], Q = \main.a_data_n).
Adding EN signal on $procdff$11821 ($dff) from module tick_core (D = { $mem2reg_rd$\imem$src/tick_core.sv:87$4_DATA [9:8] $6$mem2reg_rd$\rf$src/tick_core.sv:426$30_DATA[7:0]$544 }, Q = \rxfifo[1]).
Adding EN signal on $procdff$10893 ($adff) from module tick_core (D = $4\main.next_pc[5:0], Q = \pc).
Adding EN signal on $procdff$11621 ($adff) from module tick_core (D = \imem_wdata, Q = \imem[41]).
Adding EN signal on $procdff$11779 ($dff) from module tick_core (D = \host_wdata, Q = \txfifo[3]).
Adding EN signal on $procdff$10898 ($adff) from module tick_core (D = $procmux$10610_Y, Q = \last_f).
Adding EN signal on $procdff$11315 ($dff) from module tick_core (D = $3\main.p_data_n[7:0], Q = \main.p_data_n).
Adding EN signal on $procdff$10903 ($adff) from module tick_core (D = $procmux$10586_Y, Q = \cmd_f).
Adding EN signal on $procdff$11511 ($adff) from module tick_core (D = \imem_wdata, Q = \imem[19]).
Adding EN signal on $procdff$10908 ($adff) from module tick_core (D = $procmux$10562_Y, Q = \miss).
Adding EN signal on $procdff$11800 ($dff) from module tick_core (D = \host_wdata, Q = \txfifo[6]).
Adding EN signal on $procdff$11828 ($dff) from module tick_core (D = { $mem2reg_rd$\imem$src/tick_core.sv:87$4_DATA [9:8] $6$mem2reg_rd$\rf$src/tick_core.sv:426$30_DATA[7:0]$544 }, Q = \rxfifo[2]).
Adding EN signal on $procdff$10913 ($adff) from module tick_core (D = $13\main.waiting_n[0:0], Q = \waiting).
Adding EN signal on $procdff$11322 ($dff) from module tick_core (D = $13\main.a_res_n[15:0], Q = \main.a_res_n).
Adding EN signal on $procdff$10918 ($adff) from module tick_core (D = $procmux$10527_Y, Q = \wait_mask).
Adding EN signal on $procdff$11626 ($adff) from module tick_core (D = \imem_wdata, Q = \imem[42]).
Adding EN signal on $procdff$11516 ($adff) from module tick_core (D = \imem_wdata, Q = \imem[20]).
Adding EN signal on $procdff$10923 ($adff) from module tick_core (D = $mem2reg_rd$\imem$src/tick_core.sv:87$4_DATA [11:10], Q = \wait_tc).
Adding EN signal on $procdff$10928 ($adff) from module tick_core (D = $procmux$10494_Y, Q = \pull_block).
Adding EN signal on $procdff$11329 ($dff) from module tick_core (D = $logic_and$src/tick_core.sv:252$330_Y, Q = \main.slots_full_n).
Adding EN signal on $procdff$11835 ($dff) from module tick_core (D = { $mem2reg_rd$\imem$src/tick_core.sv:87$4_DATA [9:8] $6$mem2reg_rd$\rf$src/tick_core.sv:426$30_DATA[7:0]$544 }, Q = \rxfifo[3]).
Adding EN signal on $procdff$10935 ($dff) from module tick_core (D = $mem2reg_rd$\imem$src/tick_core.sv:87$4_DATA [11:10], Q = \pull_rd).
Adding EN signal on $procdff$11701 ($adff) from module tick_core (D = \imem_wdata, Q = \imem[57]).
Adding EN signal on $procdff$11751 ($adff) from module tick_core (D = $procmux$7343_Y, Q = \rf[3]).
Adding EN signal on $procdff$10940 ($adff) from module tick_core (D = $procmux$10452_Y, Q = \mfs_block).
Adding EN signal on $procdff$11336 ($dff) from module tick_core (D = $3\main.xfer_done[0:0], Q = \main.xfer_done).
Adding EN signal on $procdff$10947 ($dff) from module tick_core (D = $mem2reg_rd$\imem$src/tick_core.sv:87$4_DATA [11:10], Q = \mfs_rd).
Adding EN signal on $procdff$11521 ($adff) from module tick_core (D = \imem_wdata, Q = \imem[21]).
Adding EN signal on $procdff$10952 ($adff) from module tick_core (D = $procmux$10411_Y, Q = \timer_run).
Adding EN signal on $procdff$11631 ($adff) from module tick_core (D = \imem_wdata, Q = \imem[43]).
Adding EN signal on $procdff$11842 ($dff) from module tick_core (D = { $mem2reg_rd$\imem$src/tick_core.sv:87$4_DATA [9:8] $6$mem2reg_rd$\rf$src/tick_core.sv:426$30_DATA[7:0]$544 }, Q = \rxfifo[4]).
Adding EN signal on $procdff$10957 ($adff) from module tick_core (D = $procmux$10330_Y, Q = \accum).
Adding EN signal on $procdff$11343 ($dff) from module tick_core (D = $3\main.do_post[0:0], Q = \main.do_post).
Adding EN signal on $procdff$10962 ($adff) from module tick_core (D = $procmux$10240_Y, Q = \phase_left).
Adding EN signal on $procdff$11526 ($adff) from module tick_core (D = \imem_wdata, Q = \imem[22]).
Adding EN signal on $procdff$10967 ($adff) from module tick_core (D = $procmux$10153_Y, Q = \time_cnt).
Adding EN signal on $procdff$11350 ($dff) from module tick_core (D = $3\main.post_kind[1:0], Q = \main.post_kind).
Adding EN signal on $procdff$11849 ($dff) from module tick_core (D = { $mem2reg_rd$\imem$src/tick_core.sv:87$4_DATA [9:8] $6$mem2reg_rd$\rf$src/tick_core.sv:426$30_DATA[7:0]$544 }, Q = \rxfifo[5]).
Adding EN signal on $procdff$10977 ($aldff) from module tick_core (D = $6$mem2reg_rd$\rf$src/tick_core.sv:452$35_DATA[7:0]$571 [3:0], Q = \per_fp [19:16]).
Adding EN signal on $procdff$10977 ($aldff) from module tick_core (D = $6$mem2reg_rd$\rf$src/tick_core.sv:451$34_DATA[7:0]$570, Q = \per_fp [15:8]).
Adding EN signal on $procdff$10977 ($aldff) from module tick_core (D = $6$mem2reg_rd$\rf$src/tick_core.sv:450$33_DATA[7:0]$569, Q = \per_fp [7:0]).
Adding EN signal on $procdff$11706 ($adff) from module tick_core (D = \imem_wdata, Q = \imem[58]).
Adding EN signal on $procdff$11636 ($adff) from module tick_core (D = \imem_wdata, Q = \imem[44]).
Adding EN signal on $procdff$10982 ($aldff) from module tick_core (D = $6$mem2reg_rd$\rf$src/tick_core.sv:454$37_DATA[7:0]$573, Q = \phase_cfg [15:8]).
Adding EN signal on $procdff$10982 ($aldff) from module tick_core (D = $6$mem2reg_rd$\rf$src/tick_core.sv:453$36_DATA[7:0]$572, Q = \phase_cfg [7:0]).
Adding EN signal on $procdff$11357 ($dff) from module tick_core (D = $3\main.post_oe[0:0], Q = \main.post_oe).
Adding EN signal on $procdff$10987 ($aldff) from module tick_core (D = $6$mem2reg_rd$\rf$src/tick_core.sv:455$38_DATA[7:0]$574 [0], Q = \msb_cfg).
Adding EN signal on $procdff$11531 ($adff) from module tick_core (D = \imem_wdata, Q = \imem[23]).
Adding EN signal on $procdff$10992 ($adff) from module tick_core (D = $11\main.a_k[1:0], Q = \a_kind).
Adding EN signal on $procdff$11856 ($dff) from module tick_core (D = { $mem2reg_rd$\imem$src/tick_core.sv:87$4_DATA [9:8] $6$mem2reg_rd$\rf$src/tick_core.sv:426$30_DATA[7:0]$544 }, Q = \rxfifo[6]).
Adding EN signal on $procdff$10997 ($adff) from module tick_core (D = $11\main.p_k[1:0], Q = \p_kind).
Adding EN signal on $procdff$11364 ($dff) from module tick_core (D = $3\main.post_mask[3:0], Q = \main.post_mask).
Adding EN signal on $procdff$11004 ($dff) from module tick_core (D = $11\main.a_oe_n[0:0], Q = \a_oe).
Adding EN signal on $procdff$11536 ($adff) from module tick_core (D = \imem_wdata, Q = \imem[24]).
Adding EN signal on $procdff$11011 ($dff) from module tick_core (D = $3\main.p_oe_n[0:0], Q = \p_oe).
Adding EN signal on $procdff$11018 ($dff) from module tick_core (D = $11\main.a_mask_n[3:0], Q = \a_mask).
Adding EN signal on $procdff$11371 ($dff) from module tick_core (D = $3\main.post_val[3:0], Q = \main.post_val).
Adding EN signal on $procdff$11863 ($dff) from module tick_core (D = { $mem2reg_rd$\imem$src/tick_core.sv:87$4_DATA [9:8] $6$mem2reg_rd$\rf$src/tick_core.sv:426$30_DATA[7:0]$544 }, Q = \rxfifo[7]).
Adding EN signal on $procdff$11025 ($dff) from module tick_core (D = $3\main.p_mask_n[3:0], Q = \p_mask).
Adding EN signal on $procdff$11641 ($adff) from module tick_core (D = \imem_wdata, Q = \imem[45]).
Adding EN signal on $procdff$11711 ($adff) from module tick_core (D = \imem_wdata, Q = \imem[59]).
Adding EN signal on $procdff$11032 ($dff) from module tick_core (D = $11\main.a_val_n[3:0], Q = \a_val).
Adding EN signal on $procdff$11378 ($dff) from module tick_core (D = $3\main.post_nm1[3:0], Q = \main.post_nm1).
Adding EN signal on $procdff$11039 ($dff) from module tick_core (D = $3\main.p_val_n[3:0], Q = \p_val).
Adding EN signal on $procdff$11541 ($adff) from module tick_core (D = \imem_wdata, Q = \imem[25]).
Adding EN signal on $procdff$11224 ($dff) from module tick_core (D = $3\main.p_oe_n[0:0], Q = \main.p_oe_n).
Adding EN signal on $procdff$11046 ($dff) from module tick_core (D = $11\main.a_mode_n[1:0], Q = \a_mode).
Adding EN signal on $procdff$11758 ($dff) from module tick_core (D = \host_wdata, Q = \txfifo[0]).
Adding EN signal on $procdff$11053 ($dff) from module tick_core (D = $3\main.p_mode_n[1:0], Q = \p_mode).
Adding EN signal on $procdff$11385 ($dff) from module tick_core (D = $3\main.post_mode[1:0], Q = \main.post_mode).
Adding EN signal on $procdff$11646 ($adff) from module tick_core (D = \imem_wdata, Q = \imem[46]).
Adding EN signal on $procdff$11060 ($dff) from module tick_core (D = $11\main.a_nm1_n[3:0], Q = \a_nm1).
Adding EN signal on $procdff$11546 ($adff) from module tick_core (D = \imem_wdata, Q = \imem[26]).
Adding EN signal on $procdff$11067 ($dff) from module tick_core (D = $3\main.p_nm1_n[3:0], Q = \p_nm1).
Adding EN signal on $procdff$11392 ($dff) from module tick_core (D = $3\main.post_data[7:0], Q = \main.post_data).
Adding EN signal on $procdff$11074 ($dff) from module tick_core (D = $11\main.a_data_n[7:0], Q = \a_data).
Adding EN signal on $procdff$11786 ($dff) from module tick_core (D = \host_wdata, Q = \txfifo[4]).
Adding EN signal on $procdff$11716 ($adff) from module tick_core (D = \imem_wdata, Q = \imem[60]).
Adding EN signal on $procdff$11736 ($adff) from module tick_core (D = $procmux$7568_Y, Q = \rf[0]).
Setting constant 0-bit at position 0 on $procdff$10868 ($dlatch) from module tick_core.
Setting constant 0-bit at position 1 on $procdff$10868 ($dlatch) from module tick_core.
Setting constant 1-bit at position 2 on $procdff$10868 ($dlatch) from module tick_core.
Setting constant 0-bit at position 3 on $procdff$10868 ($dlatch) from module tick_core.
Setting constant 0-bit at position 4 on $procdff$10868 ($dlatch) from module tick_core.
Setting constant 0-bit at position 5 on $procdff$10868 ($dlatch) from module tick_core.
Setting constant 0-bit at position 6 on $procdff$10868 ($dlatch) from module tick_core.
Setting constant 0-bit at position 7 on $procdff$10868 ($dlatch) from module tick_core.
Setting constant 0-bit at position 8 on $procdff$10868 ($dlatch) from module tick_core.
Setting constant 0-bit at position 9 on $procdff$10868 ($dlatch) from module tick_core.
Setting constant 0-bit at position 10 on $procdff$10868 ($dlatch) from module tick_core.
Setting constant 0-bit at position 11 on $procdff$10868 ($dlatch) from module tick_core.
Setting constant 0-bit at position 12 on $procdff$10868 ($dlatch) from module tick_core.
Setting constant 0-bit at position 13 on $procdff$10868 ($dlatch) from module tick_core.
Setting constant 0-bit at position 14 on $procdff$10868 ($dlatch) from module tick_core.
Setting constant 0-bit at position 15 on $procdff$10868 ($dlatch) from module tick_core.
Setting constant 0-bit at position 16 on $procdff$10868 ($dlatch) from module tick_core.
Setting constant 0-bit at position 17 on $procdff$10868 ($dlatch) from module tick_core.
Setting constant 0-bit at position 18 on $procdff$10868 ($dlatch) from module tick_core.
Setting constant 0-bit at position 19 on $procdff$10868 ($dlatch) from module tick_core.
Setting constant 0-bit at position 20 on $procdff$10868 ($dlatch) from module tick_core.
Setting constant 0-bit at position 21 on $procdff$10868 ($dlatch) from module tick_core.
Setting constant 0-bit at position 22 on $procdff$10868 ($dlatch) from module tick_core.
Setting constant 0-bit at position 23 on $procdff$10868 ($dlatch) from module tick_core.
Setting constant 0-bit at position 24 on $procdff$10868 ($dlatch) from module tick_core.
Setting constant 0-bit at position 25 on $procdff$10868 ($dlatch) from module tick_core.
Setting constant 0-bit at position 26 on $procdff$10868 ($dlatch) from module tick_core.
Setting constant 0-bit at position 27 on $procdff$10868 ($dlatch) from module tick_core.
Setting constant 0-bit at position 28 on $procdff$10868 ($dlatch) from module tick_core.
Setting constant 0-bit at position 29 on $procdff$10868 ($dlatch) from module tick_core.
Setting constant 0-bit at position 30 on $procdff$10868 ($dlatch) from module tick_core.
Setting constant 0-bit at position 31 on $procdff$10868 ($dlatch) from module tick_core.
Setting constant 1-bit at position 0 on $procdff$11873 ($adff) from module tick_core.
Setting constant 1-bit at position 1 on $procdff$11873 ($adff) from module tick_core.
Setting constant 1-bit at position 2 on $procdff$11873 ($adff) from module tick_core.
Setting constant 1-bit at position 3 on $procdff$11873 ($adff) from module tick_core.
Setting constant 1-bit at position 4 on $procdff$11873 ($adff) from module tick_core.
Setting constant 1-bit at position 5 on $procdff$11873 ($adff) from module tick_core.
Setting constant 1-bit at position 6 on $procdff$11873 ($adff) from module tick_core.
Setting constant 1-bit at position 7 on $procdff$11873 ($adff) from module tick_core.
Setting constant 1-bit at position 8 on $procdff$11873 ($adff) from module tick_core.
Setting constant 1-bit at position 9 on $procdff$11873 ($adff) from module tick_core.
Setting constant 1-bit at position 10 on $procdff$11873 ($adff) from module tick_core.
Setting constant 1-bit at position 11 on $procdff$11873 ($adff) from module tick_core.
Setting constant 1-bit at position 12 on $procdff$11873 ($adff) from module tick_core.
Setting constant 1-bit at position 13 on $procdff$11873 ($adff) from module tick_core.
Setting constant 1-bit at position 14 on $procdff$11873 ($adff) from module tick_core.
Setting constant 1-bit at position 15 on $procdff$11873 ($adff) from module tick_core.
Setting constant 1-bit at position 0 on $procdff$11868 ($adff) from module tick_core.
Setting constant 1-bit at position 1 on $procdff$11868 ($adff) from module tick_core.
Setting constant 1-bit at position 2 on $procdff$11868 ($adff) from module tick_core.
Setting constant 1-bit at position 3 on $procdff$11868 ($adff) from module tick_core.
Setting constant 1-bit at position 4 on $procdff$11868 ($adff) from module tick_core.
Setting constant 1-bit at position 5 on $procdff$11868 ($adff) from module tick_core.
Setting constant 1-bit at position 0 on $procdff$12078 ($adff) from module tick_core.
Setting constant 1-bit at position 1 on $procdff$12078 ($adff) from module tick_core.
Setting constant 1-bit at position 0 on $procdff$12068 ($adff) from module tick_core.
Setting constant 1-bit at position 1 on $procdff$12068 ($adff) from module tick_core.
Setting constant 1-bit at position 2 on $procdff$12068 ($adff) from module tick_core.
Setting constant 1-bit at position 0 on $procdff$12063 ($adff) from module tick_core.
Setting constant 1-bit at position 1 on $procdff$12063 ($adff) from module tick_core.
Setting constant 1-bit at position 2 on $procdff$12063 ($adff) from module tick_core.
Setting constant 1-bit at position 3 on $procdff$12063 ($adff) from module tick_core.
Setting constant 1-bit at position 4 on $procdff$12063 ($adff) from module tick_core.
Setting constant 1-bit at position 5 on $procdff$12063 ($adff) from module tick_core.
Setting constant 1-bit at position 6 on $procdff$12063 ($adff) from module tick_core.
Setting constant 1-bit at position 7 on $procdff$12063 ($adff) from module tick_core.
Setting constant 1-bit at position 0 on $procdff$11411 ($adff) from module tick_core.
Setting constant 1-bit at position 1 on $procdff$11411 ($adff) from module tick_core.
Setting constant 1-bit at position 2 on $procdff$11411 ($adff) from module tick_core.
Setting constant 1-bit at position 3 on $procdff$11411 ($adff) from module tick_core.
Setting constant 1-bit at position 0 on $procdff$12073 ($adff) from module tick_core.
Setting constant 1-bit at position 1 on $procdff$12073 ($adff) from module tick_core.
Setting constant 1-bit at position 2 on $procdff$12073 ($adff) from module tick_core.
Setting constant 1-bit at position 3 on $procdff$12073 ($adff) from module tick_core.
Setting constant 1-bit at position 4 on $procdff$12073 ($adff) from module tick_core.
Setting constant 1-bit at position 5 on $procdff$12073 ($adff) from module tick_core.
Setting constant 1-bit at position 6 on $procdff$12073 ($adff) from module tick_core.
Setting constant 1-bit at position 7 on $procdff$12073 ($adff) from module tick_core.
Setting constant 1-bit at position 8 on $procdff$12073 ($adff) from module tick_core.
Setting constant 1-bit at position 9 on $procdff$12073 ($adff) from module tick_core.

5.7. Executing OPT_CLEAN pass (remove unused cells and wires).
Finding unused cells or wires in module \tt_um_larsnitschke_tick..
Finding unused cells or wires in module \tick_core..
Removed 567 unused cells and 5980 unused wires.
<suppressed ~613 debug messages>

5.8. Executing OPT_EXPR pass (perform const folding).
Optimizing module tt_um_larsnitschke_tick.
Optimizing module tick_core.
<suppressed ~1 debug messages>

5.9. Rerunning OPT passes. (Maybe there is more to do..)

5.10. Executing OPT_MUXTREE pass (detect dead branches in mux trees).
Running muxtree optimizer on module \tt_um_larsnitschke_tick..
  Creating internal representation of mux trees.
  Evaluating internal representation of mux trees.
  Analyzing evaluation results.
Running muxtree optimizer on module \tick_core..
  Creating internal representation of mux trees.
  Evaluating internal representation of mux trees.
  Analyzing evaluation results.
Removed 0 multiplexer ports.
<suppressed ~3733 debug messages>

5.11. Executing OPT_REDUCE pass (consolidate $*mux and $reduce_* inputs).
  Optimizing cells in module \tt_um_larsnitschke_tick.
  Optimizing cells in module \tick_core.
Performed a total of 0 changes.

5.12. Executing OPT_MERGE pass (detect identical cells).
Finding identical cells in module `\tt_um_larsnitschke_tick'.
Computing hashes of 27 cells of `\tt_um_larsnitschke_tick'.
Finding duplicate cells in `\tt_um_larsnitschke_tick'.
Finding identical cells in module `\tick_core'.
Computing hashes of 1083 cells of `\tick_core'.
Finding duplicate cells in `\tick_core'.
Computing hashes of 1041 cells of `\tick_core'.
Finding duplicate cells in `\tick_core'.
<suppressed ~126 debug messages>
Removed a total of 42 cells.

5.13. Executing OPT_DFF pass (perform DFF optimizations).
Adding EN signal on $auto$ff.cc:337:slice$12733 ($dffe) from module tick_core (D = $4\main.post_mode[1:0], Q = \p_mode).
Adding EN signal on $auto$ff.cc:337:slice$12718 ($dffe) from module tick_core (D = $4\main.post_val[3:0], Q = \p_val).
Adding EN signal on $auto$ff.cc:337:slice$12748 ($dffe) from module tick_core (D = $4\main.post_nm1[3:0], Q = \p_nm1).
Adding EN signal on $auto$ff.cc:337:slice$12259 ($dffe) from module tick_core (D = $4\main.post_data[7:0], Q = \p_data).
Adding EN signal on $auto$ff.cc:337:slice$12703 ($dffe) from module tick_core (D = $4\main.post_mask[3:0], Q = \p_mask).
Adding EN signal on $auto$ff.cc:337:slice$12289 ($dffe) from module tick_core (D = \msb_cfg, Q = \p_msb).
Adding EN signal on $auto$ff.cc:337:slice$12687 ($dffe) from module tick_core (D = $4\main.post_oe[0:0], Q = \p_oe).

5.14. Executing OPT_CLEAN pass (remove unused cells and wires).
Finding unused cells or wires in module \tt_um_larsnitschke_tick..
Finding unused cells or wires in module \tick_core..
Removed 28 unused cells and 70 unused wires.
<suppressed ~29 debug messages>

5.15. Executing OPT_EXPR pass (perform const folding).
Optimizing module tt_um_larsnitschke_tick.
Optimizing module tick_core.

5.16. Rerunning OPT passes. (Maybe there is more to do..)

5.17. Executing OPT_MUXTREE pass (detect dead branches in mux trees).
Running muxtree optimizer on module \tt_um_larsnitschke_tick..
  Creating internal representation of mux trees.
  Evaluating internal representation of mux trees.
  Analyzing evaluation results.
Running muxtree optimizer on module \tick_core..
  Creating internal representation of mux trees.
  Evaluating internal representation of mux trees.
  Analyzing evaluation results.
Removed 0 multiplexer ports.
<suppressed ~3668 debug messages>

5.18. Executing OPT_REDUCE pass (consolidate $*mux and $reduce_* inputs).
  Optimizing cells in module \tt_um_larsnitschke_tick.
  Optimizing cells in module \tick_core.
    New input vector for $reduce_and cell $auto$opt_dff.cc:337:make_patterns_logic$12820: { $eq$src/tick_core.sv:467$579_Y $logic_and$src/tick_core.sv:464$577_Y \run \rst_n $auto$rtlil.cc:3267:Not$12816 $auto$rtlil.cc:3267:Not$12818 }
    New input vector for $reduce_and cell $auto$opt_dff.cc:337:make_patterns_logic$12813: { $logic_and$src/tick_core.sv:464$577_Y \run \rst_n $auto$rtlil.cc:3267:Not$12807 $auto$rtlil.cc:3267:Not$12809 $auto$rtlil.cc:3267:Not$12811 }
    New input vector for $reduce_and cell $auto$opt_dff.cc:337:make_patterns_logic$12804: { $eq$src/tick_core.sv:467$579_Y $logic_and$src/tick_core.sv:464$577_Y \run \rst_n $auto$rtlil.cc:3267:Not$12800 $auto$rtlil.cc:3267:Not$12802 }
    New input vector for $reduce_and cell $auto$opt_dff.cc:337:make_patterns_logic$12797: { $logic_and$src/tick_core.sv:464$577_Y \run \rst_n $auto$rtlil.cc:3267:Not$12791 $auto$rtlil.cc:3267:Not$12793 $auto$rtlil.cc:3267:Not$12795 }
    New input vector for $reduce_and cell $auto$opt_dff.cc:337:make_patterns_logic$12788: { $logic_and$src/tick_core.sv:464$577_Y \run \rst_n $auto$rtlil.cc:3267:Not$12782 $auto$rtlil.cc:3267:Not$12784 $auto$rtlil.cc:3267:Not$12786 }
    New input vector for $reduce_and cell $auto$opt_dff.cc:337:make_patterns_logic$12779: { $eq$src/tick_core.sv:467$579_Y $logic_and$src/tick_core.sv:464$577_Y \run \rst_n $auto$rtlil.cc:3267:Not$12775 $auto$rtlil.cc:3267:Not$12777 }
    New input vector for $reduce_and cell $auto$opt_dff.cc:337:make_patterns_logic$12772: { $logic_and$src/tick_core.sv:464$577_Y \run \rst_n $auto$rtlil.cc:3267:Not$12766 $auto$rtlil.cc:3267:Not$12768 $auto$rtlil.cc:3267:Not$12770 }
  Optimizing cells in module \tick_core.
Performed a total of 7 changes.

5.19. Executing OPT_MERGE pass (detect identical cells).
Finding identical cells in module `\tt_um_larsnitschke_tick'.
Computing hashes of 27 cells of `\tt_um_larsnitschke_tick'.
Finding duplicate cells in `\tt_um_larsnitschke_tick'.
Finding identical cells in module `\tick_core'.
Computing hashes of 1038 cells of `\tick_core'.
Finding duplicate cells in `\tick_core'.
Computing hashes of 1022 cells of `\tick_core'.
Finding duplicate cells in `\tick_core'.
Computing hashes of 1017 cells of `\tick_core'.
Finding duplicate cells in `\tick_core'.
<suppressed ~63 debug messages>
Removed a total of 21 cells.

5.20. Executing OPT_DFF pass (perform DFF optimizations).

5.21. Executing OPT_CLEAN pass (remove unused cells and wires).
Finding unused cells or wires in module \tt_um_larsnitschke_tick..
Finding unused cells or wires in module \tick_core..
Removed 0 unused cells and 21 unused wires.
<suppressed ~1 debug messages>

5.22. Executing OPT_EXPR pass (perform const folding).
Optimizing module tt_um_larsnitschke_tick.
Optimizing module tick_core.

5.23. Rerunning OPT passes. (Maybe there is more to do..)

5.24. Executing OPT_MUXTREE pass (detect dead branches in mux trees).
Running muxtree optimizer on module \tt_um_larsnitschke_tick..
  Creating internal representation of mux trees.
  Evaluating internal representation of mux trees.
  Analyzing evaluation results.
Running muxtree optimizer on module \tick_core..
  Creating internal representation of mux trees.
  Evaluating internal representation of mux trees.
  Analyzing evaluation results.
Removed 0 multiplexer ports.
<suppressed ~3668 debug messages>

5.25. Executing OPT_REDUCE pass (consolidate $*mux and $reduce_* inputs).
  Optimizing cells in module \tt_um_larsnitschke_tick.
  Optimizing cells in module \tick_core.
Performed a total of 0 changes.

5.26. Executing OPT_MERGE pass (detect identical cells).
Finding identical cells in module `\tt_um_larsnitschke_tick'.
Computing hashes of 27 cells of `\tt_um_larsnitschke_tick'.
Finding duplicate cells in `\tt_um_larsnitschke_tick'.
Finding identical cells in module `\tick_core'.
Computing hashes of 1017 cells of `\tick_core'.
Finding duplicate cells in `\tick_core'.
Removed a total of 0 cells.

5.27. Executing OPT_DFF pass (perform DFF optimizations).

5.28. Executing OPT_CLEAN pass (remove unused cells and wires).
Finding unused cells or wires in module \tt_um_larsnitschke_tick..
Finding unused cells or wires in module \tick_core..

5.29. Executing OPT_EXPR pass (perform const folding).
Optimizing module tt_um_larsnitschke_tick.
Optimizing module tick_core.

5.30. Finished fast OPT passes. (There is nothing left to do.)

6. Executing FSM pass (extract and optimize FSM).

6.1. Executing FSM_DETECT pass (finding FSMs in design).

6.2. Executing FSM_EXTRACT pass (extracting FSM from design).

6.3. Executing FSM_OPT pass (simple optimizations of FSMs).

6.4. Executing OPT_CLEAN pass (remove unused cells and wires).
Finding unused cells or wires in module \tt_um_larsnitschke_tick..
Finding unused cells or wires in module \tick_core..

6.5. Executing FSM_OPT pass (simple optimizations of FSMs).

6.6. Executing FSM_RECODE pass (re-assigning FSM state encoding).

6.7. Executing FSM_INFO pass (dumping all available information on FSM cells).

6.8. Executing FSM_MAP pass (mapping FSMs to basic logic).

7. Executing OPT pass (performing simple optimizations).

7.1. Executing OPT_EXPR pass (perform const folding).
Optimizing module tt_um_larsnitschke_tick.
Optimizing module tick_core.

7.2. Executing OPT_MERGE pass (detect identical cells).
Finding identical cells in module `\tt_um_larsnitschke_tick'.
Computing hashes of 27 cells of `\tt_um_larsnitschke_tick'.
Finding duplicate cells in `\tt_um_larsnitschke_tick'.
Finding identical cells in module `\tick_core'.
Computing hashes of 1017 cells of `\tick_core'.
Finding duplicate cells in `\tick_core'.
Removed a total of 0 cells.

7.3. Executing OPT_MUXTREE pass (detect dead branches in mux trees).
Running muxtree optimizer on module \tt_um_larsnitschke_tick..
  Creating internal representation of mux trees.
  Evaluating internal representation of mux trees.
  Analyzing evaluation results.
Running muxtree optimizer on module \tick_core..
  Creating internal representation of mux trees.
  Evaluating internal representation of mux trees.
  Analyzing evaluation results.
Removed 0 multiplexer ports.
<suppressed ~3668 debug messages>

7.4. Executing OPT_REDUCE pass (consolidate $*mux and $reduce_* inputs).
  Optimizing cells in module \tt_um_larsnitschke_tick.
  Optimizing cells in module \tick_core.
Performed a total of 0 changes.

7.5. Executing OPT_MERGE pass (detect identical cells).
Finding identical cells in module `\tt_um_larsnitschke_tick'.
Computing hashes of 27 cells of `\tt_um_larsnitschke_tick'.
Finding duplicate cells in `\tt_um_larsnitschke_tick'.
Finding identical cells in module `\tick_core'.
Computing hashes of 1017 cells of `\tick_core'.
Finding duplicate cells in `\tick_core'.
Removed a total of 0 cells.

7.6. Executing OPT_DFF pass (perform DFF optimizations).

7.7. Executing OPT_CLEAN pass (remove unused cells and wires).
Finding unused cells or wires in module \tt_um_larsnitschke_tick..
Finding unused cells or wires in module \tick_core..

7.8. Executing OPT_EXPR pass (perform const folding).
Optimizing module tt_um_larsnitschke_tick.
Optimizing module tick_core.

7.9. Finished fast OPT passes. (There is nothing left to do.)

8. Executing MEMORY pass.

8.1. Executing OPT_MEM pass (optimize memories).
Performed a total of 0 transformations.

8.2. Executing OPT_MEM_PRIORITY pass (removing unnecessary memory write priority relations).
Performed a total of 0 transformations.

8.3. Executing OPT_MEM_FEEDBACK pass (finding memory read-to-write feedback paths).

8.4. Executing MEMORY_BMUX2ROM pass (converting muxes to ROMs).

8.5. Executing MEMORY_DFF pass (merging $dff cells to $memrd).

8.6. Executing OPT_CLEAN pass (remove unused cells and wires).
Finding unused cells or wires in module \tt_um_larsnitschke_tick..
Finding unused cells or wires in module \tick_core..

8.7. Executing MEMORY_SHARE pass (consolidating $memrd/$memwr cells).

8.8. Executing OPT_MEM_WIDEN pass (optimize memories where all ports are wide).
Performed a total of 0 transformations.

8.9. Executing OPT_CLEAN pass (remove unused cells and wires).
Finding unused cells or wires in module \tt_um_larsnitschke_tick..
Finding unused cells or wires in module \tick_core..

8.10. Executing MEMORY_COLLECT pass (generating $mem cells).

8.11. Executing MEMORY_MAP pass (converting memories to logic and flip-flops).

9. Executing OPT pass (performing simple optimizations).

9.1. Executing OPT_EXPR pass (perform const folding).
Optimizing module tt_um_larsnitschke_tick.
Optimizing module tick_core.

9.2. Executing OPT_MERGE pass (detect identical cells).
Finding identical cells in module `\tt_um_larsnitschke_tick'.
Computing hashes of 27 cells of `\tt_um_larsnitschke_tick'.
Finding duplicate cells in `\tt_um_larsnitschke_tick'.
Finding identical cells in module `\tick_core'.
Computing hashes of 1017 cells of `\tick_core'.
Finding duplicate cells in `\tick_core'.
Removed a total of 0 cells.

9.3. Executing OPT_MUXTREE pass (detect dead branches in mux trees).
Running muxtree optimizer on module \tt_um_larsnitschke_tick..
  Creating internal representation of mux trees.
  Evaluating internal representation of mux trees.
  Analyzing evaluation results.
Running muxtree optimizer on module \tick_core..
  Creating internal representation of mux trees.
  Evaluating internal representation of mux trees.
  Analyzing evaluation results.
Removed 0 multiplexer ports.
<suppressed ~3668 debug messages>

9.4. Executing OPT_REDUCE pass (consolidate $*mux and $reduce_* inputs).
  Optimizing cells in module \tt_um_larsnitschke_tick.
  Optimizing cells in module \tick_core.
Performed a total of 0 changes.

9.5. Executing OPT_MERGE pass (detect identical cells).
Finding identical cells in module `\tt_um_larsnitschke_tick'.
Computing hashes of 27 cells of `\tt_um_larsnitschke_tick'.
Finding duplicate cells in `\tt_um_larsnitschke_tick'.
Finding identical cells in module `\tick_core'.
Computing hashes of 1017 cells of `\tick_core'.
Finding duplicate cells in `\tick_core'.
Removed a total of 0 cells.

9.6. Executing OPT_DFF pass (perform DFF optimizations).

9.7. Executing OPT_CLEAN pass (remove unused cells and wires).
Finding unused cells or wires in module \tt_um_larsnitschke_tick..
Finding unused cells or wires in module \tick_core..

9.8. Executing OPT_EXPR pass (perform const folding).
Optimizing module tt_um_larsnitschke_tick.
Optimizing module tick_core.

9.9. Finished fast OPT passes. (There is nothing left to do.)

10. Executing TECHMAP pass (map to technology primitives).

10.1. Executing Verilog-2005 frontend: /opt/homebrew/bin/../share/yosys/techmap.v
Parsing Verilog input from `/opt/homebrew/bin/../share/yosys/techmap.v' to AST representation.
Generating RTLIL representation for module `\_90_simplemap_bool_ops'.
Generating RTLIL representation for module `\_90_simplemap_reduce_ops'.
Generating RTLIL representation for module `\_90_simplemap_logic_ops'.
Generating RTLIL representation for module `\_90_simplemap_compare_ops'.
Generating RTLIL representation for module `\_90_simplemap_various'.
Generating RTLIL representation for module `\_90_simplemap_registers'.
Generating RTLIL representation for module `\_90_shift_ops_shr_shl_sshl_sshr'.
Generating RTLIL representation for module `\_90_shift_shiftx'.
Generating RTLIL representation for module `\_90_fa'.
Generating RTLIL representation for module `\_90_lcu_brent_kung'.
Generating RTLIL representation for module `\_90_alu'.
Generating RTLIL representation for module `\_90_macc'.
Generating RTLIL representation for module `\_90_alumacc'.
Generating RTLIL representation for module `$__div_mod_u'.
Generating RTLIL representation for module `$__div_mod_trunc'.
Generating RTLIL representation for module `\_90_div'.
Generating RTLIL representation for module `\_90_mod'.
Generating RTLIL representation for module `$__div_mod_floor'.
Generating RTLIL representation for module `\_90_divfloor'.
Generating RTLIL representation for module `\_90_modfloor'.
Generating RTLIL representation for module `\_90_pow'.
Generating RTLIL representation for module `\_90_demux'.
Generating RTLIL representation for module `\_90_lut'.
Generating RTLIL representation for module `$connect'.
Generating RTLIL representation for module `$input_port'.
Successfully finished Verilog frontend.

10.2. Continuing TECHMAP pass.
Using extmapper simplemap for cells of type $dffe.
Using extmapper simplemap for cells of type $reduce_and.
Using extmapper simplemap for cells of type $not.
Using extmapper simplemap for cells of type $adffe.
Using extmapper simplemap for cells of type $aldffe.
Using extmapper simplemap for cells of type $reduce_bool.
Using extmapper simplemap for cells of type $ne.
Using extmapper simplemap for cells of type $eq.
Using extmapper simplemap for cells of type $logic_not.
Using extmapper simplemap for cells of type $logic_and.
Running "alumacc" on wrapper $extern:wrap:$add:Y_WIDTH=3:B_WIDTH=3:A_WIDTH=3:B_SIGNED=0:A_SIGNED=0:394426c56d1a028ba8fdd5469b163e04011def47.
Using template $extern:wrap:$add:Y_WIDTH=3:B_WIDTH=3:A_WIDTH=3:B_SIGNED=0:A_SIGNED=0:394426c56d1a028ba8fdd5469b163e04011def47 for cells of type $extern:wrap:$add:Y_WIDTH=3:B_WIDTH=3:A_WIDTH=3:B_SIGNED=0:A_SIGNED=0:394426c56d1a028ba8fdd5469b163e04011def47.
Running "alumacc" on wrapper $extern:wrap:$sub:Y_WIDTH=16:B_WIDTH=16:A_WIDTH=16:B_SIGNED=0:A_SIGNED=0:394426c56d1a028ba8fdd5469b163e04011def47.
Using template $extern:wrap:$sub:Y_WIDTH=16:B_WIDTH=16:A_WIDTH=16:B_SIGNED=0:A_SIGNED=0:394426c56d1a028ba8fdd5469b163e04011def47 for cells of type $extern:wrap:$sub:Y_WIDTH=16:B_WIDTH=16:A_WIDTH=16:B_SIGNED=0:A_SIGNED=0:394426c56d1a028ba8fdd5469b163e04011def47.
Running "alumacc" on wrapper $extern:wrap:$ge:Y_WIDTH=1:B_WIDTH=20:A_WIDTH=20:B_SIGNED=0:A_SIGNED=0:394426c56d1a028ba8fdd5469b163e04011def47.
Using template $extern:wrap:$ge:Y_WIDTH=1:B_WIDTH=20:A_WIDTH=20:B_SIGNED=0:A_SIGNED=0:394426c56d1a028ba8fdd5469b163e04011def47 for cells of type $extern:wrap:$ge:Y_WIDTH=1:B_WIDTH=20:A_WIDTH=20:B_SIGNED=0:A_SIGNED=0:394426c56d1a028ba8fdd5469b163e04011def47.
Running "alumacc" on wrapper $extern:wrap:$sub:Y_WIDTH=20:B_WIDTH=20:A_WIDTH=20:B_SIGNED=0:A_SIGNED=0:394426c56d1a028ba8fdd5469b163e04011def47.
Using template $extern:wrap:$sub:Y_WIDTH=20:B_WIDTH=20:A_WIDTH=20:B_SIGNED=0:A_SIGNED=0:394426c56d1a028ba8fdd5469b163e04011def47 for cells of type $extern:wrap:$sub:Y_WIDTH=20:B_WIDTH=20:A_WIDTH=20:B_SIGNED=0:A_SIGNED=0:394426c56d1a028ba8fdd5469b163e04011def47.
Running "alumacc" on wrapper $extern:wrap:$add:Y_WIDTH=20:B_WIDTH=20:A_WIDTH=20:B_SIGNED=0:A_SIGNED=0:394426c56d1a028ba8fdd5469b163e04011def47.
Using template $extern:wrap:$add:Y_WIDTH=20:B_WIDTH=20:A_WIDTH=20:B_SIGNED=0:A_SIGNED=0:394426c56d1a028ba8fdd5469b163e04011def47 for cells of type $extern:wrap:$add:Y_WIDTH=20:B_WIDTH=20:A_WIDTH=20:B_SIGNED=0:A_SIGNED=0:394426c56d1a028ba8fdd5469b163e04011def47.
Using extmapper simplemap for cells of type $logic_or.
Running "alumacc" on wrapper $extern:wrap:$add:Y_WIDTH=4:B_WIDTH=4:A_WIDTH=4:B_SIGNED=0:A_SIGNED=0:394426c56d1a028ba8fdd5469b163e04011def47.
Using template $extern:wrap:$add:Y_WIDTH=4:B_WIDTH=4:A_WIDTH=4:B_SIGNED=0:A_SIGNED=0:394426c56d1a028ba8fdd5469b163e04011def47 for cells of type $extern:wrap:$add:Y_WIDTH=4:B_WIDTH=4:A_WIDTH=4:B_SIGNED=0:A_SIGNED=0:394426c56d1a028ba8fdd5469b163e04011def47.
Running "alumacc" on wrapper $extern:wrap:$sub:Y_WIDTH=4:B_WIDTH=4:A_WIDTH=4:B_SIGNED=0:A_SIGNED=0:394426c56d1a028ba8fdd5469b163e04011def47.
Using template $extern:wrap:$sub:Y_WIDTH=4:B_WIDTH=4:A_WIDTH=4:B_SIGNED=0:A_SIGNED=0:394426c56d1a028ba8fdd5469b163e04011def47 for cells of type $extern:wrap:$sub:Y_WIDTH=4:B_WIDTH=4:A_WIDTH=4:B_SIGNED=0:A_SIGNED=0:394426c56d1a028ba8fdd5469b163e04011def47.
Using extmapper simplemap for cells of type $mux.
Using template $paramod$constmap:8876c1e1fa289f4793438d4e34d232728e6a9746$paramod$92adee9538f2381d8e5006822c900eb986d754e8\_90_shift_shiftx for cells of type $shiftx.
Using template $paramod$constmap:755132e1e0176e7e858cd1a27f41b0eb234485b9$paramod$21c03ec725157176e885a706babcf9521550823c\_90_shift_shiftx for cells of type $shift.
Using extmapper simplemap for cells of type $and.
Running "alumacc" on wrapper $extern:wrap:$neg:Y_WIDTH=5:A_WIDTH=5:A_SIGNED=1:394426c56d1a028ba8fdd5469b163e04011def47.
Using template $extern:wrap:$neg:Y_WIDTH=5:A_WIDTH=5:A_SIGNED=1:394426c56d1a028ba8fdd5469b163e04011def47 for cells of type $extern:wrap:$neg:Y_WIDTH=5:A_WIDTH=5:A_SIGNED=1:394426c56d1a028ba8fdd5469b163e04011def47.
Analyzing pattern of constant bits for this cell:
Creating constmapped module `$paramod$constmap:92029899d49d8a97ffcae5fe099b2ee8607bded9$paramod$21c03ec725157176e885a706babcf9521550823c\_90_shift_shiftx'.

10.29. Executing OPT_MUXTREE pass (detect dead branches in mux trees).
Running muxtree optimizer on module $paramod$constmap:92029899d49d8a97ffcae5fe099b2ee8607bded9$paramod$21c03ec725157176e885a706babcf9521550823c\_90_shift_shiftx..
  Creating internal representation of mux trees.
  Evaluating internal representation of mux trees.
  Analyzing evaluation results.
    dead port 2/2 on $mux $procmux$14900.
    dead port 2/2 on $mux $procmux$14906.
    dead port 2/2 on $mux $procmux$14912.
    dead port 2/2 on $mux $procmux$14918.
Removed 4 multiplexer ports.
<suppressed ~892 debug messages>

10.30. Executing OPT_EXPR pass (perform const folding).
Optimizing module $paramod$constmap:92029899d49d8a97ffcae5fe099b2ee8607bded9$paramod$21c03ec725157176e885a706babcf9521550823c\_90_shift_shiftx.
<suppressed ~2 debug messages>
Removed 0 unused cells and 10 unused wires.
Using template $paramod$constmap:92029899d49d8a97ffcae5fe099b2ee8607bded9$paramod$21c03ec725157176e885a706babcf9521550823c\_90_shift_shiftx for cells of type $shift.
Using extmapper simplemap for cells of type $or.
Running "alumacc" on wrapper $extern:wrap:$add:Y_WIDTH=6:B_WIDTH=6:A_WIDTH=6:B_SIGNED=0:A_SIGNED=0:394426c56d1a028ba8fdd5469b163e04011def47.
Using template $extern:wrap:$add:Y_WIDTH=6:B_WIDTH=6:A_WIDTH=6:B_SIGNED=0:A_SIGNED=0:394426c56d1a028ba8fdd5469b163e04011def47 for cells of type $extern:wrap:$add:Y_WIDTH=6:B_WIDTH=6:A_WIDTH=6:B_SIGNED=0:A_SIGNED=0:394426c56d1a028ba8fdd5469b163e04011def47.
Running "alumacc" on wrapper $extern:wrap:$add:Y_WIDTH=9:B_WIDTH=9:A_WIDTH=9:B_SIGNED=0:A_SIGNED=0:394426c56d1a028ba8fdd5469b163e04011def47.
Using template $extern:wrap:$add:Y_WIDTH=9:B_WIDTH=9:A_WIDTH=9:B_SIGNED=0:A_SIGNED=0:394426c56d1a028ba8fdd5469b163e04011def47 for cells of type $extern:wrap:$add:Y_WIDTH=9:B_WIDTH=9:A_WIDTH=9:B_SIGNED=0:A_SIGNED=0:394426c56d1a028ba8fdd5469b163e04011def47.
Using extmapper simplemap for cells of type $pmux.
Using extmapper simplemap for cells of type $adff.
Using template $paramod$78e969f2586efcf3a5b0b0440bcca0db83d5cca2\_90_alu for cells of type $alu.
Using template $paramod$d2fa05d38998afabc6d4f34471305d0af4b8b2df\_90_alu for cells of type $alu.
Using template $paramod$00298f3f8094950cb9a5ff2fda48d0d8bde8806c\_90_alu for cells of type $alu.
Using template $paramod$740b056ede97228d3eae64ea2fdc81f0a33e0fe7\_90_alu for cells of type $alu.
Using template $paramod$3e96e356bb68fcbd4f9c12f6d97ec8513d1af8c6\_90_alu for cells of type $alu.
Using template $paramod$6fc37af1c109ae54e8aed83fcd995c12d378ce93\_90_alu for cells of type $alu.
Using extmapper simplemap for cells of type $reduce_or.
Using template $paramod$6df0329addda9228fcc2546de2aaf14ad26c98e1\_90_alu for cells of type $alu.
Using extmapper simplemap for cells of type $pos.
Using template $paramod\_90_fa\WIDTH=32'00000000000000000000000000000011 for cells of type $fa.
Using template $paramod\_90_lcu_brent_kung\WIDTH=32'00000000000000000000000000000011 for cells of type $lcu.
Using extmapper simplemap for cells of type $xor.
Using template $paramod\_90_fa\WIDTH=32'00000000000000000000000000010000 for cells of type $fa.
Using template $paramod\_90_lcu_brent_kung\WIDTH=32'00000000000000000000000000010000 for cells of type $lcu.
Using template $paramod\_90_fa\WIDTH=32'00000000000000000000000000010100 for cells of type $fa.
Using template $paramod\_90_lcu_brent_kung\WIDTH=32'00000000000000000000000000010100 for cells of type $lcu.
Using template $paramod\_90_fa\WIDTH=32'00000000000000000000000000000100 for cells of type $fa.
Using template $paramod\_90_lcu_brent_kung\WIDTH=32'00000000000000000000000000000100 for cells of type $lcu.
Using template $paramod\_90_fa\WIDTH=32'00000000000000000000000000000101 for cells of type $fa.
Using template $paramod\_90_lcu_brent_kung\WIDTH=32'00000000000000000000000000000101 for cells of type $lcu.
Using template $paramod\_90_fa\WIDTH=32'00000000000000000000000000000110 for cells of type $fa.
Using template $paramod\_90_lcu_brent_kung\WIDTH=32'00000000000000000000000000000110 for cells of type $lcu.
Using template $paramod\_90_fa\WIDTH=32'00000000000000000000000000001001 for cells of type $fa.
Using template $paramod\_90_lcu_brent_kung\WIDTH=32'00000000000000000000000000001001 for cells of type $lcu.
No more expansions possible.
<suppressed ~2470 debug messages>

11. Executing OPT pass (performing simple optimizations).

11.1. Executing OPT_EXPR pass (perform const folding).
Optimizing module tt_um_larsnitschke_tick.
<suppressed ~27 debug messages>
Optimizing module tick_core.
<suppressed ~3323 debug messages>

11.2. Executing OPT_MERGE pass (detect identical cells).
Finding identical cells in module `\tt_um_larsnitschke_tick'.
Computing hashes of 82 cells of `\tt_um_larsnitschke_tick'.
Finding duplicate cells in `\tt_um_larsnitschke_tick'.
Computing hashes of 72 cells of `\tt_um_larsnitschke_tick'.
Finding duplicate cells in `\tt_um_larsnitschke_tick'.
Computing hashes of 68 cells of `\tt_um_larsnitschke_tick'.
Finding duplicate cells in `\tt_um_larsnitschke_tick'.
<suppressed ~42 debug messages>
Finding identical cells in module `\tick_core'.
Computing hashes of 10177 cells of `\tick_core'.
Finding duplicate cells in `\tick_core'.
Computing hashes of 9490 cells of `\tick_core'.
Finding duplicate cells in `\tick_core'.
Computing hashes of 9105 cells of `\tick_core'.
Finding duplicate cells in `\tick_core'.
Computing hashes of 8986 cells of `\tick_core'.
Finding duplicate cells in `\tick_core'.
Computing hashes of 8970 cells of `\tick_core'.
Finding duplicate cells in `\tick_core'.
Computing hashes of 8964 cells of `\tick_core'.
Finding duplicate cells in `\tick_core'.
Computing hashes of 8957 cells of `\tick_core'.
Finding duplicate cells in `\tick_core'.
Computing hashes of 8954 cells of `\tick_core'.
Finding duplicate cells in `\tick_core'.
Computing hashes of 8948 cells of `\tick_core'.
Finding duplicate cells in `\tick_core'.
Computing hashes of 8945 cells of `\tick_core'.
Finding duplicate cells in `\tick_core'.
Computing hashes of 8937 cells of `\tick_core'.
Finding duplicate cells in `\tick_core'.
Computing hashes of 8932 cells of `\tick_core'.
Finding duplicate cells in `\tick_core'.
Computing hashes of 8921 cells of `\tick_core'.
Finding duplicate cells in `\tick_core'.
Computing hashes of 8915 cells of `\tick_core'.
Finding duplicate cells in `\tick_core'.
Computing hashes of 8908 cells of `\tick_core'.
Finding duplicate cells in `\tick_core'.
Computing hashes of 8906 cells of `\tick_core'.
Finding duplicate cells in `\tick_core'.
Computing hashes of 8904 cells of `\tick_core'.
Finding duplicate cells in `\tick_core'.
<suppressed ~3819 debug messages>
Removed a total of 1287 cells.

11.3. Executing OPT_MUXTREE pass (detect dead branches in mux trees).
Running muxtree optimizer on module \tt_um_larsnitschke_tick..
  Creating internal representation of mux trees.
  No muxes found in this module.
Running muxtree optimizer on module \tick_core..
  Creating internal representation of mux trees.
  No muxes found in this module.
Removed 0 multiplexer ports.

11.4. Executing OPT_REDUCE pass (consolidate $*mux and $reduce_* inputs).
  Optimizing cells in module \tt_um_larsnitschke_tick.
  Optimizing cells in module \tick_core.
Performed a total of 0 changes.

11.5. Executing OPT_MERGE pass (detect identical cells).
Finding identical cells in module `\tt_um_larsnitschke_tick'.
Computing hashes of 68 cells of `\tt_um_larsnitschke_tick'.
Finding duplicate cells in `\tt_um_larsnitschke_tick'.
Finding identical cells in module `\tick_core'.
Computing hashes of 8904 cells of `\tick_core'.
Finding duplicate cells in `\tick_core'.
Removed a total of 0 cells.

11.6. Executing OPT_DFF pass (perform DFF optimizations).

11.7. Executing OPT_CLEAN pass (remove unused cells and wires).
Finding unused cells or wires in module \tt_um_larsnitschke_tick..
Finding unused cells or wires in module \tick_core..
Removed 447 unused cells and 2253 unused wires.
<suppressed ~449 debug messages>

11.8. Executing OPT_EXPR pass (perform const folding).
Optimizing module tt_um_larsnitschke_tick.
Optimizing module tick_core.

11.9. Rerunning OPT passes. (Maybe there is more to do..)

11.10. Executing OPT_MUXTREE pass (detect dead branches in mux trees).
Running muxtree optimizer on module \tt_um_larsnitschke_tick..
  Creating internal representation of mux trees.
  No muxes found in this module.
Running muxtree optimizer on module \tick_core..
  Creating internal representation of mux trees.
  No muxes found in this module.
Removed 0 multiplexer ports.

11.11. Executing OPT_REDUCE pass (consolidate $*mux and $reduce_* inputs).
  Optimizing cells in module \tt_um_larsnitschke_tick.
  Optimizing cells in module \tick_core.
Performed a total of 0 changes.

11.12. Executing OPT_MERGE pass (detect identical cells).
Finding identical cells in module `\tt_um_larsnitschke_tick'.
Computing hashes of 68 cells of `\tt_um_larsnitschke_tick'.
Finding duplicate cells in `\tt_um_larsnitschke_tick'.
Finding identical cells in module `\tick_core'.
Computing hashes of 8457 cells of `\tick_core'.
Finding duplicate cells in `\tick_core'.
Removed a total of 0 cells.

11.13. Executing OPT_DFF pass (perform DFF optimizations).

11.14. Executing OPT_CLEAN pass (remove unused cells and wires).
Finding unused cells or wires in module \tt_um_larsnitschke_tick..
Finding unused cells or wires in module \tick_core..

11.15. Executing OPT_EXPR pass (perform const folding).
Optimizing module tt_um_larsnitschke_tick.
Optimizing module tick_core.

11.16. Finished fast OPT passes. (There is nothing left to do.)

12. Executing ABC pass (technology mapping using ABC).

12.1. Extracting gate netlist of module `\tt_um_larsnitschke_tick' to `<abc-temp-dir>/input.blif'..

12.1.1. Executed ABC.
Extracted 33 gates and 44 wires to a netlist network with 10 inputs and 10 outputs.
Running ABC script: <abc-temp-dir>/abc.script
ABC: ======== ABC command line "source <abc-temp-dir>/abc.script"
ABC: + read_blif <abc-temp-dir>/input.blif 
ABC: + read_library <abc-temp-dir>/stdcells.genlib 
ABC: + strash 
ABC: + &get -n 
ABC: + &fraig -x 
ABC: + &put 
ABC: + scorr 
ABC: Warning: The network is combinational (run "fraig" or "fraig_sweep").
ABC: + dc2 
ABC: + dretime 
ABC: + strash 
ABC: + &get -n 
ABC: + &dch -f 
ABC: + &nf 
ABC: + &put 
ABC: + write_blif <abc-temp-dir>/output.blif 

12.1.2. Re-integrating ABC results.
ABC RESULTS:               AND cells:        9
ABC RESULTS:            ANDNOT cells:        7
ABC RESULTS:               NOR cells:        1
ABC RESULTS:        internal signals:       24
ABC RESULTS:           input signals:       10
ABC RESULTS:          output signals:       10
Removing temp directory.

12.2. Extracting gate netlist of module `\tick_core' to `<abc-temp-dir>/input.blif'..
Replacing 305 occurrences of constant undef bits with constant zero bits

12.2.1. Executed ABC.
Extracted 7072 gates and 8461 wires to a netlist network with 1386 inputs and 285 outputs.
Running ABC script: <abc-temp-dir>/abc.script
ABC: ======== ABC command line "source <abc-temp-dir>/abc.script"
ABC: + read_blif <abc-temp-dir>/input.blif 
ABC: + read_library <abc-temp-dir>/stdcells.genlib 
ABC: + strash 
ABC: + &get -n 
ABC: + &fraig -x 
ABC: + &put 
ABC: + scorr 
ABC: Warning: The network is combinational (run "fraig" or "fraig_sweep").
ABC: + dc2 
ABC: + dretime 
ABC: + strash 
ABC: + &get -n 
ABC: + &dch -f 
ABC: + &nf 
ABC: + &put 
ABC: + write_blif <abc-temp-dir>/output.blif 

12.2.2. Re-integrating ABC results.
ABC RESULTS:               AND cells:     1905
ABC RESULTS:            ANDNOT cells:      158
ABC RESULTS:               MUX cells:      339
ABC RESULTS:              NAND cells:     2179
ABC RESULTS:               NOR cells:       81
ABC RESULTS:               NOT cells:       35
ABC RESULTS:                OR cells:      141
ABC RESULTS:             ORNOT cells:      100
ABC RESULTS:              XNOR cells:       51
ABC RESULTS:               XOR cells:       48
ABC RESULTS:        internal signals:     6790
ABC RESULTS:           input signals:     1386
ABC RESULTS:          output signals:      285
Removing temp directory.
Removing global temp directory.

13. Executing OPT_CLEAN pass (remove unused cells and wires).
Finding unused cells or wires in module \tt_um_larsnitschke_tick..
Finding unused cells or wires in module \tick_core..
Removed 7 unused cells and 5038 unused wires.
<suppressed ~12 debug messages>

14. Printing statistics.

=== tt_um_larsnitschke_tick ===

        +----------Local Count, excluding submodules.
        | 
       41 wires
      119 wire bits
       29 public wires
      107 public wire bits
        8 ports
       43 port bits
       51 cells
        7   $_ANDNOT_
        9   $_AND_
       32   $_DFFE_PN0P_
        2   $_DFF_PN0_
        1   $_NOR_
        1 submodules
        1   tick_core

=== tick_core ===

        +----------Local Count, excluding submodules.
        | 
     5125 wires
     6629 wire bits
      156 public wires
     1573 public wire bits
       25 ports
      104 port bits
     6415 cells
       37   $_ALDFFE_PNP_
      158   $_ANDNOT_
     1902   $_AND_
     1134   $_DFFE_PN0P_
        1   $_DFFE_PN1P_
      197   $_DFFE_PP_
       12   $_DFF_PN0_
      339   $_MUX_
     2179   $_NAND_
       81   $_NOR_
       35   $_NOT_
      100   $_ORNOT_
      141   $_OR_
       51   $_XNOR_
       48   $_XOR_

=== design hierarchy ===

        +----------Count including submodules.
        | 
     6466 tt_um_larsnitschke_tick
     6415 tick_core

        +----------Count including submodules.
        | 
     5166 wires
     6748 wire bits
      185 public wires
     1680 public wire bits
       33 ports
      147 port bits
        - memories
        - memory bits
        - processes
     6466 cells
       37   $_ALDFFE_PNP_
      165   $_ANDNOT_
     1911   $_AND_
     1166   $_DFFE_PN0P_
        1   $_DFFE_PN1P_
      197   $_DFFE_PP_
       14   $_DFF_PN0_
      339   $_MUX_
     2179   $_NAND_
       82   $_NOR_
       35   $_NOT_
      100   $_ORNOT_
      141   $_OR_
       51   $_XNOR_
       48   $_XOR_
        1 submodules
        1   tick_core

Warnings: 7 unique messages, 7 total
End of script. Logfile hash: fdccaa81ec, time: 1.24s, user: 0.65s, system: 0.02s, MEM: 66.64 MB peak
Yosys 0.68+post (git sha1 c12172fbae8af5e20f6fb52e3d4e92d56ed587b6, Release, AppleClang clang++ 21.0.0.21000101)
Time spent: 51% 1x abc (0 sec), 10% 10x proc_mux (0 sec), ...
